Team,Name,Position,Age,OVR,Dev Trait,Trade Value,Years Pro,College,Height,Weight,Salary/yr,Bonus,Cap Hit,Years Left,Injury (wks out),Speed,Acceleration,Agility,Strength,Awareness,Throw Power,Throw Acc (Short),Throw Acc (Mid),Throw Acc (Deep),Catching,Spec Catch,Release,Route Run (Short),Route Run (Med),Route Run (Deep),Carrying,Break Tackle,Juke Move,Truck,Run Block,Run Block Power,Pass Block,Pass Block Power,Impact Block,Power Moves,Finesse Moves,Block Shed,Pursuit,Tackle,Hit Power,Play Rec,Man Coverage,Zone Coverage,Press,Kick Power,Kick Accuracy
Baltimore Ravens,Derrick Henry,HB,21,99,X-Factor,1935,10,Alabama,"6'3""",247,13550000,21480000,5580000,2,0,93,87,83,87,99,42,40,29,23,66,55,47,56,49,41,99,94,85,93,42,35,66,43,47,11,12,36,41,44,33,20,14,19,16,21,20
Baltimore Ravens,Lamar Jackson,QB,21,98,X-Factor,3538,8,Louisville,"6'2""",205,217060000,275800000,34390000,9,0,95,94,93,63,95,93,95,97,85,64,15,17,20,15,13,70,82,91,39,14,14,13,13,29,12,10,16,38,35,27,10,12,12,10,12,19
Baltimore Ravens,Roquan Smith,MIKE,29,93,X-Factor,1147,8,Georgia,"6'1""",232,40620000,59350000,32710000,2,0,86,88,87,80,91,25,10,8,6,72,39,22,13,12,11,54,36,47,39,45,45,45,45,87,68,60,79,97,96,88,92,71,77,56,14,22
Baltimore Ravens,Kyle Hamilton,SS,25,93,Superstar,1137,4,Notre Dame,"6'4""",221,79300000,44870000,10680000,5,0,90,91,88,72,92,36,28,24,20,78,72,44,37,34,32,68,57,73,55,35,35,35,35,67,52,68,71,89,80,88,95,87,84,88,22,21
Baltimore Ravens,Nnamdi Madubuike,DT,28,91,Superstar,977,6,Texas A&M,"6'3""",305,68540000,68730000,29870000,6,0,80,82,74,92,86,16,6,6,6,44,28,15,15,7,3,30,10,25,34,45,45,45,45,85,76,87,90,90,97,85,86,22,26,20,15,12
Baltimore Ravens,Trey Hendrickson,REDG,31,90,Superstar,1191,9,FAU,"6'4""",265,72000000,40000000,15000000,4,0,83,86,83,83,91,23,6,6,6,44,27,16,17,10,6,41,28,39,43,45,45,45,44,83,85,94,78,94,87,84,90,36,41,37,17,17
Baltimore Ravens,Mark Andrews,TE,30,90,Superstar,1052,8,Oklahoma,"6'5""",247,25700000,30440000,6970000,3,0,87,89,78,81,93,25,15,10,5,91,90,78,81,77,73,73,73,80,73,68,63,54,50,67,10,10,28,32,27,25,15,12,15,10,12,10
Baltimore Ravens,Zay Flowers,WR,25,88,Star,1180,3,Boston College,"5'9""",182,33250000,8050000,4460000,2,0,93,92,93,55,90,51,39,35,30,88,85,79,86,89,85,71,80,94,38,47,25,28,13,44,15,20,34,40,36,30,27,27,37,27,20,15
Baltimore Ravens,Ronnie Stanley,LT,32,86,Superstar,962,10,Notre Dame,"6'6""",315,18050000,46000000,9850000,2,0,70,66,68,92,97,22,6,6,6,24,20,22,19,9,6,32,8,22,27,86,88,87,85,89,18,14,27,29,31,42,18,11,13,9,20,17
Baltimore Ravens,Marlon Humphrey,CB,30,85,Star,624,9,Alabama,"6'0""",205,38220000,7220000,26270000,2,0,91,92,85,74,88,22,6,6,6,78,68,15,15,11,10,62,56,76,29,35,35,35,35,62,37,51,61,79,70,77,89,81,84,96,30,25
Baltimore Ravens,Chidobe Awuzie,CB,31,83,Star,631,9,Colorado,"6'0""",202,1500000,3500000,5000000,1,0,89,92,86,69,86,32,6,6,6,72,71,27,34,23,16,68,54,78,32,35,35,35,35,47,36,51,54,77,66,79,86,83,85,78,26,22
Baltimore Ravens,Nate Wiggins,CB,23,82,Star,964,2,Clemson,"6'2""",182,6660000,6130000,3490000,2,0,96,95,92,49,77,33,27,23,21,73,70,37,47,45,42,58,71,77,21,28,21,21,11,32,25,29,43,72,67,54,75,83,76,69,15,16
Baltimore Ravens,Tyler Loop,K,25,80,Normal,410,1,Arizona,"5'11""",191,4190000,240000,1060000,3,0,74,75,67,40,66,25,30,28,20,30,13,12,14,12,10,34,12,18,12,10,10,12,11,12,10,10,10,24,20,13,14,10,11,10,97,89
Baltimore Ravens,Olaivavega Ioane,RG,22,80,Star,566,0,Penn State,"6'4""",320,4370000,19840000,4400000,4,0,62,70,66,89,80,15,6,6,6,28,24,13,14,5,5,25,10,10,24,84,84,83,80,89,44,42,35,34,44,37,24,12,14,10,24,26
Baltimore Ravens,John Simpson,LG,29,80,Normal,383,6,Clemson,"6'4""",330,19500000,180000,10580000,1,0,69,66,50,92,86,14,6,6,6,32,15,15,20,10,6,42,12,10,25,82,84,78,80,86,27,10,27,27,31,38,17,12,12,10,35,22
Baltimore Ravens,Travis Jones,DT,26,80,Star,577,4,Connecticut,"6'4""",341,27600000,16530000,5550000,3,0,74,71,70,95,76,20,6,6,6,26,14,14,10,6,5,25,19,18,33,45,45,45,45,87,77,64,82,82,87,83,73,15,19,16,15,14
Baltimore Ravens,Roger Rosengarten,RT,24,79,Normal,545,2,Washington,"6'6""",316,4920000,1490000,1750000,2,0,75,77,69,82,83,17,9,6,5,12,14,12,10,10,8,32,25,33,25,80,81,83,79,85,10,10,28,33,28,29,22,15,10,10,16,11
Baltimore Ravens,Malaki Starks,FS,22,79,Normal,527,1,Georgia,"6'1""",203,7870000,8680000,3760000,3,0,90,91,90,63,78,40,33,29,26,72,62,29,32,25,21,62,60,72,49,35,35,35,35,56,36,37,58,82,76,79,74,73,78,72,21,18
Baltimore Ravens,Zion Young,LEDG,22,78,Superstar,1012,0,Missouri,"6'6""",267,6570000,4560000,2020000,4,0,81,78,75,88,72,18,20,18,10,33,31,17,17,15,10,49,39,31,38,45,45,45,45,86,76,69,85,83,86,84,76,18,24,31,27,20
Baltimore Ravens,Jaylinn Hawkins,FS,29,78,Normal,389,6,California,"6'1""",208,6050000,3950000,3150000,2,0,87,87,82,63,81,27,6,6,6,74,72,32,40,37,30,55,45,66,48,30,35,30,35,62,50,44,61,79,73,87,79,71,80,68,28,24
Baltimore Ravens,Rashod Bateman,WR,26,78,Normal,506,5,Minnesota,"6'1""",197,31750000,17670000,6180000,4,0,90,91,88,60,76,28,15,10,10,84,87,83,79,79,81,74,77,80,48,44,27,36,21,46,10,10,29,34,29,25,17,12,16,17,22,20
Baltimore Ravens,Trenton Simpson,WILL,25,78,Normal,448,3,Clemson,"6'2""",234,10930000,10490000,3900000,4,0,91,95,81,77,76,35,36,31,27,47,51,23,25,21,15,64,56,72,55,45,45,35,35,70,59,69,75,84,83,90,75,62,69,64,16,14
Baltimore Ravens,Justice Hill,HB,28,77,Normal,362,7,Oklahoma State,"5'10""",200,6330000,7250000,3810000,3,0,90,90,87,67,80,24,20,17,13,77,53,54,68,60,52,88,75,84,66,30,14,51,32,39,10,10,21,28,25,15,16,12,15,12,14,10
Baltimore Ravens,Mike Green,REDG,23,76,Star,757,1,Marshall,"6'3""",251,5370000,2010000,1670000,3,0,88,92,88,79,66,16,6,8,6,37,25,12,15,8,7,42,27,35,26,45,45,45,45,77,71,77,75,79,81,75,67,28,39,25,24,24
Baltimore Ravens,Teddye Buchanan,WILL,23,75,Normal,484,1,California,"6'2""",240,4130000,890000,1220000,3,0,86,89,82,78,73,28,29,26,23,61,54,26,28,25,22,65,37,49,40,40,40,40,40,76,54,60,69,84,86,81,71,61,67,44,23,18
Baltimore Ravens,Ryan Eckley,P,22,74,Normal,280,0,Michigan State,"6'1""",207,4370000,240000,940000,4,0,75,82,64,47,61,29,16,21,26,28,28,16,11,12,14,55,28,21,10,20,17,14,17,19,10,10,23,32,29,26,23,10,12,10,92,83
Baltimore Ravens,Tavius Robinson,LEDG,27,74,Normal,439,3,Ole Miss,"6'6""",258,6360000,730000,3850000,1,0,84,91,71,79,74,20,6,6,6,35,35,12,20,15,10,36,31,50,32,45,45,45,45,81,75,60,73,80,85,82,73,31,38,32,13,14
Baltimore Ravens,Ja'Kobi Lane,WR,22,73,Star,626,0,USC,"6'4""",200,5440000,1560000,1270000,4,0,90,91,86,62,78,35,27,23,19,79,86,72,74,74,77,74,71,74,51,46,28,30,28,41,18,20,24,23,27,25,24,18,20,22,27,24
Baltimore Ravens,Adisa Isaac,LEDG,24,73,Normal,517,2,Penn State,"6'4""",254,4700000,930000,1530000,2,0,81,86,77,72,73,19,6,6,6,25,22,12,10,7,5,24,13,41,26,49,45,49,48,78,73,77,72,81,80,74,71,42,49,42,22,21
Baltimore Ravens,Elijah Sarratt,WR,23,73,Star,654,0,Indiana,"6'2""",207,4370000,1160000,1170000,4,0,89,91,83,62,69,33,30,26,20,84,83,76,74,78,77,75,76,78,56,52,31,34,32,48,14,18,25,26,23,27,25,20,23,27,32,28
Baltimore Ravens,Foster Moreau,TE,29,73,Normal,353,7,LSU,"6'4""",250,1910000,0,1910000,1,0,83,84,80,76,72,25,20,15,10,86,80,66,67,61,57,75,63,59,71,62,62,62,59,68,10,10,37,42,33,31,15,12,15,15,17,13
Baltimore Ravens,Ethan Pocic,C,31,72,Normal,338,9,LSU,"6'6""",320,1080000,0,1080000,1,0,70,63,55,88,74,24,6,6,6,34,17,16,23,13,7,28,7,20,34,80,77,75,75,83,10,10,33,27,36,40,32,12,12,10,12,12
Baltimore Ravens,Chandler Rivers,CB,22,72,Normal,605,0,Duke,"5'10""",185,4370000,480000,1000000,4,0,92,94,85,57,64,24,6,6,6,64,65,42,45,40,36,59,52,69,32,35,35,35,35,43,35,38,44,73,58,54,66,74,70,73,14,12
Baltimore Ravens,Sione Takitaki,SAM,31,72,Normal,282,7,BYU,"6'1""",245,1660000,0,1660000,1,0,85,86,78,76,70,19,6,6,6,66,60,32,32,17,12,62,45,47,47,50,49,45,45,82,64,61,73,81,81,84,72,55,64,42,17,15
Baltimore Ravens,Emery Jones Jr,RT,22,71,Normal,307,1,LSU,"6'5""",315,4920000,1200000,1420000,3,0,70,74,57,88,71,20,6,6,6,21,21,13,20,5,5,33,13,10,30,74,75,78,76,85,42,23,35,33,31,33,26,11,12,10,14,16
Baltimore Ravens,Andrew Vorhees,LG,27,71,Normal,223,3,USC,"6'6""",320,5940000,90000,3690000,1,0,65,74,51,97,72,15,5,5,5,30,25,15,22,16,14,32,15,10,25,75,72,72,74,81,40,25,35,21,29,39,23,8,9,8,11,10
Baltimore Ravens,Jakob Johnson,FB,31,71,Normal,226,7,Tennessee,"6'3""",255,1300000,0,1300000,1,0,76,71,69,82,82,30,6,6,6,60,38,40,50,42,34,75,30,52,75,68,53,69,52,71,68,58,57,68,71,70,56,41,48,23,25,25
Baltimore Ravens,K.J. Britt,MIKE,27,71,Normal,280,5,Auburn,"6'0""",235,1880000,0,1880000,1,0,80,81,71,74,76,30,6,6,6,49,25,15,15,5,5,55,21,35,42,45,45,45,45,82,52,49,68,84,83,87,75,62,69,47,20,20
Baltimore Ravens,Robert Longerbeam,CB,25,70,Normal,505,1,Rutgers,"5'11""",175,3720000,160000,920000,3,0,93,92,85,57,65,48,48,44,41,73,66,25,20,18,15,60,52,73,34,35,25,35,25,42,23,27,42,71,47,46,64,71,70,68,24,30
Baltimore Ravens,T.J. Tampa,CB,24,70,Normal,612,2,Iowa State,"6'2""",200,0,0,0,0,0,88,88,86,60,68,40,33,32,23,73,71,53,54,51,47,62,66,70,44,25,20,15,12,56,35,43,51,69,54,72,72,71,70,75,20,15
Baltimore Ravens,Lajohntay Wester,WR,24,70,Normal,612,1,Colorado,"5'10""",170,0,0,0,0,0,90,91,88,62,63,15,15,15,16,79,83,71,75,73,72,68,71,74,39,41,12,20,18,34,19,22,26,24,28,21,34,66,22,24,20,21
Baltimore Ravens,Bilhal Kone,CB,24,69,Normal,569,1,W. Michigan,"6'1""",190,0,0,0,0,0,91,92,87,58,66,29,24,27,24,69,65,27,18,17,16,54,44,72,28,35,25,35,25,46,26,25,45,72,58,51,65,70,66,70,22,27
Baltimore Ravens,Evan Beerntsen,RG,25,68,Normal,308,0,Northwestern,"6'4""",301,4370000,120000,910000,4,0,64,69,63,80,64,16,6,6,6,35,23,24,28,25,22,24,10,10,26,77,74,75,75,84,10,10,32,44,25,29,24,12,14,10,23,24
Baltimore Ravens,Carson Vinson,RT,24,68,Normal,269,1,Alabama A&M,"6'7""",321,4190000,450000,1110000,3,0,68,70,63,81,71,15,6,6,6,28,29,17,15,5,5,26,14,10,25,74,71,74,72,83,23,14,37,31,24,25,22,11,14,10,14,11
Baltimore Ravens,Aeneas Peebles,DT,24,68,Normal,322,1,Virginia Tech,"6'1""",289,4190000,160000,1040000,3,0,73,81,64,81,71,23,6,6,6,27,22,18,15,12,10,38,23,20,26,45,45,45,45,80,74,72,76,76,79,78,66,16,21,22,20,19
Baltimore Ravens,Nick Moore,LS,33,68,Normal,114,6,Georgia,"6'2""",260,6300000,1350000,1450000,4,0,70,73,73,70,64,39,10,10,10,70,58,44,48,43,38,68,20,48,34,51,40,54,50,56,19,24,43,58,57,53,42,36,42,33,25,24
Baltimore Ravens,Tyler Huntley,QB,28,68,Normal,461,6,Utah,"6'1""",204,2800000,2200000,2150000,2,0,85,90,85,53,66,86,83,80,72,46,45,20,29,21,18,60,60,68,38,11,10,11,10,15,10,10,17,24,17,12,13,10,12,10,17,11
Baltimore Ravens,Cornelius Johnson,WR,25,67,Normal,476,2,Michigan,"6'3""",208,0,0,0,0,0,91,91,86,63,59,23,15,10,10,77,81,71,73,72,69,71,71,75,50,43,24,26,15,40,10,10,34,40,37,30,18,17,21,17,18,12
Baltimore Ravens,Rayshaun Benny,DT,24,67,Normal,381,0,Michigan,"6'3""",298,0,0,0,0,0,70,78,61,86,60,14,6,6,6,35,30,21,15,13,2,36,15,30,37,52,51,53,51,85,71,68,73,76,82,81,58,27,28,25,15,28
Baltimore Ravens,Daijahn Anthony,FS,25,67,Normal,367,2,Ole Miss,"6'0""",200,0,0,0,0,0,88,92,87,56,59,31,21,20,15,69,62,26,30,20,15,58,62,71,54,35,35,35,35,60,37,44,53,77,70,85,59,64,72,63,17,15
Baltimore Ravens,Matthew Hibner,TE,24,66,Star,317,0,SMU,"6'4""",251,4370000,760000,1070000,4,0,87,89,73,75,59,29,20,15,13,82,78,66,63,58,56,72,64,66,64,59,59,58,57,62,30,25,52,57,51,49,43,33,37,19,33,28
Baltimore Ravens,Jabril Cox,SAM,28,66,Normal,197,5,LSU,"6'3""",233,1280000,0,1280000,1,0,86,90,82,65,64,48,45,37,31,69,62,12,18,9,5,45,36,53,34,45,45,43,45,69,48,61,62,77,78,76,63,64,69,63,20,20
Baltimore Ravens,Josh Cuevas,TE,22,65,Normal,272,0,Alabama,"6'3""",245,4370000,360000,970000,4,0,83,86,74,74,69,30,30,22,18,80,78,62,61,57,50,73,64,66,60,60,58,57,57,61,40,38,49,48,54,53,47,41,45,32,26,29
Baltimore Ravens,Kaimon Rucker,REDG,24,65,Normal,365,1,North Carolina,"6'1""",265,880000,0,880000,1,0,81,84,72,81,56,19,6,6,6,33,24,15,13,7,5,35,23,28,34,45,45,45,45,66,70,67,69,80,77,77,53,36,45,30,15,13
Baltimore Ravens,Adam Randall,HB,22,65,Normal,256,0,Clemson,"6'3""",232,4370000,360000,970000,4,0,90,89,83,70,69,26,23,18,12,64,62,59,68,63,58,84,74,79,71,30,23,48,26,34,15,18,26,27,26,24,23,18,26,25,24,22
Baltimore Ravens,Jovaughn Gwyn,C,27,65,Normal,184,3,South Carolina,"6'2""",301,1140000,50000,1190000,1,0,68,77,57,89,72,19,7,6,5,26,14,11,12,8,5,30,7,12,17,66,62,71,68,74,32,33,30,26,40,40,38,12,11,10,22,20
Baltimore Ravens,Aaron Graves,DT,26,65,Normal,316,0,Iowa,"6'5""",292,0,0,0,0,0,62,71,67,82,64,19,6,6,6,36,20,14,15,7,3,35,19,24,41,45,45,45,45,84,71,63,75,73,80,77,62,17,19,18,15,16
Baltimore Ravens,Keyon Martin,CB,25,65,Normal,403,1,UL Lafayette,"5'9""",170,0,0,0,0,0,92,93,85,54,54,25,6,6,6,62,61,26,29,17,12,55,52,70,29,35,35,30,30,40,27,35,44,69,51,55,51,67,66,67,14,13
Baltimore Ravens,Marquise Robinson,CB,24,64,Normal,377,1,Arkansas,"6'0""",192,0,0,0,0,0,91,93,79,64,56,22,6,6,6,66,66,25,28,15,12,58,50,68,30,35,35,30,30,53,25,33,42,72,54,56,54,67,70,68,13,15
Baltimore Ravens,Jamon Dumas-Johnson,SAM,24,63,Normal,194,1,Kentucky,"6'1""",238,1010000,0,1010000,1,0,86,90,78,66,58,25,6,6,6,57,54,22,24,21,18,54,34,51,43,45,45,45,45,75,48,53,68,78,78,79,56,55,60,46,22,18
Baltimore Ravens,C.J. Okoye,DT,24,63,Normal,274,1,No College,"6'6""",370,0,0,0,0,0,58,61,56,89,62,20,6,6,6,35,19,15,15,7,5,32,15,21,32,45,45,45,45,89,69,62,70,71,78,79,60,16,20,15,17,11
Baltimore Ravens,Silas Walters,FS,24,63,Normal,267,0,Miami of Ohio,"5'11""",199,0,0,0,0,0,88,89,85,62,56,23,6,6,6,61,62,22,25,23,21,54,53,64,53,35,35,35,35,56,33,44,51,76,66,71,57,62,67,68,24,14
Baltimore Ravens,Keondre Jackson,SS,24,61,Normal,176,1,Illinois State,"6'2""",215,1840000,0,1000000,1,0,83,83,86,65,57,28,6,6,6,64,64,24,30,23,18,60,51,75,29,35,35,30,30,53,30,36,45,68,59,61,60,71,67,72,15,16
Baltimore Ravens,Diego Pounds,LT,23,61,Normal,251,0,Ole Miss,"6'6""",335,3060000,50000,890000,3,0,67,73,55,81,61,11,6,6,6,24,17,15,15,5,5,31,14,10,22,67,70,72,71,72,60,24,26,25,42,33,26,14,14,10,19,13
Baltimore Ravens,Joe Fagnano,QB,25,59,Normal,472,0,Connecticut,"6'3""",226,0,0,0,0,0,78,82,82,64,55,86,80,75,71,33,22,18,23,20,18,67,60,56,50,21,15,15,15,21,15,20,24,27,24,24,20,18,19,10,30,26
Pittsburgh Steelers,Cam Heyward,DT,37,95,X-Factor,973,15,Ohio State,"6'5""",295,9300000,27840000,13670000,2,0,75,73,67,94,96,21,6,6,6,48,22,12,10,3,2,39,11,10,36,45,45,45,45,94,88,74,96,89,95,92,97,22,32,10,12,11
Pittsburgh Steelers,Aaron Rodgers,QB,21,95,Superstar,2732,21,California,"6'2""",223,22000000,500000,22500000,1,0,77,75,74,59,92,94,97,93,93,47,15,15,15,14,12,64,59,48,29,23,18,12,12,29,10,10,19,24,19,12,25,13,19,10,15,18
Pittsburgh Steelers,T.J. Watt,LEDG,31,93,X-Factor,1504,9,Wisconsin,"6'4""",252,89050000,64360000,42000000,3,0,83,86,84,86,98,25,6,6,6,72,57,22,24,14,7,53,23,46,52,45,45,45,45,79,86,91,91,93,91,87,98,59,65,43,57,50
Pittsburgh Steelers,Jalen Ramsey,FS,21,92,X-Factor,1324,10,Florida State,"6'1""",208,43150000,36180000,17220000,3,0,93,92,89,71,88,27,33,26,21,84,72,27,36,24,12,71,68,78,42,34,33,21,33,65,35,41,70,82,81,82,86,89,88,98,18,17
Pittsburgh Steelers,Jamel Dean,CB,29,87,Star,867,7,Auburn,"6'1""",206,20750000,16000000,5500000,3,0,93,90,84,66,89,14,6,6,6,71,68,26,34,25,22,59,53,71,42,35,35,35,35,54,30,39,52,78,76,68,87,86,85,90,33,28
Pittsburgh Steelers,Alex Highsmith,REDG,29,87,Superstar,1097,6,Charlotte,"6'4""",242,45130000,25800000,20100000,2,0,84,86,81,85,88,24,6,6,6,56,27,14,10,5,5,46,16,32,32,45,45,45,45,83,78,89,86,89,88,80,87,55,63,45,14,10
Pittsburgh Steelers,Joey Porter,CB,26,87,Superstar,1234,3,Penn State,"6'2""",193,7470000,3970000,4910000,1,0,92,94,89,67,86,26,15,11,10,60,62,22,29,22,15,60,66,71,52,35,35,35,35,53,40,33,58,77,65,78,84,89,80,93,15,12
Pittsburgh Steelers,Chris Boswell,K,35,86,Normal,360,12,Rice,"6'2""",185,17910000,14800000,4900000,5,0,72,71,62,44,74,29,37,33,27,29,12,12,10,10,10,45,12,10,15,24,10,16,10,10,10,10,10,10,35,15,10,12,12,10,96,95
Pittsburgh Steelers,DK Metcalf,WR,28,86,Superstar,867,7,Ole Miss,"6'4""",229,103500000,46500000,31000000,4,0,94,93,82,79,89,34,18,13,10,87,93,91,85,84,84,69,85,82,81,49,31,42,23,48,10,10,38,34,33,30,19,15,29,15,18,13
Pittsburgh Steelers,Rico Dowdle,HB,28,86,Superstar,868,6,South Carolina,"6'0""",215,7250000,5000000,3750000,2,0,93,90,86,75,85,39,36,30,26,68,54,55,63,57,56,93,87,91,83,49,39,49,39,51,20,20,28,40,36,20,20,15,20,20,25,23
Pittsburgh Steelers,Zach Frazier,C,25,85,Star,847,2,West Virginia,"6'3""",310,5220000,2290000,2050000,2,0,64,69,56,88,89,22,7,6,5,30,11,12,10,9,5,30,9,10,30,88,86,87,86,86,15,12,23,27,31,33,32,8,9,8,22,14
Pittsburgh Steelers,Michael Pittman,WR,28,83,Star,703,6,USC,"6'4""",223,31300000,27680000,8860000,3,0,88,86,84,71,95,48,39,33,28,89,93,87,83,81,78,71,78,77,68,55,35,43,35,56,10,10,41,40,55,42,16,14,20,20,22,15
Pittsburgh Steelers,Jaylen Warren,HB,27,83,Star,589,4,Oklahoma State,"5'8""",215,8750000,8500000,7030000,2,0,90,94,80,75,87,27,24,21,18,71,59,59,61,58,56,95,88,87,78,50,37,57,28,52,11,12,26,34,34,23,20,14,19,16,21,20
Pittsburgh Steelers,Jaquan Brisker,SS,27,82,Star,579,4,Penn State,"6'1""",204,1210000,4280000,5490000,1,0,89,91,86,68,78,29,6,6,6,71,68,31,34,29,26,60,58,74,44,35,35,35,35,67,40,45,67,87,80,88,79,72,75,65,19,17
Pittsburgh Steelers,DeShon Elliott,SS,29,81,Normal,413,8,Texas,"6'1""",210,5330000,10910000,6080000,2,0,87,87,78,57,83,24,6,6,6,76,60,25,20,10,10,66,41,70,42,35,35,35,35,67,44,52,57,84,85,83,82,68,75,73,18,17
Pittsburgh Steelers,Patrick Queen,MIKE,27,81,Star,499,6,LSU,"6'0""",237,27230000,21120000,17190000,5,0,87,88,85,73,88,27,6,6,6,71,55,38,55,48,37,73,52,72,64,45,45,45,45,78,59,67,74,89,87,91,86,58,65,53,20,20
Pittsburgh Steelers,Pat Freiermuth,TE,27,80,Star,578,5,Penn State,"6'5""",258,28480000,21820000,6940000,3,0,83,82,76,78,79,30,50,15,10,88,84,73,73,68,65,78,67,65,83,62,60,63,63,73,49,44,55,59,58,58,41,32,41,26,72,62
Pittsburgh Steelers,Nick Herbig,REDG,24,80,Superstar,936,3,Wisconsin,"6'2""",240,63790000,40020000,5420000,5,0,84,90,77,74,82,25,10,8,6,43,41,21,22,16,11,42,30,50,40,40,40,35,35,67,87,77,75,85,82,84,82,48,62,37,20,17
Pittsburgh Steelers,Derrick Harmon,DT,23,79,Star,590,1,Oregon,"6'5""",313,4620000,13330000,4070000,3,0,74,76,76,93,79,27,15,10,7,27,18,20,16,13,10,35,27,25,41,45,45,45,45,87,79,68,85,78,74,82,82,14,18,16,33,18
Pittsburgh Steelers,Mason McCormick,LG,26,78,Normal,549,2,South Dakota State,"6'5""",315,4010000,770000,1260000,2,0,70,79,61,90,75,28,9,7,6,26,15,11,10,7,5,20,10,30,33,81,82,82,82,85,30,20,35,32,37,35,24,10,10,10,19,19
Pittsburgh Steelers,Max Iheanachor,LT,22,78,Star,739,0,Arizona State,"6'6""",321,9160000,11480000,3750000,4,0,75,77,64,88,79,14,6,6,6,28,17,18,16,5,5,24,18,10,24,80,81,81,83,84,10,10,24,21,26,46,22,11,16,10,10,12
Pittsburgh Steelers,Germie Bernard,WR,22,77,Star,768,0,Alabama,"6'1""",206,6400000,4120000,1910000,4,0,91,94,92,71,64,50,50,45,38,85,82,77,82,83,82,77,78,83,59,55,33,31,28,49,25,20,30,33,33,31,24,23,28,29,22,22
Pittsburgh Steelers,Troy Fautanu,LT,25,77,Normal,554,2,Washington,"6'4""",317,4960000,9790000,4100000,2,0,72,79,70,87,78,13,8,6,5,35,33,25,25,22,21,35,20,15,40,79,81,81,81,87,44,33,47,27,39,41,23,9,11,13,37,32
Pittsburgh Steelers,Asante Samuel Jr,CB,26,77,Normal,515,5,Florida State,"5'10""",180,1210000,2780000,3990000,1,0,91,93,91,54,74,43,29,24,18,74,69,20,23,13,10,54,42,68,33,35,35,35,35,43,29,36,44,75,49,52,73,79,84,68,25,25
Pittsburgh Steelers,Darnell Washington,TE,25,77,Normal,476,3,Georgia,"6'7""",295,26970000,18920000,3470000,5,0,84,86,86,81,70,32,15,10,6,78,80,62,64,57,52,72,68,67,72,75,71,64,65,74,30,34,51,51,55,56,15,18,23,26,15,21
Pittsburgh Steelers,Payton Wilson,WILL,26,76,Star,531,2,N.C. State,"6'4""",238,4680000,890000,1520000,2,0,92,93,87,67,76,29,25,17,18,73,71,31,34,32,26,64,56,65,57,41,37,35,25,70,63,72,65,86,85,87,76,63,67,69,27,28
Pittsburgh Steelers,Kaleb Johnson,HB,23,75,Star,533,1,Iowa,"6'1""",224,5070000,1250000,1430000,3,0,88,90,92,76,65,24,10,13,9,66,54,45,58,50,44,89,83,80,83,38,35,51,45,39,32,34,34,37,38,32,36,33,29,25,32,17
Pittsburgh Steelers,Daylen Everette,CB,22,75,Star,751,0,Georgia,"6'1""",196,5400000,1440000,1240000,4,0,93,93,88,63,74,25,6,6,6,64,63,37,41,36,31,61,53,69,34,35,35,35,35,51,36,35,53,74,64,63,73,67,77,72,18,16
Pittsburgh Steelers,Cole Holcomb,WILL,30,75,Normal,364,7,North Carolina,"6'1""",240,4370000,620000,1980000,2,0,87,88,86,72,70,27,6,6,6,65,47,30,30,25,21,60,45,33,32,45,45,45,45,73,54,46,72,86,88,77,69,66,70,50,18,35
Pittsburgh Steelers,Brandin Echols,CB,28,75,Normal,387,5,Kentucky,"5'10""",175,18790000,3540000,3910000,6,0,91,93,87,52,74,32,19,14,12,63,56,33,45,40,37,62,45,74,33,35,35,35,35,39,29,38,43,66,64,47,73,71,75,75,21,16
Pittsburgh Steelers,Jack Sawyer,LEDG,24,74,Star,722,1,Ohio State,"6'4""",260,4190000,930000,1230000,3,0,80,86,71,77,76,17,11,10,8,49,44,12,15,10,5,50,33,33,33,45,45,45,45,80,78,66,77,85,82,84,76,37,48,33,32,25
Pittsburgh Steelers,Gennings Dunker,LG,23,74,Star,495,0,Iowa,"6'5""",319,5360000,1320000,1210000,4,0,66,67,65,89,77,14,6,6,6,25,29,13,15,5,5,25,10,10,25,76,75,79,78,81,10,10,24,26,37,27,28,10,12,10,16,25
Pittsburgh Steelers,Taysom Hill,TE,36,74,Normal,274,9,BYU,"6'2""",221,2420000,0,2420000,1,0,88,87,82,82,72,84,81,74,74,79,78,66,67,62,57,78,82,85,86,61,59,58,56,75,44,53,54,68,57,68,41,53,59,45,69,54
Pittsburgh Steelers,Starling Thomas V,CB,26,74,Normal,443,3,UAB,"5'10""",194,2500000,0,2500000,1,0,93,90,82,56,73,31,29,24,19,65,61,35,39,34,30,52,62,73,33,35,35,30,25,40,32,42,42,70,63,70,74,75,71,72,15,18
Pittsburgh Steelers,Malik Harrison,MIKE,28,73,Normal,232,6,Ohio State,"6'3""",247,5920000,4080000,6790000,1,0,85,85,83,75,75,47,34,27,22,58,48,20,26,21,16,55,36,55,50,45,45,45,45,79,71,61,74,83,83,83,74,56,65,55,55,46
Pittsburgh Steelers,Roman Wilson,WR,25,72,Normal,439,2,Michigan,"6'0""",185,4720000,970000,1550000,2,0,93,94,86,56,63,26,20,15,10,82,83,72,74,73,75,74,71,74,34,47,25,32,20,46,10,10,26,32,27,25,15,12,17,17,19,15
Pittsburgh Steelers,Broderick Jones,LT,25,72,Normal,314,3,Georgia,"6'5""",311,23500000,12170000,5280000,2,0,73,83,76,86,74,24,6,6,6,34,26,15,15,9,5,35,15,10,15,74,72,75,73,86,58,43,55,61,54,66,57,12,15,10,14,16
Pittsburgh Steelers,Drew Allar,QB,22,71,Normal,788,0,Penn State,"6'5""",228,5320000,1760000,1290000,4,0,80,85,77,67,73,90,86,82,77,53,30,17,37,27,28,64,73,61,65,20,10,15,15,20,31,23,23,24,26,24,68,21,23,19,36,35
Pittsburgh Steelers,Cameron Johnston,P,34,70,Normal,144,8,Ohio State,"5'11""",194,1300000,0,1300000,1,0,75,72,60,48,57,28,15,15,15,30,12,12,10,10,10,25,20,10,15,20,23,20,24,23,10,10,26,25,35,12,10,21,29,10,91,76
Pittsburgh Steelers,Israel Mukuamu,FS,26,70,Normal,337,5,South Carolina,"6'4""",205,1080000,0,1080000,1,0,87,89,78,65,70,31,19,13,12,72,75,32,21,17,10,59,54,71,35,35,35,35,35,54,28,35,49,72,66,55,69,71,73,80,28,23
Pittsburgh Steelers,Jamin Davis,WILL,27,70,Normal,341,5,Kentucky,"6'3""",234,1080000,0,1080000,1,0,88,92,83,73,63,24,6,6,6,68,52,12,18,9,5,52,21,36,28,29,45,23,45,80,58,69,69,83,84,79,63,49,55,44,20,20
Pittsburgh Steelers,Brock Hoffman,RG,27,70,Normal,223,4,Virginia Tech,"6'4""",302,1750000,750000,2500000,1,0,60,71,60,81,76,22,7,6,5,21,12,12,10,5,5,35,5,10,15,74,72,76,77,83,35,25,29,34,32,34,31,9,9,10,14,10
Pittsburgh Steelers,Logan Lee,DT,26,70,Normal,473,2,Iowa,"6'5""",286,0,0,0,0,0,71,73,78,83,70,23,6,6,6,40,23,13,12,7,3,38,20,19,32,45,45,45,45,81,73,68,75,79,81,81,68,17,26,21,16,10
Pittsburgh Steelers,Gabe Rubio,DT,23,69,Normal,375,0,Notre Dame,"6'5""",321,4370000,240000,940000,4,0,64,65,64,86,65,24,6,6,6,48,31,20,15,13,2,39,17,26,28,45,45,45,45,85,71,63,80,76,81,79,64,23,26,17,13,17
Pittsburgh Steelers,Yahya Black,DT,24,69,Normal,334,1,Iowa,"6'6""",336,4190000,360000,1090000,3,0,60,66,63,87,69,15,11,10,8,22,18,12,16,13,10,37,22,21,30,45,45,45,45,83,73,63,76,76,82,80,68,9,14,12,22,21
Pittsburgh Steelers,Eli Heidenreich,HB,23,69,Normal,444,0,Navy,"6'0""",198,0,0,0,0,0,91,93,90,69,49,61,37,30,25,73,67,57,69,62,55,91,76,80,67,47,39,47,30,47,34,33,40,49,42,42,38,31,38,37,36,31
Pittsburgh Steelers,Kaden Wetjen,WR,24,68,Normal,367,0,Iowa,"5'9""",193,4370000,1120000,1160000,4,0,90,91,85,58,74,26,22,14,13,77,74,66,66,65,64,68,75,82,50,38,25,20,22,33,17,18,19,25,20,21,22,18,22,19,24,19
Pittsburgh Steelers,Spencer Anderson,RG,26,68,Normal,258,3,Maryland,"6'5""",305,3830000,50000,1150000,1,0,67,70,63,88,74,26,8,7,6,21,22,12,12,5,5,24,21,14,26,68,65,76,78,83,27,10,24,15,35,37,26,12,12,10,15,14
Pittsburgh Steelers,Donte Kent,CB,24,68,Normal,525,1,Central Michigan,"5'10""",187,0,0,0,0,0,93,93,79,56,61,20,24,7,17,65,60,30,30,28,27,53,49,75,30,26,25,35,25,37,23,30,47,72,62,49,62,69,69,68,20,15
Pittsburgh Steelers,Josh Wallace,CB,26,67,Normal,453,2,Michigan,"5'11""",189,0,0,0,0,0,86,91,83,60,65,25,25,22,20,67,65,27,26,16,11,61,58,69,41,15,33,25,25,53,28,37,52,72,63,69,63,70,71,69,18,17
Pittsburgh Steelers,Jack Driscoll,RT,29,66,Normal,174,6,Auburn,"6'5""",312,1210000,180000,1390000,1,0,70,73,61,83,77,25,6,6,6,36,25,22,26,16,8,29,17,19,37,70,68,70,66,79,33,27,29,30,36,42,26,12,15,10,22,20
Pittsburgh Steelers,Kevin Jobity Jr.,DT,22,66,Normal,357,0,Syracuse,"6'4""",300,0,0,0,0,0,71,81,65,82,63,21,6,6,6,34,26,13,15,6,3,35,18,25,45,45,45,45,45,84,69,61,73,73,79,76,62,15,17,15,16,14
Pittsburgh Steelers,Xavier Weaver,WR,25,66,Normal,438,2,Colorado,"6'1""",185,0,0,0,0,0,91,94,83,56,58,47,38,32,27,78,77,66,67,66,65,76,76,79,50,38,17,23,10,34,10,10,26,32,27,30,16,13,17,13,21,18
Pittsburgh Steelers,Will Howard,QB,24,65,Normal,531,1,Ohio State,"6'4""",236,3990000,240000,1060000,3,0,81,83,78,68,66,86,82,78,78,42,19,26,20,18,16,63,53,50,38,25,35,27,37,30,42,39,39,47,41,42,37,21,21,16,21,23
Pittsburgh Steelers,Carson Bruener,MIKE,25,65,Normal,229,1,Washington,"6'1""",227,4190000,120000,1030000,3,0,86,90,81,67,64,25,21,18,15,48,47,22,24,21,18,61,40,49,43,45,45,45,45,68,44,46,58,80,76,74,66,60,66,47,21,18
Pittsburgh Steelers,Jacoby Windmon,LEDG,25,65,Normal,431,2,Michigan State,"6'1""",250,0,0,0,0,0,84,89,73,70,58,26,6,6,6,57,33,12,18,9,5,50,22,30,38,45,45,45,45,70,66,63,68,84,82,78,55,62,68,50,16,12
Pittsburgh Steelers,Jaheim Bell,TE,25,65,Normal,335,2,Florida State,"6'2""",241,0,0,0,0,0,85,91,81,70,54,20,15,10,11,78,74,66,66,62,60,73,71,73,70,53,50,51,50,59,10,10,33,39,33,26,15,10,15,15,17,13
Pittsburgh Steelers,Robert Spears-Jennings,SS,22,65,Normal,324,0,Oklahoma,"6'2""",205,0,0,0,0,0,93,92,79,62,63,22,6,6,6,65,60,44,48,45,38,62,59,65,54,35,35,35,35,55,37,46,57,74,62,71,61,63,67,66,21,25
Pittsburgh Steelers,Tyrek Funderburk,CB,25,65,Normal,403,2,Appalachian State,"5'11""",186,0,0,0,0,0,92,93,83,58,62,27,6,6,6,60,60,13,22,20,15,61,60,72,32,35,35,35,35,51,22,29,43,63,51,50,64,65,63,64,21,15
Pittsburgh Steelers,Dylan Cook,RT,28,64,Normal,188,4,Montana,"6'6""",305,2080000,0,1070000,1,0,69,64,61,80,68,19,6,6,6,22,21,10,15,11,5,23,14,12,30,67,63,73,69,76,41,34,55,45,45,55,34,10,12,10,15,11
Pittsburgh Steelers,Tamon Lynum,CB,24,62,Normal,321,0,Pittsburgh,"6'2""",185,0,0,0,0,0,89,89,74,55,61,21,6,6,6,67,62,33,21,18,15,61,58,68,36,35,35,35,35,67,32,38,47,68,50,60,57,66,64,65,16,14
Pittsburgh Steelers,Sebastian Castro,FS,25,62,Normal,243,1,Iowa,"5'11""",203,0,0,0,0,0,86,90,80,59,60,34,25,22,19,64,59,27,27,18,19,64,53,64,47,35,35,35,35,54,31,34,48,71,63,75,58,64,68,63,19,18
Pittsburgh Steelers,Riley Nowakowski,TE,24,61,Normal,190,0,Indiana,"6'2""",250,4370000,440000,990000,4,0,84,80,72,72,60,24,20,15,10,80,73,62,60,54,50,70,61,64,62,59,57,57,57,63,36,40,58,56,56,50,41,45,49,33,27,25
Pittsburgh Steelers,Christian Kuntz,LS,32,61,Normal,66,6,Duquesne,"6'1""",228,3430000,310000,1310000,1,0,79,85,78,76,52,25,15,6,6,61,42,16,29,24,22,44,40,49,45,45,45,45,45,65,58,53,62,76,76,80,51,39,49,45,20,20
Pittsburgh Steelers,Greg Crippen,C,24,59,Normal,155,0,Michigan,"6'4""",309,3090000,20000,890000,3,0,58,75,55,82,61,10,6,6,6,32,14,12,11,5,5,30,14,10,28,69,68,72,70,74,28,21,33,29,40,37,28,9,12,10,14,12
Cincinnati Bengals,Joe Burrow,QB,21,99,X-Factor,3652,6,LSU,"6'4""",215,192370000,110950000,37600000,4,0,83,85,83,68,99,93,98,99,96,40,26,18,28,19,15,64,69,64,57,15,30,15,25,29,10,10,30,38,36,29,27,29,33,25,21,17
Cincinnati Bengals,Ja'Marr Chase,WR,26,99,X-Factor,1934,5,LSU,"6'0""",205,124460000,52840000,26170000,4,0,96,95,92,73,99,33,20,15,10,98,97,99,95,97,98,71,88,90,71,53,31,37,26,46,10,10,37,36,39,27,17,13,17,15,24,17
Cincinnati Bengals,Dexter Lawrence II,DT,21,94,Superstar,1228,7,Clemson,"6'4""",350,48250000,21730000,15330000,3,0,80,78,70,97,95,19,6,6,6,40,22,12,18,14,12,42,17,23,46,45,45,45,45,96,92,80,93,92,91,83,95,13,24,14,15,15
Cincinnati Bengals,Jonathan Allen,DT,21,91,Superstar,1142,9,Alabama,"6'3""",300,11300000,13700000,9750000,2,0,72,75,69,93,91,21,6,6,6,35,30,12,10,3,2,40,10,28,28,45,45,45,45,91,93,86,88,90,95,85,92,24,29,16,9,8
Cincinnati Bengals,Tee Higgins,WR,27,88,Superstar,1015,6,Clemson,"6'4""",219,71200000,43320000,26510000,3,0,90,87,85,71,94,28,37,31,27,97,95,93,86,82,80,76,78,79,62,45,30,34,20,44,10,10,34,40,33,26,16,19,27,16,17,13
Cincinnati Bengals,DJ Turner II,CB,25,84,Star,998,3,Michigan,"5'11""",185,36370000,21770000,4040000,5,0,96,97,92,43,78,27,22,15,10,69,65,27,22,16,11,53,60,77,28,35,35,35,35,33,25,35,40,65,57,44,76,84,81,74,18,15
Cincinnati Bengals,Evan McPherson,K,27,83,Star,391,5,Florida,"5'11""",185,9750000,7870000,4980000,2,0,74,80,62,37,68,27,31,20,15,32,15,14,22,14,12,21,5,12,10,17,16,13,12,11,10,10,11,25,16,13,17,11,15,10,97,93
Cincinnati Bengals,Chase Brown,HB,26,83,Superstar,834,3,Illinois,"5'10""",210,16180000,13270000,3740000,4,0,93,95,86,69,83,45,40,35,28,69,51,44,64,57,50,89,81,86,76,49,37,53,42,40,10,10,29,36,27,28,14,10,17,17,15,13
Cincinnati Bengals,Bryan Cook,FS,26,80,Normal,419,4,Cincinnati,"6'1""",206,19450000,20780000,10660000,3,0,89,90,79,67,81,24,6,6,6,70,59,35,35,31,28,61,51,64,45,35,35,35,35,65,32,36,56,82,79,84,81,69,77,57,19,17
Cincinnati Bengals,Cashius Howell,LEDG,23,79,Superstar,1070,0,Texas A&M,"6'2""",253,7190000,4800000,2180000,4,0,86,92,86,76,76,13,21,18,12,46,39,18,17,15,10,52,47,47,43,45,45,45,45,75,71,81,77,79,81,79,72,47,53,39,24,20
Cincinnati Bengals,Boye Mafe,REDG,27,79,Star,609,4,Minnesota,"6'4""",261,37200000,22800000,17000000,3,0,89,90,75,75,77,21,17,12,9,36,34,15,14,7,5,28,31,24,35,45,45,45,45,76,72,79,81,86,84,81,77,37,47,32,28,26
Cincinnati Bengals,Dax Hill,CB,25,78,Star,542,4,Michigan,"6'0""",195,19640000,5300000,12680000,3,0,92,94,95,56,74,22,12,10,8,71,66,30,33,30,27,63,55,73,45,35,35,35,35,56,40,53,52,75,67,78,73,76,76,72,18,15
Cincinnati Bengals,Calvin Ridley,WR,31,78,Normal,387,8,Alabama,"6'1""",190,5170000,0,5170000,1,0,92,93,91,59,76,32,28,23,18,82,86,80,76,78,75,75,74,88,30,49,28,30,15,44,10,10,24,33,29,20,17,17,25,24,19,16
Cincinnati Bengals,Mike Gesicki,TE,30,77,Normal,352,8,Penn State,"6'6""",245,16000000,9400000,7580000,2,0,84,87,86,76,70,50,15,10,6,88,88,74,70,66,64,79,70,78,76,58,55,57,51,66,10,10,32,37,30,38,20,10,15,17,18,14
Cincinnati Bengals,Amarius Mims,RT,23,77,Star,446,2,Georgia,"6'8""",350,4730000,10610000,4180000,2,0,70,73,70,91,82,13,12,11,6,49,51,44,35,31,24,48,30,43,50,77,79,78,80,86,42,31,45,42,35,45,28,12,11,15,34,26
Cincinnati Bengals,Kyle Dugger,SS,30,77,Normal,405,6,Lenoir-Rhyne,"6'2""",220,1210000,180000,1390000,1,0,88,87,86,77,78,25,10,6,6,75,64,26,40,32,29,70,60,78,49,35,35,35,35,82,48,53,72,83,71,88,75,69,73,75,18,13
Cincinnati Bengals,Jordan Battle,SS,25,77,Star,486,3,Alabama,"6'1""",215,21290000,10580000,3880000,6,0,88,92,77,63,79,34,27,21,14,72,71,35,38,33,25,65,70,70,47,35,35,25,35,64,34,40,66,85,73,85,79,67,77,70,15,15
Cincinnati Bengals,Orlando Brown Jr,LT,30,76,Star,393,8,Oklahoma,"6'8""",350,20020000,33960000,19290000,3,0,59,56,57,94,87,25,6,6,6,23,12,12,12,12,12,28,14,11,39,76,79,75,77,90,10,10,32,18,33,36,15,12,15,10,19,13
Cincinnati Bengals,Shemar Stewart,REDG,22,76,X-Factor,852,1,Texas A&M,"6'5""",267,4190000,14760000,4300000,3,0,91,91,86,87,72,19,7,6,5,40,21,15,15,8,7,42,30,42,34,45,45,45,45,85,77,72,77,81,72,82,70,17,24,29,21,20
Cincinnati Bengals,Ted Karras,C,33,76,Normal,273,10,Illinois,"6'4""",310,7050000,3860000,4500000,2,0,68,60,51,86,79,29,6,6,6,26,23,18,22,12,6,31,6,10,25,75,75,82,82,82,31,27,29,37,30,67,10,12,12,10,25,21
Cincinnati Bengals,Tress Way,P,36,76,Normal,209,13,Oklahoma,"6'1""",220,1760000,0,1760000,1,0,72,72,61,44,68,54,54,50,47,45,12,12,10,10,10,51,10,10,10,14,14,11,11,14,10,10,10,25,29,12,19,13,27,10,92,75
Cincinnati Bengals,Samaje Perine,HB,30,75,Normal,308,10,Oklahoma,"5'11""",240,2800000,800000,2000000,1,0,86,90,79,84,76,31,28,23,19,73,45,41,64,55,45,95,78,78,84,54,44,61,37,53,10,10,37,45,40,42,21,15,13,10,20,22
Cincinnati Bengals,Kris Jenkins Jr,DT,24,75,Star,485,2,Michigan,"6'3""",310,5300000,2530000,2130000,2,0,75,80,67,87,70,22,13,10,7,46,38,12,10,5,3,44,35,38,50,45,45,40,40,86,72,66,79,78,84,82,72,24,28,20,24,23
Cincinnati Bengals,Ar'Darius Washington,CB,26,75,Normal,457,5,TCU,"5'8""",176,3370000,0,3370000,1,0,84,86,80,57,83,27,24,20,15,71,71,12,30,25,15,59,50,73,30,35,35,35,35,52,25,30,48,82,68,74,84,77,81,62,10,11
Cincinnati Bengals,Drake Thomas,MIKE,26,75,Normal,372,3,N.C. State,"5'11""",228,2790000,0,2790000,1,0,82,87,80,66,78,27,15,11,10,57,50,16,23,13,6,53,25,51,48,45,45,35,35,68,45,54,69,87,83,81,82,61,73,46,24,22
Cincinnati Bengals,Demetrius Knight Jr,WILL,26,74,Star,418,1,South Carolina,"6'2""",240,5790000,3170000,2030000,3,0,86,87,80,72,75,35,31,28,25,65,59,32,34,31,26,63,37,55,43,45,45,45,45,76,62,65,74,83,83,86,75,59,65,47,22,20
Cincinnati Bengals,Dalton Risner,RG,31,74,Normal,264,7,Kansas State,"6'5""",312,1650000,2070000,3720000,1,0,69,62,60,86,81,26,6,6,6,31,16,15,15,6,5,34,10,19,27,76,73,78,80,85,31,24,36,42,44,41,29,12,12,10,18,12
Cincinnati Bengals,Myles Murphy,LEDG,24,74,Star,509,3,Clemson,"6'5""",275,6420000,6130000,3990000,1,0,88,90,77,82,68,51,42,32,27,40,35,16,15,8,7,45,25,39,42,45,45,40,40,88,78,65,74,80,79,85,65,28,37,31,15,14
Cincinnati Bengals,Dennis Gardeck,SAM,32,74,Normal,310,8,Sioux Falls,"6'0""",232,1930000,0,1930000,1,0,86,85,73,81,74,28,6,6,6,50,37,15,14,10,6,45,20,44,37,45,45,45,45,78,70,77,76,84,82,77,72,50,59,34,14,17
Cincinnati Bengals,Dylan Fairchild,LG,23,73,Star,411,1,Georgia,"6'5""",318,5100000,1290000,1450000,3,0,71,78,60,86,77,23,6,6,6,27,25,12,14,12,10,39,18,16,26,76,76,76,76,83,37,34,43,30,18,43,25,11,10,10,19,12
Cincinnati Bengals,Tacario Davis,CB,22,73,Normal,536,0,Washington,"6'4""",194,5500000,1720000,1310000,4,0,92,90,89,58,73,21,6,6,6,63,62,45,49,46,43,61,52,68,33,35,35,35,35,50,39,36,49,74,63,64,73,73,68,72,15,13
Cincinnati Bengals,Andrei Iosivas,WR,26,73,Normal,369,3,Princeton,"6'3""",210,6360000,130000,3700000,1,0,92,91,89,67,76,30,20,15,10,82,78,66,74,75,77,73,76,75,50,34,18,22,19,35,10,11,28,31,28,22,15,10,10,16,24,21
Cincinnati Bengals,Joe Flacco,QB,41,73,Normal,564,18,Delaware,"6'6""",245,1300000,4690000,3330000,1,0,75,70,68,66,75,89,87,83,79,31,12,12,10,10,10,59,40,44,40,15,20,15,25,30,10,10,24,30,29,12,15,15,20,10,25,24
Cincinnati Bengals,Josh Oliver,TE,29,73,Normal,346,7,San Jose State,"6'5""",259,2060000,0,2060000,1,0,85,83,77,75,68,24,15,10,6,84,79,65,67,61,56,76,59,60,69,71,69,61,59,73,26,32,48,49,47,46,33,17,26,23,20,15
Cincinnati Bengals,Josh Newton,CB,25,72,Normal,519,2,TCU,"5'11""",190,4010000,330000,1150000,2,0,89,90,85,61,68,31,29,24,19,76,72,57,55,56,51,63,65,75,33,35,35,30,25,54,32,38,43,70,55,61,66,77,69,75,15,18
Cincinnati Bengals,Tahj Brooks,HB,24,72,Normal,438,1,Texas Tech,"5'9""",220,4190000,210000,1050000,3,0,88,92,87,68,67,21,16,17,25,70,50,55,61,57,51,91,81,79,73,41,33,52,46,44,28,23,35,37,35,29,37,24,27,26,24,23
Cincinnati Bengals,Colbie Young,WR,24,71,Normal,521,0,Georgia,"6'5""",218,4370000,760000,1070000,4,0,89,90,85,67,70,32,24,19,15,80,81,76,72,75,74,72,77,77,56,53,29,26,24,46,17,17,23,25,22,21,21,21,23,25,29,25
Cincinnati Bengals,Barrett Carter,MIKE,23,70,Normal,316,1,Clemson,"6'0""",231,4190000,960000,1240000,3,0,85,90,76,72,73,23,6,6,6,61,55,28,30,27,24,68,43,61,47,45,45,45,45,72,54,61,67,83,83,80,69,57,63,46,22,18
Cincinnati Bengals,Connor Lew,C,21,70,Normal,329,0,Auburn,"6'4""",310,4370000,1040000,1140000,4,0,68,75,59,87,74,17,6,6,6,35,13,14,10,5,5,24,10,18,31,76,72,77,74,79,26,27,43,35,38,34,33,15,11,10,14,17
Cincinnati Bengals,Jack Browning,P,24,70,Normal,243,2,San Diego State,"5'11""",190,0,0,0,0,0,77,74,59,40,53,32,32,26,23,24,15,14,16,14,12,24,10,24,10,17,16,12,12,12,10,10,19,23,22,16,17,11,12,10,95,74
Cincinnati Bengals,Erick All Jr,TE,25,69,Normal,310,2,Iowa,"6'5""",255,3560000,770000,1260000,2,0,86,87,83,72,61,24,15,10,6,81,76,65,66,62,64,73,66,67,67,60,58,58,56,63,10,10,41,42,46,48,16,16,22,19,19,12
Cincinnati Bengals,Cedric Johnson,REDG,23,69,Normal,453,2,Ole Miss,"6'3""",264,3810000,130000,1100000,2,0,85,89,69,79,68,23,6,6,6,43,28,13,12,7,3,38,20,19,32,45,45,45,45,81,68,72,74,77,76,75,67,40,46,21,16,10
Cincinnati Bengals,Russ Yeast,FS,27,69,Normal,282,4,Kansas State,"5'10""",195,1140000,0,1140000,1,0,86,90,89,62,71,25,15,10,10,67,60,30,25,23,18,59,57,73,46,30,30,30,30,46,43,54,47,73,62,65,69,64,71,65,15,12
Cincinnati Bengals,Jordan Jefferson,DT,24,69,Normal,448,2,LSU,"6'3""",317,0,0,0,0,0,69,72,67,91,60,15,6,6,6,22,13,12,10,5,3,24,14,16,35,45,45,52,55,87,71,65,73,73,81,83,64,13,18,14,15,15
Cincinnati Bengals,McKinnley Jackson,DT,24,69,Normal,448,2,Texas A&M,"6'2""",330,0,0,0,0,0,64,72,55,84,71,12,13,16,17,22,15,12,4,4,4,40,41,38,25,45,45,23,25,87,66,65,76,75,80,77,74,17,19,10,23,17
Cincinnati Bengals,Jalen Rivers,RG,23,68,Normal,275,1,Miami,"6'6""",319,4190000,400000,1100000,3,0,63,65,56,83,68,23,6,6,6,21,18,18,16,5,5,40,12,15,32,71,73,70,74,87,34,23,23,21,24,27,29,11,13,10,13,23
Cincinnati Bengals,Antwaun Powell-Ryland,LEDG,24,68,Normal,478,1,Virginia Tech,"6'3""",252,880000,0,880000,1,0,82,84,84,74,60,27,15,10,5,42,24,14,15,10,5,45,25,36,22,45,45,45,45,68,73,75,69,81,74,74,56,34,44,32,26,17
Cincinnati Bengals,Brian Parker II,LG,22,68,Normal,310,0,Duke,"6'5""",309,4370000,280000,950000,4,0,68,72,62,89,68,18,6,6,6,33,16,17,15,5,5,24,16,10,27,74,76,72,68,80,10,10,21,24,26,47,19,12,12,10,10,12
Cincinnati Bengals,Javon Foster,LT,26,67,Normal,388,2,Missouri,"6'5""",319,1000000,0,1000000,1,0,62,71,61,83,72,15,12,9,6,25,18,12,10,5,5,40,5,10,19,76,72,70,72,81,42,35,37,38,44,40,34,20,26,10,18,14
Cincinnati Bengals,Ricky White III,WR,24,67,Normal,484,1,UNLV,"6'1""",181,0,0,0,0,0,89,91,79,65,70,20,14,21,26,78,81,72,71,69,69,72,72,75,50,50,18,24,21,47,26,30,34,42,46,35,42,55,53,28,25,21
Cincinnati Bengals,Jack Endries,TE,22,66,Normal,305,0,Texas,"6'5""",245,4370000,160000,920000,4,0,84,88,75,72,61,30,31,23,17,84,79,65,64,58,54,75,66,69,62,57,56,56,55,59,35,34,50,53,49,46,43,39,41,30,37,32
Cincinnati Bengals,Landon Robinson,DT,23,66,Normal,354,0,Navy,"5'11""",293,0,0,0,0,0,77,85,71,86,61,21,6,6,6,38,30,25,15,13,3,46,15,27,45,45,45,45,45,86,66,58,70,75,77,76,60,21,23,33,16,25
Cincinnati Bengals,Ke'Shawn Williams,WR,24,66,Normal,445,1,Indiana,"5'9""",188,0,0,0,0,0,89,90,84,53,61,29,15,10,10,80,76,73,74,72,68,71,72,73,40,41,21,29,20,38,10,10,26,33,31,28,36,13,18,17,20,20
Cincinnati Bengals,Jase McClellan,HB,24,66,Normal,342,2,Alabama,"5'11""",212,0,0,0,0,0,87,88,82,76,66,24,20,15,10,67,53,51,58,51,43,91,76,78,80,31,20,52,32,38,10,10,34,36,37,35,13,10,16,14,16,10
Cincinnati Bengals,Swayze Bozeman,MIKE,27,65,Normal,220,1,Southern Miss,"6'2""",224,1070000,0,1070000,1,0,89,91,78,72,59,23,6,6,6,51,50,27,23,20,17,43,33,52,43,45,45,45,45,74,51,55,67,80,81,80,57,56,62,43,21,18
Cincinnati Bengals,Brady Russell,FB,28,65,Normal,143,3,Colorado,"6'3""",247,1250000,0,1250000,1,0,80,83,75,71,62,24,19,10,7,75,74,64,57,59,55,74,59,66,62,58,53,55,51,63,41,29,44,45,41,39,40,13,16,15,14,11
Cincinnati Bengals,Kendall Milton,HB,24,65,Normal,315,2,Georgia,"6'1""",230,0,0,0,0,0,86,93,82,72,66,27,20,15,10,66,51,53,61,53,48,86,76,78,73,26,18,47,23,33,10,10,27,35,31,24,13,13,17,13,17,12
Cincinnati Bengals,Liam Anderson,WILL,26,63,Normal,196,3,Holy Cross,"6'3""",226,1000000,0,1000000,1,0,87,88,80,70,56,22,6,6,6,65,56,21,17,14,8,62,50,58,44,45,45,45,45,70,57,49,64,77,77,79,58,57,66,58,14,13
Cincinnati Bengals,William Wagner,LS,25,63,Normal,105,1,Michigan,"6'2""",240,2960000,0,1000000,2,0,73,75,66,71,54,35,10,6,6,51,47,21,39,31,25,61,15,27,34,47,44,52,48,64,10,10,38,49,52,46,32,15,19,11,14,15
Cincinnati Bengals,PJ Jules,SS,25,63,Normal,263,2,Southern Illinois,"6'0""",203,0,0,0,0,0,89,92,78,65,60,25,6,6,6,67,60,30,33,29,24,61,46,61,35,35,35,35,35,59,32,34,47,74,61,73,58,65,67,66,18,14
Cincinnati Bengals,Howard Cross III,DT,25,61,Normal,236,1,Notre Dame,"6'1""",285,0,0,0,0,0,64,70,66,85,57,20,6,6,6,35,25,15,15,7,5,43,17,19,30,45,45,45,45,86,65,59,69,68,79,78,56,18,23,16,18,14
Cincinnati Bengals,Cam Grandy,TE,26,61,Normal,246,2,Illinois State,"6'5""",253,0,0,0,0,0,76,84,72,77,53,23,13,10,6,78,77,65,59,53,47,73,68,66,69,60,57,60,60,63,14,16,29,32,38,32,32,18,25,25,24,22
Cincinnati Bengals,Sean Clifford,QB,28,60,Normal,344,3,Penn State,"6'2""",212,1070000,0,1070000,1,0,84,87,87,59,51,84,76,78,67,43,22,17,26,16,12,61,55,61,42,19,10,18,14,26,10,12,22,28,28,18,14,12,18,12,26,22
Cincinnati Bengals,Corey Robinson II,RT,23,59,Normal,156,0,Arkansas,"6'5""",311,3080000,30000,890000,3,0,60,56,51,83,60,14,6,6,6,23,14,12,12,5,5,24,18,10,28,68,67,70,69,74,10,10,23,21,28,43,21,14,17,10,10,12
Cincinnati Bengals,Andrew Coker,RT,25,59,Normal,191,2,TCU,"6'7""",315,0,0,0,0,0,60,66,54,84,61,12,13,11,10,29,16,13,20,15,10,29,18,21,17,63,67,66,68,78,19,10,29,30,30,36,31,10,10,10,7,8
Cleveland Browns,Denzel Ward,CB,29,94,Superstar,1175,8,Ohio State,"5'11""",190,57780000,62880000,19040000,4,0,93,94,94,61,95,31,15,10,8,78,66,26,30,26,20,66,60,80,19,35,35,35,35,51,26,33,50,72,53,72,92,96,90,88,18,13
Cleveland Browns,Jared Verse,REDG,25,89,Superstar,1761,2,Florida State,"6'4""",265,4990000,6200000,2160000,2,0,89,90,82,92,88,17,7,6,5,67,61,39,44,39,32,62,37,38,42,45,45,45,45,85,90,80,81,89,81,83,85,45,49,33,18,17
Cleveland Browns,Elgton Jenkins,C,21,88,Star,913,7,Mississippi State,"6'5""",311,2640000,13140000,3760000,2,0,73,72,62,89,89,24,6,6,6,26,15,20,10,5,5,25,11,20,29,77,76,93,89,89,30,25,39,40,38,42,23,12,15,10,19,14
Cleveland Browns,Quinshon Judkins,HB,22,84,X-Factor,1221,1,Ohio State,"6'0""",221,6450000,4920000,2580000,3,0,90,91,85,77,84,29,27,27,14,71,47,52,57,49,47,97,86,88,84,39,31,52,40,43,27,28,36,40,39,36,35,25,35,25,22,22
Cleveland Browns,Carson Schwesinger,MIKE,23,83,Star,789,1,UCLA,"6'3""",242,6560000,5200000,2670000,3,0,87,90,83,75,87,24,6,6,6,68,62,34,36,32,29,64,40,58,44,45,45,45,45,73,58,64,75,87,87,83,85,68,73,52,23,21
Cleveland Browns,Grant Delpit,SS,27,83,Star,569,6,LSU,"6'3""",208,16990000,43460000,9050000,4,0,90,90,86,60,85,23,6,6,6,75,70,20,20,15,10,69,37,65,38,35,35,35,35,53,42,51,53,80,75,85,87,73,82,73,14,11
Cleveland Browns,Jeremiah Owusu-Koramoah,WILL,26,83,Star,678,5,Notre Dame,"6'2""",221,4690000,14460000,4760000,2,0,87,91,87,65,85,43,40,36,30,72,56,31,34,29,23,57,48,55,38,45,45,45,45,76,51,65,69,93,83,85,85,70,75,48,18,17
Cleveland Browns,Tytus Howard,RT,21,82,Superstar,715,7,Alabama State,"6'5""",322,4030000,36270000,5980000,3,0,72,67,59,85,86,53,45,37,31,28,15,15,15,5,5,24,37,41,45,75,73,87,88,84,10,10,24,27,23,28,15,12,15,10,20,16
Cleveland Browns,Spencer Fano,LT,21,81,Superstar,978,0,Utah,"6'6""",311,4370000,27860000,5850000,4,0,75,78,72,90,87,16,6,6,6,26,14,11,15,5,5,28,16,10,28,85,76,80,75,85,10,10,25,21,29,42,24,12,11,10,10,12
Cleveland Browns,Harold Fannin Jr,TE,22,81,Star,869,1,Bowling Green State,"6'3""",241,5020000,1710000,1530000,3,0,82,85,81,75,80,77,65,63,60,87,84,75,74,69,68,75,79,81,77,63,60,58,59,66,28,32,34,30,30,27,21,23,24,10,33,32
Cleveland Browns,Mason Graham,DT,22,81,Superstar,694,1,Michigan,"6'4""",315,4190000,36660000,9280000,3,0,78,86,74,90,78,24,10,8,7,28,20,28,18,18,18,38,30,24,31,45,45,45,45,88,79,69,85,81,86,78,75,17,24,17,30,18
Cleveland Browns,Jerry Jeudy,WR,21,81,Star,754,6,Alabama,"6'1""",193,5620000,42850000,10370000,2,0,91,92,92,64,76,27,20,15,10,81,84,79,82,82,82,75,77,91,56,42,24,35,18,43,10,10,28,38,33,26,24,23,31,26,19,17
Cleveland Browns,Elijah Molden,FS,27,80,Normal,484,5,Washington,"5'10""",192,3850000,0,3850000,1,0,89,91,83,57,81,25,6,6,6,65,58,36,43,32,24,63,57,80,49,40,35,35,40,43,29,31,45,81,73,72,85,75,80,69,17,13
Cleveland Browns,Emmanuel McNeil-Warren,FS,22,79,Star,722,0,Toledo,"6'4""",201,5800000,2520000,1510000,4,0,93,92,84,61,77,29,6,6,6,67,62,41,45,42,35,59,55,60,53,35,35,35,35,56,35,47,53,80,72,80,77,64,81,65,21,23
Cleveland Browns,Corey Bojorquez,P,29,79,Normal,286,8,New Mexico,"6'0""",217,1810000,180000,1990000,1,0,70,74,63,41,67,34,30,25,20,24,12,12,14,12,10,33,10,10,17,19,18,17,19,18,10,10,24,25,28,15,13,12,17,10,95,87
Cleveland Browns,Tyson Campbell,CB,26,79,Star,665,5,Georgia,"6'1""",195,34110000,22180000,4910000,3,0,92,92,85,58,76,31,15,10,6,71,56,22,21,15,12,44,29,63,26,34,34,28,22,44,28,33,54,74,70,55,76,75,81,84,20,17
Cleveland Browns,Zion Johnson,LG,21,79,Star,513,4,Boston College,"6'3""",316,3770000,31760000,5140000,3,0,66,75,71,90,80,28,6,6,6,25,12,12,10,5,5,34,11,10,25,78,79,80,83,84,25,20,27,34,34,35,25,12,10,10,23,18
Cleveland Browns,Ronnie Hickman,FS,24,78,Star,554,3,Ohio State,"6'1""",209,3520000,0,3520000,1,0,86,89,81,65,78,32,27,23,21,64,60,17,21,11,10,60,49,68,54,35,35,30,25,62,47,37,57,77,78,86,80,77,75,70,14,12
Cleveland Browns,KC Concepcion Jr,WR,21,77,Star,689,0,Texas A&M,"6'0""",190,9890000,9840000,3590000,4,0,91,93,91,70,66,63,51,47,47,76,82,87,83,80,82,70,80,84,54,53,33,22,24,47,22,28,29,33,36,31,33,32,36,42,28,29
Cleveland Browns,Maliek Collins,DT,31,77,Normal,346,10,Nebraska,"6'2""",310,16090000,29890000,5300000,6,0,70,70,66,84,90,23,6,6,6,31,19,15,13,5,3,31,12,16,29,45,46,44,44,86,73,84,75,79,82,80,87,18,26,13,17,17
Cleveland Browns,Teven Jenkins,RG,28,77,Normal,413,5,Oklahoma State,"6'6""",321,2000000,3490000,2730000,1,0,74,72,60,91,67,22,6,6,6,19,16,15,10,5,5,23,8,10,32,82,79,80,82,87,20,10,22,27,31,40,22,10,10,10,14,14
Cleveland Browns,Dylan Sampson,HB,21,76,Star,638,1,Tennessee,"5'8""",199,4190000,920000,1230000,3,0,92,91,88,65,70,29,24,14,25,68,52,48,61,55,51,88,82,82,72,39,25,50,39,32,24,26,32,33,28,26,34,22,26,25,32,28
Cleveland Browns,Denzel Boston,WR,22,75,Normal,546,0,Washington,"6'4""",212,6900000,5440000,2240000,4,0,88,88,87,71,79,54,41,34,30,82,85,78,72,76,78,76,74,75,57,54,37,35,34,50,23,20,26,27,29,29,23,24,25,26,36,33
Cleveland Browns,Alex Wright,LEDG,25,74,Star,506,4,UAB,"6'5""",267,6240000,18950000,3960000,3,0,79,83,70,73,80,15,6,6,6,42,41,31,35,30,27,44,30,40,32,45,45,45,45,86,80,67,77,81,83,77,80,22,31,25,15,15
Cleveland Browns,Cedric Tillman,WR,26,74,Normal,392,3,Tennessee,"6'3""",215,6520000,1240000,3940000,1,0,88,90,79,70,84,22,20,15,15,86,82,76,76,75,75,74,73,76,56,52,31,33,28,49,10,10,31,34,35,26,17,10,10,10,19,15
Cleveland Browns,Shedeur Sanders,QB,24,73,Normal,1012,1,Colorado,"6'2""",212,4190000,440000,1110000,3,0,78,81,81,65,66,93,85,82,80,32,26,25,21,15,18,61,68,65,50,15,30,27,30,23,35,34,36,33,37,33,42,31,32,32,21,27
Cleveland Browns,Mike Hall Jr,DT,23,73,Normal,365,2,Ohio State,"6'2""",300,4920000,2120000,1920000,2,0,81,85,67,79,73,30,6,6,6,33,27,12,10,5,3,36,24,34,49,45,45,45,45,83,75,73,79,77,85,80,73,21,27,13,16,12
Cleveland Browns,Damarri Mathis,CB,27,73,Superstar,714,4,Pittsburgh,"5'11""",195,1080000,0,1080000,1,0,92,92,84,61,71,29,6,6,6,67,63,32,30,25,20,55,53,73,33,35,35,30,30,47,34,40,47,67,48,68,69,74,73,76,13,11
Cleveland Browns,Andre Szmyt,K,27,72,Normal,251,1,Syracuse,"6'0""",200,1000000,0,1000000,1,0,73,71,64,41,58,29,37,28,27,29,12,12,10,10,10,64,11,10,13,14,10,16,10,10,10,10,15,19,13,12,12,12,12,10,94,76
Cleveland Browns,Austin Barber,RT,23,72,Normal,357,0,Florida,"6'7""",318,5220000,1620000,1240000,4,0,68,74,61,85,74,16,6,6,6,25,14,17,2,5,5,26,13,10,27,78,76,71,79,84,40,41,41,45,45,52,21,25,26,20,10,12
Cleveland Browns,Isaiah McGuire,LEDG,25,72,Normal,370,3,Missouri,"6'4""",271,6360000,690000,3840000,1,0,79,88,75,79,71,20,6,6,6,34,32,13,15,9,6,35,20,38,35,45,45,45,45,82,76,65,77,79,79,87,70,29,42,40,16,15
Cleveland Browns,Elijah Chatman,DT,25,71,Normal,407,2,SMU,"6'0""",278,2030000,0,1070000,1,0,82,79,56,88,65,19,16,13,11,44,37,17,7,7,7,52,26,29,30,45,45,24,25,86,73,65,76,77,83,80,64,28,36,24,20,17
Cleveland Browns,Myles Harden,CB,24,70,Normal,460,2,South Dakota,"5'11""",195,3780000,90000,1090000,2,0,89,94,90,59,53,24,23,22,19,71,62,35,32,30,27,55,62,75,30,35,30,30,25,43,28,34,49,74,69,73,56,72,69,70,11,11
Cleveland Browns,Zak Zinter,LG,25,70,Normal,259,2,Michigan,"6'6""",315,4570000,1150000,1560000,2,0,63,65,54,88,74,21,9,7,6,22,15,15,15,7,5,40,22,16,30,73,72,72,74,84,41,28,39,35,44,50,31,8,9,10,15,11
Cleveland Browns,Raheim Sanders,HB,23,70,Normal,391,1,South Carolina,"6'0""",230,2960000,0,1000000,2,0,90,89,84,72,69,22,18,15,10,67,49,48,60,52,42,88,79,81,78,37,28,49,35,55,27,31,37,34,34,32,39,25,31,27,22,19
Cleveland Browns,Tyre Phillips,RG,29,70,Normal,283,6,Mississippi State,"6'5""",330,1210000,0,1210000,1,0,68,63,48,88,79,15,6,6,6,30,12,12,10,5,5,52,34,29,51,72,75,71,73,85,10,10,34,21,34,20,10,12,12,10,22,20
Cleveland Browns,Bub Means,WR,25,70,Normal,603,2,Pittsburgh,"6'2""",215,0,0,0,0,0,91,92,81,67,74,40,20,15,15,82,81,68,73,71,70,69,73,80,54,44,30,35,23,47,10,10,32,33,36,34,21,20,29,15,19,15
Cleveland Browns,Nathaniel Watson,SAM,26,69,Normal,324,2,Mississippi State,"6'2""",233,2370000,0,1070000,1,0,84,87,72,68,70,17,14,11,7,62,58,14,15,8,6,54,49,54,56,45,41,35,35,78,72,59,72,78,85,83,65,58,64,56,15,14
Cleveland Browns,Isaiah Bond,WR,22,69,Normal,466,1,Texas,"5'11""",185,2960000,30000,1010000,2,0,93,94,77,60,69,23,18,14,10,80,78,66,71,72,73,75,73,79,35,41,18,22,24,36,10,10,25,37,24,26,33,23,30,27,18,22
Cleveland Browns,Julian Okwara,REDG,28,69,Normal,404,6,Notre Dame,"6'5""",250,1210000,0,1210000,1,0,85,87,77,81,65,23,6,6,6,54,43,13,14,6,5,57,20,36,34,45,45,45,45,85,66,73,71,79,73,80,61,45,51,23,16,11
Cleveland Browns,Kendrick Green,LG,27,69,Normal,272,5,Illinois,"6'4""",315,2380000,0,1210000,1,0,75,79,57,86,79,25,6,6,6,23,16,15,10,5,5,29,9,10,25,72,70,67,65,86,45,24,48,41,48,33,26,12,12,10,11,11
Cleveland Browns,Malachi Corley,WR,24,69,Normal,569,2,W. Kentucky,"5'11""",215,0,0,0,0,0,88,90,85,66,61,42,36,28,22,85,79,71,73,70,68,70,76,82,60,49,30,43,27,51,11,11,36,41,40,36,24,26,31,25,23,22
Cleveland Browns,KT Leveston,RG,26,68,Normal,284,2,Kansas State,"6'4""",337,3500000,80000,1040000,2,0,60,65,55,85,71,13,10,5,5,29,12,12,12,8,6,29,19,14,28,75,75,71,71,81,10,10,35,25,35,35,10,12,11,10,13,10
Cleveland Browns,Dillon Gabriel,QB,25,68,Normal,553,1,Oregon,"6'0""",205,4190000,2010000,1410000,3,0,83,86,79,58,70,84,85,82,76,41,18,28,21,16,18,62,65,59,34,18,29,24,25,31,30,32,33,39,35,30,29,24,48,22,49,37
Cleveland Browns,Justin Jefferson,MIKE,23,68,Normal,313,0,Alabama,"6'0""",223,4370000,520000,1010000,4,0,87,90,85,69,70,24,6,6,6,54,39,25,39,34,29,60,35,39,45,45,62,63,43,75,49,49,63,81,79,79,68,64,63,49,16,16
Cleveland Browns,Myles Bryant,SS,28,68,Normal,211,6,Washington,"5'9""",192,1210000,180000,1390000,1,0,90,86,88,52,71,42,16,6,6,71,61,31,32,26,22,61,50,71,27,35,35,35,35,53,26,35,54,77,64,73,70,66,62,66,16,12
Cleveland Browns,Tyler Hall,CB,27,68,Normal,349,6,Wyoming,"5'10""",190,1080000,0,1080000,1,0,90,85,82,56,68,31,6,6,6,61,63,24,35,30,23,57,58,78,38,35,35,35,35,52,38,44,58,75,58,64,71,73,71,70,19,18
Cleveland Browns,Dawand Jones,LT,25,68,Normal,317,3,Ohio State,"6'8""",375,1140000,340000,1480000,1,0,61,65,42,95,76,15,6,6,6,22,21,12,10,5,5,33,25,12,45,69,66,72,77,93,35,10,42,15,40,55,15,9,9,10,9,9
Cleveland Browns,Parker Brailsford,C,22,67,Normal,273,0,Alabama,"6'2""",289,4370000,520000,1010000,4,0,72,80,72,83,70,15,6,6,6,29,17,15,10,5,5,28,10,21,26,71,71,74,77,78,38,38,42,41,44,45,36,12,15,10,19,18
Cleveland Browns,Joe Royer,TE,24,67,Normal,321,0,Cincinnati,"6'5""",247,4370000,400000,980000,4,0,84,87,82,75,54,27,20,15,10,84,77,66,66,61,55,70,67,69,64,59,59,57,57,62,22,18,24,21,24,25,24,20,25,22,25,24
Cleveland Browns,Taylen Green,QB,24,67,Normal,681,0,Arkansas,"6'6""",227,4370000,320000,960000,4,0,92,91,86,66,28,91,79,82,74,65,64,49,60,57,55,62,77,73,66,40,36,47,45,23,38,45,36,33,21,35,66,24,25,17,32,31
Cleveland Browns,Winston Reid,WILL,27,67,Normal,352,2,Weber State,"6'0""",225,0,0,0,0,0,85,88,73,77,63,28,15,10,6,62,57,12,22,12,6,62,42,64,50,45,45,45,45,77,58,50,67,81,79,77,65,47,56,48,20,15
Cleveland Browns,Keilan Robinson,HB,26,67,Normal,348,2,Texas,"5'9""",191,0,0,0,0,0,92,91,86,69,62,28,20,15,10,65,47,46,57,52,44,83,74,80,70,27,15,45,31,29,10,10,28,34,36,28,16,11,16,14,15,14
Cleveland Browns,Michael Burton,FB,34,66,Normal,116,11,Rutgers,"6'0""",247,1300000,100000,1400000,1,0,80,77,74,82,66,30,15,10,5,62,49,54,45,35,27,74,29,60,76,68,59,65,48,70,25,30,28,43,45,63,15,10,15,15,14,14
Cleveland Browns,Luke Wypler,C,25,66,Normal,209,3,Ohio State,"6'3""",303,3410000,170000,1180000,1,0,68,77,63,85,72,20,6,6,6,29,31,25,25,20,15,34,25,23,29,68,63,72,67,71,20,18,25,35,26,32,15,10,10,12,19,15
Cleveland Browns,Gage Larvadain,WR,23,66,Normal,451,1,South Carolina,"5'8""",171,0,0,0,0,0,90,92,79,62,63,29,18,17,15,78,77,64,69,67,68,71,73,78,36,39,22,31,23,37,19,10,26,32,25,26,22,13,17,13,21,18
Cleveland Browns,Edefuan Ulofoshio,MIKE,26,66,Normal,327,2,Washington,"6'1""",236,0,0,0,0,0,87,91,84,71,60,22,18,14,13,58,56,15,23,13,7,52,37,59,50,45,40,44,41,67,68,65,65,83,80,75,57,66,62,57,36,35
Cleveland Browns,Brenden Bates,TE,26,65,Normal,246,2,Kentucky,"6'4""",255,1070000,0,1070000,1,0,82,80,80,75,66,24,22,15,11,74,72,65,63,55,50,72,54,60,63,64,62,63,59,71,10,10,35,37,34,35,25,10,10,10,15,12
Cleveland Browns,Easton Mascarenas-Arnold,WILL,23,64,Normal,285,1,USC,"5'11""",227,0,0,0,0,0,86,90,88,73,59,13,6,6,6,37,37,15,20,7,5,54,21,37,39,45,45,45,45,76,61,54,62,79,79,77,57,55,61,48,15,11
Cleveland Browns,Chris Edmonds,SS,25,62,Normal,243,1,Arizona State,"6'2""",215,0,0,0,0,0,90,89,79,59,59,25,6,6,6,63,59,23,31,22,17,62,52,65,45,35,35,35,35,54,32,33,55,71,62,75,57,65,68,71,16,15
Cleveland Browns,Carsen Ryan,TE,23,62,Normal,268,0,BYU,"6'3""",255,0,0,0,0,0,82,87,82,77,62,25,12,21,34,80,71,63,59,51,47,73,65,67,63,59,58,58,58,62,49,45,53,55,53,52,42,38,38,24,35,32
Cleveland Browns,Jack Conley,LG,25,62,Normal,226,1,Boston College,"6'7""",333,0,0,0,0,0,62,67,55,83,59,16,6,6,6,22,15,13,12,5,5,26,9,10,20,69,69,67,68,80,15,10,21,25,27,27,15,10,11,10,14,12
Cleveland Browns,Donovan McMillon,FS,24,62,Normal,247,1,Pittsburgh,"6'2""",203,0,0,0,0,0,90,86,84,65,58,24,6,6,6,69,57,22,24,14,12,61,51,61,48,35,35,35,35,57,35,32,51,74,65,75,55,61,64,57,19,15
Cleveland Browns,Kingsley Eguakun,C,25,58,Normal,181,2,Florida,"6'4""",304,0,0,0,0,0,61,68,65,84,60,25,15,10,6,40,15,23,38,38,37,34,31,23,28,67,67,69,67,78,10,10,29,24,29,36,25,12,12,12,22,23
Cleveland Browns,Rex Sunahara,LS,29,56,Normal,63,2,West Virginia,"6'6""",242,1070000,0,1070000,1,0,69,77,67,62,50,38,12,12,12,55,42,26,40,34,29,58,25,21,33,53,39,60,58,59,34,25,25,62,38,48,28,15,25,21,29,18
Jacksonville Jags,Josh Hines-Allen,REDG,21,92,X-Factor,1766,7,Kentucky,"6'5""",255,59250000,70000000,23400000,3,0,87,87,84,83,94,24,6,6,6,74,60,44,48,40,36,67,37,55,51,45,45,45,45,88,91,92,89,91,92,88,94,52,62,58,15,17
Jacksonville Jags,Foyesade Oluokun,MIKE,21,91,Superstar,1032,8,Yale,"6'2""",230,24620000,34850000,16850000,2,0,87,87,84,70,89,28,15,10,10,73,47,15,20,10,10,62,26,42,34,35,35,35,35,81,56,49,80,97,91,87,97,78,80,63,20,14
Jacksonville Jags,Trevor Lawrence,QB,26,85,Superstar,1716,5,Clemson,"6'6""",220,175840000,115520000,24000000,5,0,89,87,88,69,89,92,91,88,81,50,28,20,29,18,13,66,76,74,60,21,18,16,14,26,10,10,24,31,27,19,18,13,18,10,27,23
Jacksonville Jags,Travis Hunter,CB,23,84,Superstar,1028,1,Colorado,"6'1""",188,4190000,42430000,10590000,3,0,93,94,95,61,76,41,31,26,24,85,86,79,82,80,81,70,76,86,50,42,30,35,35,58,35,44,55,77,68,71,78,84,84,80,26,23
Jacksonville Jags,Jourdan Lewis,CB,31,83,Normal,524,9,Michigan,"5'10""",195,10800000,17550000,6590000,2,0,88,87,84,67,94,24,6,6,6,73,77,26,32,22,15,65,66,78,38,35,35,35,35,61,27,36,58,78,69,66,92,84,80,82,26,26
Jacksonville Jags,Brian Thomas Jr,WR,23,82,Superstar,1082,2,LSU,"6'3""",209,5610000,9040000,3990000,2,0,97,95,88,59,74,24,15,10,6,82,85,79,81,84,83,76,76,87,43,44,19,26,10,43,10,10,26,30,28,15,18,15,19,15,18,13
Jacksonville Jags,Cam Little,K,23,82,Superstar,605,2,Arkansas,"6'2""",172,4010000,130000,1100000,2,0,74,78,65,41,64,29,32,21,12,21,15,15,15,15,15,20,5,21,10,16,16,17,17,16,10,10,12,29,21,13,15,11,12,10,99,94
Jacksonville Jags,Jakobi Meyers,WR,29,82,Star,591,7,N.C. State,"6'2""",200,31900000,0,12170000,1,0,88,91,86,62,83,75,57,52,48,94,87,72,83,82,78,73,73,82,50,48,32,37,30,47,10,10,35,43,39,28,32,24,32,23,45,31
Jacksonville Jags,Antonio Johnson,SS,24,82,Star,718,3,Texas A&M,"6'3""",195,24380000,11770000,3740000,5,0,88,92,80,55,80,23,15,10,10,64,63,49,45,40,33,54,71,71,52,35,35,35,35,51,35,49,55,85,81,85,80,79,86,76,19,16
Jacksonville Jags,Parker Washington,WR,24,82,Star,936,3,Penn State,"5'10""",204,6260000,170000,3710000,1,0,89,91,87,66,85,25,15,10,6,85,87,76,85,84,81,75,78,83,59,40,15,24,15,48,10,10,20,20,30,31,16,10,10,10,20,18
Jacksonville Jags,Travon Walker,LEDG,25,81,Superstar,909,4,Georgia,"6'5""",272,80190000,44910000,9410000,5,0,87,91,83,88,79,18,6,6,6,60,49,27,25,19,14,54,29,46,48,45,45,45,45,96,81,72,82,84,79,87,79,44,54,29,14,15
Jacksonville Jags,Ezra Cleveland,LG,28,80,Star,451,6,Boise State,"6'6""",312,10000000,12980000,11420000,1,0,76,77,70,88,79,10,6,6,6,30,15,15,15,5,5,34,5,10,25,79,77,84,86,83,50,37,56,51,55,52,42,11,12,10,11,11
Jacksonville Jags,Jarrian Jones,CB,25,79,Normal,780,2,Florida State,"6'0""",191,4530000,1040000,1520000,2,0,93,94,88,43,74,32,16,9,8,74,65,31,32,26,22,61,65,73,27,28,23,25,14,54,28,43,46,76,72,61,72,82,78,68,16,18
Jacksonville Jags,Bhayshul Tuten,HB,24,78,Star,689,1,Virginia Tech,"5'9""",206,4190000,1090000,1300000,3,0,95,96,90,75,63,29,21,15,10,65,56,59,59,52,49,85,81,87,78,35,28,51,36,37,28,30,38,38,37,34,29,26,30,22,35,23
Jacksonville Jags,Brenton Strange,TE,25,78,Star,597,3,Penn State,"6'3""",253,22170000,11720000,3330000,4,0,83,87,75,77,76,28,23,18,14,86,79,68,74,66,58,74,68,59,71,69,69,64,66,69,37,44,54,64,53,55,41,42,48,40,22,16
Jacksonville Jags,Anton Harrison,RT,24,78,Normal,418,3,Oklahoma,"6'5""",315,25640000,6570000,4180000,2,0,73,79,62,82,85,21,6,6,6,32,22,18,21,13,7,27,15,18,21,77,74,83,82,79,33,26,38,33,29,42,26,14,11,12,19,13
Jacksonville Jags,Arik Armstead,DT,32,77,Normal,271,11,Oregon,"6'7""",290,17500000,23500000,19380000,1,0,73,70,68,91,77,35,6,6,6,38,15,12,10,3,2,44,16,15,45,45,45,45,45,88,77,67,77,82,85,80,79,32,40,35,30,30
Jacksonville Jags,Walker Little,LT,27,77,Normal,427,5,Stanford,"6'7""",325,27790000,13910000,14490000,2,0,65,66,69,86,85,22,6,6,6,26,15,16,14,5,5,28,6,11,20,79,77,80,77,83,32,24,31,21,35,39,24,11,14,10,18,19
Jacksonville Jags,Kendre Miller,HB,24,77,Normal,558,3,TCU,"6'0""",220,3670000,0,1290000,2,0,90,90,84,75,79,36,34,26,21,64,48,43,53,44,38,89,83,86,82,36,24,49,27,35,40,34,55,58,57,62,49,33,38,48,18,15
Jacksonville Jags,Logan Cooke,P,31,76,Normal,208,8,Mississippi State,"6'5""",230,11960000,6910000,2690000,4,0,71,66,49,56,61,43,26,20,16,39,15,17,15,15,15,41,20,14,17,21,21,21,21,24,10,10,26,40,33,25,16,13,16,10,94,85
Jacksonville Jags,Emmanuel Pregnon,RG,24,76,Star,564,0,Oregon,"6'4""",314,5230000,1550000,1230000,4,0,65,68,60,93,74,14,6,6,6,24,24,13,14,5,5,22,10,10,24,78,80,76,78,85,41,39,28,35,35,38,22,11,16,10,25,27
Jacksonville Jags,Albert Regis,DT,23,76,Superstar,729,0,Texas A&M,"6'1""",295,5280000,1670000,1260000,4,0,76,78,59,91,77,25,6,6,6,39,24,33,31,27,21,45,17,23,45,45,45,45,45,89,74,67,77,79,85,80,75,25,16,18,15,21
Jacksonville Jags,Caleb Ransaw,FS,23,75,Superstar,627,1,Tulane,"6'0""",197,4840000,1350000,1420000,3,0,95,96,86,62,69,24,6,6,6,67,60,22,25,15,13,59,47,66,38,35,35,35,35,58,38,35,54,78,71,74,65,72,75,63,21,17
Jacksonville Jags,Jahlani Tavai,WILL,29,75,Normal,484,7,Hawaii,"6'2""",255,1080000,0,1080000,1,0,84,84,78,78,72,25,6,6,6,69,49,27,34,24,17,54,51,46,51,45,45,45,45,86,64,51,74,85,85,84,76,61,64,46,15,19
Jacksonville Jags,Robert Hainsey,C,28,75,Normal,301,5,Notre Dame,"6'4""",306,8960000,10980000,4520000,2,0,63,68,63,87,83,21,6,6,6,22,15,13,15,5,5,34,12,10,24,78,80,78,78,82,25,15,33,29,25,23,20,13,11,10,13,11
Jacksonville Jags,Montaric Brown,CB,27,75,Normal,409,4,Arkansas,"6'0""",190,20050000,11720000,3920000,3,0,87,90,78,57,78,23,6,6,6,70,67,39,41,36,32,61,49,68,31,35,35,35,35,53,27,34,49,71,61,52,76,77,83,73,17,14
Jacksonville Jags,Ruke Orhorhoro,DT,24,74,Normal,408,2,Clemson,"6'4""",290,5860000,2010000,1690000,2,0,76,83,71,90,64,22,6,6,6,48,12,17,13,6,3,34,16,32,33,45,44,45,45,87,76,66,78,80,82,83,66,23,29,22,21,19
Jacksonville Jags,Wesley Williams,REDG,21,74,Normal,670,0,Duke,"6'4""",256,4370000,1120000,1160000,4,0,76,82,79,80,79,36,21,17,17,42,32,15,17,15,10,48,43,37,31,45,45,45,45,79,74,69,76,79,83,84,79,31,39,49,27,20
Jacksonville Jags,Patrick Mekari,RG,29,73,Normal,207,7,California,"6'4""",305,15300000,20260000,7380000,2,0,71,67,58,85,86,22,6,6,6,22,12,12,10,5,5,33,9,12,23,75,77,75,76,83,15,15,25,31,34,30,30,9,12,10,22,20
Jacksonville Jags,DaVon Hamilton,DT,29,73,Normal,225,6,Ohio State,"6'4""",335,13660000,20760000,12440000,1,0,70,67,65,91,74,22,6,6,6,26,18,17,14,6,5,36,14,26,38,45,44,44,46,86,72,60,76,78,79,79,76,16,23,19,18,19
Jacksonville Jags,Chris Rodriguez Jr,HB,25,73,Normal,336,3,Kentucky,"5'11""",224,5390000,4540000,2240000,2,0,89,91,79,74,78,27,24,20,14,60,52,40,51,44,37,90,82,76,84,45,45,57,55,50,11,12,35,46,39,49,40,30,37,32,14,12
Jacksonville Jags,LeQuint Allen Jr,HB,22,72,Normal,455,1,Syracuse,"6'0""",204,4190000,90000,1020000,3,0,89,92,86,72,66,51,32,27,20,69,59,61,67,62,57,90,80,80,79,40,27,55,38,34,33,45,58,65,55,52,30,48,53,43,18,22
Jacksonville Jags,Dorian Strong,FS,24,72,Normal,387,1,Virginia Tech,"6'1""",185,2930000,930000,1220000,3,0,89,91,96,60,67,18,17,14,9,73,66,31,29,27,27,58,45,70,23,35,25,35,25,52,29,29,49,74,67,69,66,68,73,72,18,17
Jacksonville Jags,Wyatt Milum,RG,23,71,Normal,304,1,West Virginia,"6'7""",313,4910000,1350000,1420000,3,0,63,67,65,87,69,18,6,6,6,38,27,15,20,15,13,40,27,33,27,76,76,75,75,88,42,45,43,35,25,26,30,12,11,10,12,13
Jacksonville Jags,Jalen Huskey,FS,23,71,Normal,367,0,Maryland,"6'1""",192,5190000,1320000,1210000,4,0,87,93,77,57,72,28,6,6,6,65,62,42,46,43,36,58,59,64,52,35,35,35,35,51,35,43,53,77,67,73,71,66,74,66,23,26
Jacksonville Jags,Corey Ballentine,CB,30,71,Normal,377,7,Washburn,"5'11""",196,1080000,0,1080000,1,0,88,89,87,61,73,22,6,6,6,65,63,34,44,34,27,52,54,74,43,18,33,13,33,45,38,42,55,74,58,68,71,75,68,71,18,17
Jacksonville Jags,Ross Matiscik,LS,29,71,Normal,152,6,Baylor,"6'0""",240,3940000,1170000,1660000,3,0,70,66,68,73,66,33,11,11,11,55,49,40,46,42,38,60,15,20,35,47,40,55,47,70,52,47,62,72,62,73,56,47,50,30,22,36
Jacksonville Jags,Zach Durfee,LEDG,24,70,Normal,550,0,Washington,"6'5""",258,4370000,120000,910000,4,0,86,86,83,77,63,19,22,20,15,36,35,17,17,15,10,52,40,35,37,45,45,45,45,72,67,73,70,78,78,78,62,24,31,35,27,20
Jacksonville Jags,Josh Cameron,WR,23,70,Normal,515,0,Baylor,"6'2""",220,4370000,280000,950000,4,0,88,89,83,75,64,28,11,16,17,81,79,77,72,76,70,68,79,74,64,52,30,31,28,47,26,22,25,28,26,32,20,22,25,26,35,32
Jacksonville Jags,Jalin Hyatt,WR,24,70,Normal,398,3,Tennessee,"6'0""",190,6600000,0,1360000,3,0,94,95,84,57,64,25,15,10,6,82,77,70,72,73,76,75,69,76,35,47,15,28,13,38,10,10,20,25,17,17,15,10,10,10,19,19
Jacksonville Jags,Jack Kiser,MIKE,25,69,Star,322,1,Notre Dame,"6'2""",229,4130000,1040000,1260000,3,0,83,88,78,70,71,26,28,25,22,55,48,22,23,18,15,67,42,46,48,45,45,45,45,71,57,59,69,83,81,80,71,62,64,45,22,18
Jacksonville Jags,Nate Boerkircher,TE,24,68,Star,289,0,Texas A&M,"6'6""",245,5750000,2640000,1540000,4,0,80,89,83,78,67,31,20,15,12,77,76,60,63,54,48,72,62,68,66,63,61,60,59,64,40,38,47,50,50,45,40,36,40,22,32,27
Jacksonville Jags,C.J. Williams,WR,22,67,Normal,406,0,Stanford,"6'1""",203,4370000,240000,940000,4,0,88,91,83,65,75,27,26,19,13,78,80,70,66,67,67,71,73,75,53,51,35,29,27,45,24,22,23,26,24,25,25,24,28,24,41,38
Jacksonville Jags,Rayuan Lane III,FS,23,67,Normal,290,1,Navy,"5'11""",201,4190000,210000,1050000,3,0,87,85,79,59,72,24,6,6,6,64,57,25,28,21,17,63,52,64,45,35,35,35,35,52,30,36,46,75,65,77,72,60,68,71,19,15
Jacksonville Jags,Chuma Edoga,RT,29,67,Normal,157,7,USC,"6'3""",315,3400000,3420000,3910000,1,0,69,66,66,84,75,23,6,6,6,29,16,15,17,7,5,24,9,10,28,72,69,69,67,77,10,10,26,27,36,35,15,12,15,10,40,30
Jacksonville Jags,Chris Roland-Wallace,FS,24,67,Normal,372,2,USC,"6'0""",202,0,0,0,0,0,86,90,78,64,73,38,36,34,31,65,65,61,62,60,58,62,52,72,33,34,33,33,33,45,37,45,42,69,56,50,71,71,70,65,18,15
Jacksonville Jags,Gabriel Murphy,LEDG,25,67,Normal,510,2,UCLA,"6'2""",247,0,0,0,0,0,83,90,80,77,64,37,15,10,5,38,43,30,15,5,5,38,47,53,37,30,20,35,17,68,62,68,69,78,73,77,69,54,55,47,15,14
Jacksonville Jags,Jamree Kromah,LEDG,26,67,Normal,505,2,James Madison,"6'3""",268,0,0,0,0,0,79,85,73,82,60,23,9,9,9,38,27,24,22,19,14,42,20,32,39,45,45,45,45,84,69,58,75,79,78,82,64,20,27,19,15,18
Jacksonville Jags,Tanner Koziol,TE,23,66,Star,339,0,Houston,"6'6""",247,4370000,440000,990000,4,0,82,87,81,73,55,34,20,15,10,83,74,64,62,53,47,74,69,70,63,60,59,58,57,65,22,20,24,27,24,28,28,21,25,20,24,25
Jacksonville Jags,Kitan Crawford,SS,24,66,Normal,243,1,Nevada,"5'11""",202,1760000,500000,1100000,2,0,92,90,83,64,62,24,6,6,6,62,58,25,28,21,17,62,51,65,44,35,35,35,35,53,35,34,50,76,65,76,59,64,67,65,19,15
Jacksonville Jags,Jalen McLeod,MIKE,24,65,Normal,246,1,Auburn,"6'2""",241,3720000,210000,930000,3,0,81,86,72,77,66,21,18,10,10,34,25,13,15,10,5,44,25,34,25,45,45,45,45,76,66,70,69,79,78,79,67,55,60,43,27,25
Jacksonville Jags,Brady Boyd,WR,23,65,Normal,415,0,Utah State,"6'1""",195,0,0,0,0,0,92,92,84,59,50,31,21,18,15,75,75,68,66,68,69,69,73,79,46,48,13,25,10,41,15,14,21,24,24,27,32,18,23,21,23,17
Jacksonville Jags,Jonah Monheim,C,24,64,Normal,200,1,USC,"6'4""",310,4190000,130000,1030000,3,0,72,80,68,80,70,19,6,6,6,29,18,18,15,5,5,34,6,12,21,74,68,74,67,78,10,10,30,30,10,18,23,10,10,10,18,20
Jacksonville Jags,Yasir Abdullah,SAM,26,64,Normal,170,3,Louisville,"6'1""",240,3830000,370000,1230000,1,0,90,95,83,70,59,20,9,7,6,64,59,29,27,24,20,45,37,57,40,40,40,35,35,65,57,66,62,81,75,87,60,60,50,44,28,23
Jacksonville Jags,Matt Gulbin,C,23,64,Normal,270,0,Michigan State,"6'4""",312,0,0,0,0,0,64,71,60,79,66,17,6,6,6,28,19,11,10,5,5,32,10,15,37,77,70,77,69,80,39,32,41,37,37,43,36,19,19,10,14,15
Jacksonville Jags,Dylan McMahon,C,25,64,Normal,265,2,N.C. State,"6'4""",290,0,0,0,0,0,69,75,75,80,72,25,21,19,13,25,15,12,15,9,5,35,5,10,25,72,69,71,69,79,10,10,29,46,36,33,34,9,9,10,19,22
Jacksonville Jags,Devon Marshall,CB,22,64,Normal,388,0,N.C. State,"5'11""",200,0,0,0,0,0,89,90,83,56,59,24,6,6,6,67,72,35,21,18,15,49,56,72,34,35,35,35,35,54,35,25,46,73,61,58,56,69,71,68,15,31
Jacksonville Jags,Joey Aguilar,QB,25,63,Normal,489,0,Tennessee,"6'3""",225,2860000,250000,890000,3,0,80,83,75,63,45,88,80,80,76,34,25,17,23,20,17,66,64,62,51,20,10,15,15,21,20,20,22,24,20,23,27,18,23,11,27,29
Jacksonville Jags,Branson Combs,MIKE,26,63,Normal,255,1,Wake Forest,"6'3""",228,0,0,0,0,0,83,93,81,71,60,23,6,6,6,58,53,22,24,21,18,53,41,53,44,45,45,45,45,69,51,53,67,80,78,77,59,55,61,45,22,18
Jacksonville Jags,Garrett DiGiorgio,RG,23,62,Normal,185,0,UCLA,"6'7""",320,2860000,250000,890000,3,0,60,64,55,84,62,15,6,6,6,31,12,11,12,5,5,32,15,10,39,71,69,70,71,76,56,31,32,28,41,47,26,15,32,10,16,15
Jacksonville Jags,Reid Holskey,LT,24,62,Normal,329,1,Miami of Ohio,"6'6""",310,0,0,0,0,0,69,73,63,91,56,15,6,6,6,25,15,12,15,5,5,25,9,10,25,69,69,67,68,79,16,10,24,22,26,25,13,11,12,10,15,13
Jacksonville Jags,Esa Pole,LT,25,62,Normal,326,1,Washington State,"6'7""",319,0,0,0,0,0,63,65,52,83,58,17,6,6,6,27,19,16,16,5,5,24,6,11,27,72,70,70,72,78,14,10,25,25,25,25,13,11,12,10,12,13
Jacksonville Jags,Nick Mullens,QB,31,61,Normal,295,9,Southern Miss,"6'0""",210,2900000,1600000,2500000,1,0,74,78,71,57,60,84,81,78,74,34,32,24,21,16,10,57,49,57,42,28,20,16,25,38,10,26,29,19,26,28,15,15,20,10,18,13
Tennessee Titans,Jeffery Simmons,DT,21,96,Superstar,1288,7,Mississippi State,"6'4""",305,120000000,38920000,22060000,5,0,78,82,75,97,96,20,6,6,6,43,32,25,40,32,30,29,16,32,26,45,45,45,45,87,95,90,93,91,88,91,95,29,39,17,15,16
Tennessee Titans,Tony Pollard,HB,21,86,Normal,682,7,Memphis,"6'0""",209,31940000,20710000,9250000,6,0,93,93,85,69,86,25,21,15,12,74,61,64,67,63,62,90,81,93,73,32,24,62,31,34,12,15,30,42,38,30,29,40,36,24,14,10
Tennessee Titans,Wan'Dale Robinson,WR,25,85,Star,887,4,Kentucky,"5'8""",185,55960000,14010000,11270000,4,0,91,93,92,61,86,27,19,14,10,94,83,74,88,85,84,79,77,85,52,40,18,29,12,43,10,10,32,37,34,29,31,24,30,23,21,17
Tennessee Titans,Peter Skoronski,LG,25,85,Star,689,3,Northwestern,"6'4""",313,22900000,15820000,6250000,2,0,67,80,58,89,87,25,8,8,8,36,15,18,14,10,5,29,25,19,27,84,86,88,84,89,24,16,22,30,25,22,26,10,9,10,32,30
Tennessee Titans,Cor'Dale Flott,CB,25,84,Star,848,4,LSU,"6'1""",175,31470000,13430000,10740000,3,0,92,93,86,50,84,25,15,10,6,63,62,21,36,33,30,48,48,73,21,27,27,22,22,47,21,29,42,69,66,45,86,77,89,71,18,14
Tennessee Titans,Kamren Kinchens,FS,23,82,Star,897,2,Miami,"5'11""",202,15940000,14880000,1300000,5,0,86,88,84,59,84,31,21,17,14,80,67,22,24,15,11,63,45,66,49,45,40,40,35,56,38,43,59,79,77,88,85,74,85,72,20,15
Tennessee Titans,JC Latham,RT,23,80,Star,512,2,Alabama,"6'6""",342,4010000,22010000,7090000,2,0,63,64,60,94,78,21,11,9,6,24,27,19,15,14,10,33,15,10,41,83,82,79,83,91,47,32,49,31,40,51,26,9,10,10,21,17
Tennessee Titans,Cedric Gray,WILL,23,80,Star,782,2,North Carolina,"6'2""",234,3870000,810000,1270000,2,0,84,91,77,70,79,14,17,19,14,70,65,18,21,21,15,60,54,64,52,28,23,25,24,70,59,67,74,87,89,82,78,71,77,66,15,14
Tennessee Titans,Alontae Taylor,CB,21,80,Superstar,795,4,Tennessee,"6'1""",199,44470000,13530000,14000000,3,0,95,94,82,60,81,44,42,35,30,72,64,42,43,40,36,63,57,76,38,35,35,35,35,54,36,45,43,70,62,74,80,75,79,74,21,21
Tennessee Titans,Kareem Hunt,HB,31,80,Normal,394,9,Toledo,"5'11""",216,3230000,0,3230000,1,0,85,88,85,81,83,27,24,20,17,71,60,52,67,61,55,93,84,83,86,57,39,59,28,50,10,10,29,34,31,24,16,13,28,20,24,16
Tennessee Titans,Cam Ward,QB,24,79,X-Factor,1488,1,Miami,"6'2""",219,4190000,44620000,11090000,3,0,82,85,83,66,72,93,89,83,84,49,33,25,35,17,19,65,63,62,41,32,33,26,36,30,38,39,40,24,35,34,32,33,35,33,24,28
Tennessee Titans,Carnell Tate,WR,21,79,Star,662,0,Ohio State,"6'2""",192,17460000,33640000,9290000,4,0,91,90,89,68,82,31,25,20,15,87,86,79,78,81,80,74,75,80,53,47,35,23,23,46,15,18,22,24,25,21,22,24,23,17,29,25
Tennessee Titans,Keldric Faulk,LEDG,21,79,Star,877,0,Auburn,"6'6""",276,5720000,8840000,3090000,4,0,83,82,76,84,74,35,20,18,10,37,42,18,17,15,10,51,45,46,41,45,45,45,45,87,77,73,85,86,87,88,75,21,25,41,27,20
Tennessee Titans,John Franklin-Myers,LEDG,29,78,Normal,465,8,Stephen F. Austin,"6'4""",288,44840000,18090000,14950000,3,0,77,79,71,90,85,20,9,9,9,38,15,15,15,8,4,26,24,31,32,45,45,45,45,88,74,81,81,79,82,84,82,25,33,25,16,12
Tennessee Titans,Amani Hooker,SS,28,78,Normal,309,7,Iowa,"5'11""",210,34000000,17090000,11950000,3,0,87,89,87,62,86,42,34,28,24,78,70,35,37,33,24,65,55,74,32,35,35,35,35,58,45,55,52,72,73,80,83,68,74,65,55,44
Tennessee Titans,Cody Barton,MIKE,29,78,Normal,358,7,Utah,"6'2""",237,14820000,6180000,8230000,2,0,85,85,82,78,83,22,6,6,6,74,50,31,29,24,18,49,38,55,39,45,45,45,45,78,61,55,70,86,85,78,80,60,72,50,16,20
Tennessee Titans,Jermaine Johnson II,REDG,27,78,Normal,492,4,Florida State,"6'5""",254,19770000,6680000,13410000,1,0,85,88,81,82,76,21,6,6,6,48,27,23,19,12,9,44,28,43,42,45,46,45,44,87,79,74,78,85,81,84,78,32,43,26,17,15
Tennessee Titans,Zach Ertz,TE,35,78,Normal,355,13,Stanford,"6'5""",250,4160000,0,4160000,1,0,82,78,78,74,91,42,15,10,6,81,86,79,74,66,62,80,69,73,69,55,52,62,61,68,10,10,44,36,36,12,17,19,18,10,22,22
Tennessee Titans,Joey Slye,K,30,77,Normal,267,7,Virginia Tech,"5'11""",213,1500000,500000,2000000,1,0,71,72,61,66,60,29,31,30,24,35,12,12,10,10,10,40,15,21,15,19,10,16,10,10,10,10,24,29,31,11,10,12,12,10,98,84
Tennessee Titans,Tommy Townsend,P,29,77,Normal,243,6,Florida,"6'1""",191,3660000,1340000,2100000,2,0,81,83,64,43,64,58,49,41,33,20,15,15,15,15,15,40,12,10,10,14,14,11,11,14,10,10,32,23,35,12,28,16,24,10,95,83
Tennessee Titans,Jacob Martin,REDG,30,76,Normal,505,8,Temple,"6'2""",242,5480000,3520000,3500000,2,0,86,84,79,77,82,23,6,6,6,48,28,25,15,5,5,50,22,37,34,45,45,45,45,69,66,78,75,79,78,78,79,38,43,31,17,11
Tennessee Titans,Chimere Dike,WR,24,76,Star,757,1,Florida,"6'1""",196,4290000,1080000,1370000,3,0,94,94,88,65,80,11,21,10,14,87,81,72,74,76,77,73,69,75,37,51,27,26,24,50,31,31,38,43,49,40,39,53,47,26,20,18
Tennessee Titans,Anthony Hill Jr.,MIKE,21,76,Superstar,664,0,Texas,"6'2""",238,5740000,2360000,1470000,4,0,93,91,82,73,73,32,6,6,6,65,61,15,25,20,15,57,36,50,46,45,54,50,48,72,58,57,73,83,85,82,80,62,69,47,14,13
Tennessee Titans,Tony Adams,SS,27,76,Normal,401,4,Illinois,"6'0""",205,1210000,800000,2010000,1,0,89,93,83,62,75,25,15,10,10,68,54,41,43,42,39,59,51,72,42,35,35,35,35,54,25,33,48,75,65,77,77,77,75,67,15,11
Tennessee Titans,Keeanu Benton,DT,25,76,Normal,374,3,Wisconsin,"6'4""",309,4720000,0,4720000,1,0,70,75,69,89,79,19,6,6,6,46,36,15,15,7,6,38,10,25,35,45,45,40,40,87,81,67,76,77,84,84,78,15,21,10,13,10
Tennessee Titans,Kevin Winston Jr,FS,22,75,Star,538,1,Penn State,"6'2""",213,5040000,1280000,1450000,3,0,89,94,84,64,69,24,6,6,6,66,59,21,24,14,12,62,56,65,52,35,35,35,35,55,38,40,58,86,78,83,70,62,71,70,20,17
Tennessee Titans,Joshua Williams,CB,26,75,Normal,467,4,Fayetteville State,"6'3""",193,5730000,2200000,3060000,2,0,92,93,86,59,76,30,6,6,6,71,66,43,40,37,35,64,62,72,42,35,35,34,34,55,32,38,46,70,60,66,73,70,75,76,14,13
Tennessee Titans,Oluwafemi Oladejo,REDG,22,74,Star,627,1,UCLA,"6'3""",261,5640000,2760000,1910000,3,0,85,87,83,81,73,26,20,15,10,55,47,16,17,10,5,51,32,37,32,45,45,45,45,81,75,74,77,80,80,81,72,49,57,41,27,24
Tennessee Titans,Dan Moore,LT,27,73,Normal,306,5,Texas A&M,"6'5""",315,54460000,27500000,26340000,3,0,64,64,64,88,83,13,6,6,6,27,15,12,13,5,5,36,8,10,35,77,76,74,72,83,21,16,29,25,36,31,31,12,13,10,19,12
Tennessee Titans,Cole Van Lanen,LT,28,73,Normal,426,5,Wisconsin,"6'4""",312,2490000,0,2490000,1,0,67,78,71,79,71,30,6,6,6,22,15,14,15,5,5,22,8,10,23,78,81,78,79,83,25,15,35,29,26,22,21,13,15,10,14,10
Tennessee Titans,Gunnar Helm,TE,23,72,Normal,416,1,Texas,"6'5""",241,4190000,960000,1240000,3,0,78,80,79,74,79,21,13,7,15,82,77,69,67,63,60,71,65,65,66,60,61,59,60,62,40,34,44,45,41,34,21,24,24,10,25,20
Tennessee Titans,Fernando Carmona,LG,24,72,Star,469,0,Arkansas,"6'5""",316,4370000,560000,1020000,4,0,65,65,67,86,72,16,6,6,6,37,38,25,34,28,22,24,10,10,27,76,77,80,74,87,10,10,15,24,31,29,23,14,16,10,21,25
Tennessee Titans,Cordell Volson,RG,28,72,Normal,271,4,North Dakota State,"6'6""",315,1450000,1000000,2450000,1,0,63,69,55,85,78,25,10,8,6,37,35,33,34,31,28,44,30,33,40,78,78,70,73,79,38,37,42,42,42,40,39,15,20,10,40,37
Tennessee Titans,Nazeeh Johnson,CB,28,72,Normal,463,4,Marshall,"5'10""",199,1080000,0,1080000,1,0,92,93,84,56,73,25,15,10,10,68,58,24,36,31,26,61,63,72,52,35,35,30,30,59,40,46,52,71,55,72,75,69,73,64,15,14
Tennessee Titans,Marcus Harris,CB,25,71,Normal,515,1,California,"5'11""",188,4150000,240000,1060000,3,0,93,92,79,59,63,13,16,12,7,74,67,31,31,30,29,60,44,67,25,33,25,35,25,50,27,26,48,73,71,57,62,73,69,68,23,23
Tennessee Titans,Nick Singleton,HB,22,71,Normal,431,0,Penn State,"6'0""",219,4370000,440000,990000,4,0,93,94,87,78,67,28,22,18,15,70,62,50,64,56,49,89,76,79,73,44,33,50,33,46,15,16,25,23,24,23,27,16,24,25,26,23
Tennessee Titans,K.J. Osborn,WR,29,71,Normal,371,6,Miami,"5'11""",203,1210000,0,1210000,1,0,88,89,82,64,76,29,15,10,6,86,83,74,76,76,73,75,73,79,50,44,32,37,20,45,10,10,39,41,39,35,14,12,17,16,18,12
Tennessee Titans,Daniel Bellinger,TE,25,71,Normal,232,4,San Diego State,"6'5""",253,15970000,7980000,5130000,3,0,84,88,78,79,73,25,15,10,6,84,77,68,67,60,54,74,57,63,64,62,61,61,57,66,34,31,49,55,44,40,39,23,31,24,16,16
Tennessee Titans,Mohamoud Diabate,WILL,25,71,Normal,324,3,Utah,"6'4""",225,1140000,210000,1350000,1,0,87,86,79,69,72,26,6,6,6,49,45,23,15,9,7,47,34,55,45,45,45,35,35,68,62,69,71,82,82,88,72,53,60,41,15,16
Tennessee Titans,Kalel Mullings,HB,23,70,Normal,377,1,Michigan,"6'2""",226,3890000,210000,1050000,3,0,87,91,79,79,66,42,37,32,25,61,48,41,51,44,35,93,78,76,83,45,32,50,49,50,46,40,63,70,62,62,23,55,62,53,26,30
Tennessee Titans,Jackson Slater,RG,23,69,Normal,303,2,Sacramento State,"6'3""",311,4190000,360000,1090000,3,0,72,72,61,89,69,24,5,5,5,25,24,15,13,5,5,29,8,11,26,74,72,70,72,81,35,33,36,31,35,22,24,12,14,10,17,12
Tennessee Titans,Austin Schlottmann,C,30,69,Normal,177,8,TCU,"6'6""",300,4980000,2020000,3000000,2,0,69,74,57,86,77,17,6,6,6,36,20,32,16,10,8,29,5,10,15,72,66,73,71,79,10,10,25,31,35,15,10,12,12,10,20,21
Tennessee Titans,Xavier Restrepo,WR,24,69,Normal,490,1,Miami,"5'10""",202,1930000,0,880000,2,0,84,85,89,61,70,47,33,29,23,82,79,67,76,73,70,70,71,76,49,46,21,25,27,44,29,30,37,40,36,37,34,38,43,27,28,24
Tennessee Titans,Jackie Marshall,DT,23,68,Normal,340,0,Baylor,"6'2""",293,4370000,320000,960000,4,0,76,81,62,87,66,12,6,6,6,34,29,25,18,16,3,35,14,32,46,45,45,45,45,85,72,64,74,75,77,79,64,25,24,29,11,22
Tennessee Titans,Andre James,C,29,68,Star,298,7,UCLA,"6'4""",300,1080000,0,1080000,1,0,66,67,56,83,71,25,6,6,6,29,15,16,15,5,5,37,7,10,20,72,70,78,75,83,25,15,39,29,32,20,20,13,15,10,22,21
Tennessee Titans,James Williams Sr,MIKE,23,67,Normal,265,2,Miami,"6'4""",231,4010000,90000,1090000,2,0,84,89,79,71,67,35,34,27,24,69,71,42,33,28,23,65,62,66,65,35,35,35,35,67,54,47,57,78,71,88,65,69,71,81,15,14
Tennessee Titans,Micah Robinson,CB,24,67,Normal,484,1,Tulane,"5'11""",183,0,0,0,0,0,92,94,79,58,64,22,15,13,10,75,70,26,20,20,17,65,45,74,27,35,25,35,25,40,25,23,48,74,64,49,63,65,67,65,21,29
Tennessee Titans,Andre Fuller,CB,24,67,Normal,484,0,Toledo,"6'1""",200,0,0,0,0,0,89,92,84,64,60,24,6,6,6,65,61,30,26,28,23,57,55,71,32,35,35,35,35,48,36,40,46,68,57,59,58,72,66,71,16,14
Tennessee Titans,Jude McAtamney,K,26,66,Normal,191,2,Rutgers,"6'2""",205,0,0,0,0,0,73,72,66,47,50,29,34,32,27,33,15,12,10,10,10,32,5,10,10,12,12,16,15,14,10,10,13,15,31,12,10,9,11,10,89,76
Tennessee Titans,Morgan Cox,LS,40,65,Normal,72,17,Tennessee,"6'4""",233,1300000,180000,1480000,1,0,70,61,61,73,73,22,10,10,10,58,42,25,47,40,35,67,26,14,33,50,40,56,50,57,56,55,63,63,63,59,29,15,20,15,29,18
Tennessee Titans,Pat Coogan,C,23,65,Normal,234,0,Indiana,"6'5""",310,4370000,240000,940000,4,0,66,63,57,82,67,17,6,6,6,36,14,12,10,5,5,33,10,17,36,74,73,74,73,79,23,22,43,32,36,37,37,16,13,10,18,18
Tennessee Titans,Austin Deculus,LT,27,65,Normal,265,4,LSU,"6'5""",321,1140000,50000,1190000,1,0,69,76,50,84,74,18,6,6,6,19,17,13,20,16,8,24,7,16,26,72,74,64,67,81,10,10,29,21,27,35,20,8,9,10,19,16
Tennessee Titans,Bryce Oliver,WR,26,65,Normal,383,2,Youngstown State,"6'1""",214,0,0,0,0,0,87,86,80,60,68,30,15,10,6,79,78,64,70,69,68,70,75,77,57,48,31,31,28,44,10,10,27,28,29,26,14,10,10,10,17,15
Tennessee Titans,Demani Richardson,SS,25,65,Normal,310,2,Texas A&M,"6'1""",214,0,0,0,0,0,86,92,78,64,65,27,20,16,13,67,65,34,40,38,24,62,56,72,47,35,35,33,33,59,36,48,52,78,69,76,63,62,66,65,25,24
Tennessee Titans,Hendon Hooker,QB,28,64,Normal,430,3,Tennessee,"6'3""",221,2400000,0,1140000,2,0,86,90,86,67,35,89,80,77,73,44,18,21,28,20,16,53,72,75,52,23,18,15,17,28,10,10,21,25,21,19,16,9,14,10,18,14
Tennessee Titans,Joe Giles-Harris,SAM,29,64,Normal,152,7,Duke,"6'2""",234,1300000,0,1300000,1,0,82,80,78,69,60,25,6,6,6,53,47,33,27,24,20,45,37,45,43,45,45,45,45,81,61,62,70,80,81,82,58,48,57,31,18,13
Tennessee Titans,Garrett Dellinger,RG,24,64,Normal,268,1,LSU,"6'5""",320,0,0,0,0,0,67,77,63,88,65,22,6,6,6,26,32,12,12,5,5,24,13,10,24,68,68,67,67,78,10,10,25,25,18,24,22,10,11,10,18,15
Tennessee Titans,Loren Strickland,SS,26,64,Normal,272,2,Ball State,"5'9""",202,0,0,0,0,0,87,90,85,62,63,25,6,6,6,65,62,21,25,17,10,58,32,68,29,35,35,35,35,56,37,46,54,75,63,73,61,61,66,66,17,12
Tennessee Titans,Rashad Wisdom,FS,25,64,Normal,286,2,UTSA,"5'9""",210,0,0,0,0,0,87,92,87,57,61,25,23,12,10,68,64,27,28,18,10,63,66,74,66,23,23,20,20,56,33,39,56,73,67,77,66,52,63,64,13,13
Tennessee Titans,Brandon Crenshaw-Dickson,RT,25,62,Normal,171,1,Florida,"6'7""",316,1840000,0,1000000,1,0,61,63,60,86,59,12,8,6,6,19,18,12,17,5,5,25,12,10,25,68,67,70,68,78,13,10,24,23,25,25,14,11,15,10,16,11
Tennessee Titans,Jack Cochrane,SAM,27,62,Normal,142,4,South Dakota,"6'3""",236,1210000,0,1210000,1,0,83,89,74,70,51,35,29,26,24,62,50,45,47,44,39,63,52,61,52,45,45,50,45,67,45,51,62,82,78,74,55,49,62,36,21,15
Tennessee Titans,David Martin-Robinson,TE,26,62,Normal,261,2,Temple,"6'3""",247,0,0,0,0,0,85,87,81,70,52,20,25,20,14,78,75,64,60,54,52,72,65,68,65,60,56,60,56,68,10,10,39,37,39,30,18,14,21,17,21,19
Tennessee Titans,Drew Moss,LG,23,62,Normal,230,1,Colorado State,"6'3""",303,0,0,0,0,0,72,80,63,84,57,12,6,6,6,21,14,15,13,5,5,27,9,11,22,69,67,68,66,77,10,10,28,29,24,23,15,11,12,10,13,14
Tennessee Titans,Dorian Mausi Jr,WILL,24,62,Normal,240,1,Auburn,"6'1""",234,0,0,0,0,0,83,83,77,68,61,21,6,6,6,53,52,18,24,19,14,57,35,55,47,45,45,45,45,70,48,51,63,79,78,77,58,54,60,45,27,21
Tennessee Titans,Jaren Kanak,TE,22,60,Normal,242,0,Oklahoma,"6'2""",234,0,0,0,0,0,88,88,77,76,56,54,39,34,30,79,75,60,58,51,46,68,63,65,63,55,56,55,55,57,47,43,55,62,66,66,61,56,62,52,25,30
Houston Texans,Will Anderson Jr,LEDG,24,95,Superstar,1687,3,Alabama,"6'4""",243,143550000,39150000,13190000,5,0,87,90,86,90,97,21,6,6,6,59,55,21,20,15,10,50,32,57,48,45,45,35,35,80,91,97,85,89,87,89,97,31,40,44,15,12
Houston Texans,Danielle Hunter,REDG,21,94,Superstar,1653,11,LSU,"6'5""",263,31500000,56260000,16140000,2,0,87,87,82,82,97,15,6,6,6,36,12,12,10,3,2,46,24,40,44,45,45,45,45,87,91,97,91,92,92,80,94,38,50,30,15,11
Houston Texans,Derek Stingley Jr,CB,25,93,X-Factor,1749,4,LSU,"6'0""",190,64640000,49880000,10780000,4,0,93,93,95,63,95,36,26,21,18,83,82,44,45,35,30,63,65,84,45,25,33,25,33,47,36,44,49,75,58,69,95,93,93,86,20,19
Houston Texans,Nico Collins,WR,27,91,X-Factor,1419,5,Michigan,"6'4""",222,32780000,39330000,14590000,3,0,93,91,88,67,92,39,30,25,20,96,88,94,89,95,90,80,87,79,65,46,30,35,30,46,10,10,30,32,26,20,16,13,19,19,22,15
Houston Texans,Jalen Pitre,SS,21,89,Star,961,4,Baylor,"5'11""",198,21860000,19950000,5670000,3,0,92,93,91,62,90,23,15,12,11,77,71,24,30,25,20,63,52,72,35,35,35,35,35,55,38,48,54,83,69,82,93,86,89,66,34,32
Houston Texans,Kamari Lassiter,CB,23,88,Star,1363,2,Georgia,"6'0""",180,5620000,3370000,2450000,2,0,92,90,94,52,91,35,16,11,6,67,62,41,49,50,55,54,65,77,27,35,27,30,23,42,26,30,48,78,76,75,91,87,90,77,16,12
Houston Texans,Travis Etienne Jr,HB,27,87,Star,903,5,Clemson,"5'10""",215,35000000,0,2000000,4,0,92,93,88,70,93,49,46,40,34,70,61,56,70,65,58,93,86,89,77,34,20,63,35,45,10,10,29,36,34,26,17,15,19,16,19,17
Houston Texans,Dalton Schultz,TE,30,85,Star,684,8,Stanford,"6'5""",244,13100000,21260000,9540000,2,0,83,84,79,76,89,24,15,10,5,96,83,75,79,73,65,72,64,73,68,66,62,59,56,72,10,10,31,34,29,27,16,12,15,12,16,14
Houston Texans,Calen Bullock,FS,23,85,Star,983,2,USC,"6'2""",188,4760000,1050000,1580000,2,0,92,92,87,54,85,35,15,10,6,78,71,40,37,27,20,64,70,75,41,32,29,30,25,52,25,35,59,83,78,79,84,72,85,66,19,22
Houston Texans,Sheldon Rankins,DT,21,83,Superstar,959,10,Louisville,"6'2""",305,9000000,8000000,3400000,2,0,75,73,70,87,94,23,6,6,6,47,26,15,13,5,3,40,13,25,33,45,46,44,44,85,84,76,83,81,86,82,93,28,39,13,17,17
Houston Texans,David Montgomery,HB,29,83,Star,614,7,Iowa State,"5'10""",230,9000000,7500000,3300000,2,0,87,88,83,77,94,52,50,40,27,74,54,60,66,59,49,93,86,83,89,46,31,61,38,41,10,10,24,25,30,27,16,12,13,15,17,12
Houston Texans,Azeez Al-Shaair,MIKE,29,83,Star,844,7,FAU,"6'2""",228,3520000,0,880000,1,0,86,86,77,77,89,27,6,6,6,61,45,18,17,12,9,46,22,31,37,45,45,45,45,82,58,53,75,88,88,89,88,68,71,50,16,20
Houston Texans,Braden Smith,RT,30,82,Star,548,8,Auburn,"6'6""",315,10500000,9360000,5000000,2,0,66,68,58,92,91,22,6,6,6,19,12,15,10,5,5,29,8,10,29,87,85,79,82,84,20,10,20,27,55,62,22,10,17,10,14,14
Houston Texans,Ka'imi Fairbairn,K,32,82,Normal,296,10,UCLA,"6'0""",183,10990000,10670000,5780000,3,0,79,82,64,39,70,39,35,30,25,37,25,15,15,15,15,45,15,10,10,20,17,15,15,17,10,10,13,22,35,17,21,14,20,10,96,91
Houston Texans,Germaine Pratt,WILL,30,82,Normal,526,7,N.C. State,"6'2""",250,4060000,0,4060000,1,0,88,87,78,76,85,25,6,6,6,72,56,31,35,30,24,47,53,56,34,45,45,45,45,83,65,59,69,88,91,81,83,70,75,55,28,18
Houston Texans,Chris Godwin Jr,WR,30,82,Normal,505,9,Penn State,"6'1""",209,9140000,0,9140000,1,0,88,89,84,72,83,42,30,23,20,93,88,83,85,84,81,70,79,82,74,52,20,57,20,43,25,30,38,42,47,43,20,35,44,38,25,21
Houston Texans,Woody Marks,HB,25,81,Normal,730,1,USC,"5'10""",213,4190000,1000000,1250000,3,0,88,88,84,70,86,27,9,12,10,73,55,61,65,55,45,95,83,86,78,40,29,51,40,39,24,24,32,34,31,25,32,22,25,24,23,23
Houston Texans,Jadeveon Clowney,LEDG,33,80,Normal,552,12,South Carolina,"6'5""",266,760000,4500000,5260000,1,0,82,84,81,84,78,35,6,6,6,49,44,15,15,5,5,53,27,54,54,45,45,45,45,94,79,72,82,88,84,85,79,45,53,35,21,20
Houston Texans,Jayden Higgins,WR,23,80,Superstar,1046,1,Iowa State,"6'4""",214,6540000,5130000,2650000,3,0,93,92,83,67,80,33,9,12,18,90,86,84,80,83,78,79,75,82,56,49,27,24,22,46,30,33,40,44,22,30,28,26,29,21,26,16
Houston Texans,Tank Dell,WR,26,80,Star,754,3,Houston,"5'10""",165,6440000,1280000,3950000,1,0,92,94,90,50,75,27,20,15,10,86,85,80,82,82,81,73,72,86,28,48,11,27,16,33,10,10,18,29,21,13,16,10,10,15,19,13
Houston Texans,Trent Brown,LT,33,79,Normal,502,11,Florida,"6'8""",380,3500000,1410000,4910000,1,0,68,58,52,91,78,25,6,6,6,35,12,12,12,5,5,32,5,10,35,82,84,81,83,89,10,10,31,12,40,20,15,12,15,10,20,20
Houston Texans,Wyatt Teller,LG,31,79,Normal,413,8,Virginia Tech,"6'4""",315,8750000,9970000,3560000,2,0,71,64,66,93,87,40,27,24,19,36,27,18,22,18,12,40,28,28,44,81,80,75,78,83,42,37,45,40,50,43,31,9,10,10,18,12
Houston Texans,Reed Blankenship,SS,27,79,Normal,438,4,Middle Tennessee State,"6'1""",203,16250000,8480000,4160000,3,0,87,92,81,61,85,25,20,15,12,75,66,15,14,12,10,65,58,73,45,35,35,34,34,62,36,41,57,82,76,75,81,68,74,60,28,23
Houston Texans,Kayden McDonald,DT,21,78,Superstar,739,0,Ohio State,"6'2""",326,7040000,5840000,2340000,4,0,65,73,59,88,79,25,6,6,6,37,27,25,17,15,3,41,15,27,41,45,45,45,45,84,79,70,86,79,84,82,79,23,21,25,15,23
Houston Texans,C.J. Stroud,QB,24,78,Star,970,3,Ohio State,"6'3""",218,29730000,32430000,11530000,2,0,82,87,80,61,78,91,89,83,82,21,10,14,12,11,10,61,54,58,31,12,12,12,13,17,10,10,19,29,24,16,14,9,10,9,20,19
Houston Texans,Jack Conklin,RT,32,78,Normal,335,10,Michigan State,"6'6""",308,4790000,0,4790000,1,0,69,68,59,88,90,22,5,5,5,24,15,16,14,5,5,29,7,11,24,80,78,80,82,86,15,14,26,29,34,24,19,11,14,10,18,19
Houston Texans,Keylan Rutledge,C,22,77,Star,482,0,Georgia Tech,"6'4""",330,8780000,10480000,3500000,4,0,71,69,66,87,77,14,6,6,6,22,24,13,11,5,5,24,10,10,22,79,83,83,82,87,37,38,27,43,35,26,25,14,12,10,22,24
Houston Texans,Ed Ingram,RG,27,77,Normal,366,4,LSU,"6'3""",307,21500000,15860000,4610000,3,0,71,81,54,87,77,15,6,6,6,22,15,12,15,10,5,25,15,12,26,83,85,74,77,83,20,20,24,25,30,37,21,10,10,10,15,14
Houston Texans,Tommy Togiai,DT,26,76,Normal,451,5,Ohio State,"6'2""",296,2520000,1290000,2130000,1,0,76,72,72,91,69,23,6,6,6,23,16,15,11,5,3,26,27,21,36,45,46,44,44,85,78,65,76,80,87,84,74,14,17,12,17,17
Houston Texans,Logan Hall,DT,26,75,Normal,340,4,Houston,"6'6""",283,7300000,6440000,4620000,2,0,78,83,75,85,77,28,6,6,6,37,32,21,21,14,10,35,23,29,42,45,45,45,45,85,78,69,77,80,81,77,76,20,28,25,15,15
Houston Texans,Thomas Morstead,P,40,75,Normal,197,17,SMU,"6'4""",225,1340000,0,1340000,1,0,70,60,59,68,65,50,46,48,39,30,12,12,10,10,10,35,9,10,10,22,15,19,15,20,11,11,14,30,14,22,19,12,15,10,90,82
Houston Texans,Ja'Marcus Ingram,CB,28,74,Normal,523,3,Buffalo,"6'2""",190,1140000,0,1140000,1,0,90,93,82,68,76,27,15,10,6,64,64,37,38,33,29,60,62,69,40,38,35,35,35,54,35,42,52,74,68,70,72,70,74,73,21,16
Houston Texans,Jaylin Noel,WR,23,74,Normal,551,1,Iowa State,"5'10""",200,5110000,1320000,1460000,3,0,93,94,89,66,68,68,63,59,56,83,79,73,76,79,78,73,70,77,47,52,24,29,30,51,28,33,39,42,25,39,35,25,37,25,29,30
Houston Texans,Febechi Nwaiwu,RG,23,74,Star,532,0,Oklahoma,"6'4""",316,1080000,0,1080000,1,0,62,61,58,88,74,12,6,6,6,29,26,11,19,5,5,24,10,10,23,80,80,80,76,85,10,10,16,29,35,25,24,15,17,10,24,25
Houston Texans,Trevor Etienne,HB,22,74,Normal,541,1,Georgia,"5'9""",198,4190000,0,1000000,3,0,92,93,79,69,70,45,40,32,23,70,46,56,63,56,54,90,80,86,82,34,31,51,36,34,30,29,37,35,40,35,36,27,35,25,30,28
Houston Texans,Evan Brown,LG,29,73,Normal,287,8,SMU,"6'3""",320,1500000,910000,2410000,1,0,68,64,53,90,79,24,5,5,5,25,14,15,13,5,5,29,8,11,20,74,70,75,73,81,12,13,26,31,35,22,19,12,14,8,17,12
Houston Texans,Kamari Ramsey,SS,22,72,Normal,455,0,USC,"6'0""",202,4370000,560000,1020000,4,0,90,91,85,62,73,27,6,6,6,62,60,47,43,40,33,58,55,68,55,35,35,35,35,57,38,45,51,74,69,75,71,69,69,64,27,22
Houston Texans,Aireontae Ersery,LT,24,72,Normal,422,1,Minnesota,"6'6""",331,5850000,3320000,2080000,3,0,72,76,58,85,75,18,6,6,6,19,18,13,15,5,5,30,16,10,31,74,76,77,79,83,31,26,45,21,32,32,20,11,12,10,15,28
Houston Texans,Blake Fisher,LT,23,71,Normal,404,2,Notre Dame,"6'6""",312,4960000,1610000,1790000,2,0,66,69,59,83,63,22,9,7,6,22,12,14,10,8,7,33,9,12,23,78,79,76,77,87,15,15,25,31,34,30,24,8,9,10,22,17
Houston Texans,Jake Andrews,C,26,71,Normal,227,3,Troy,"6'3""",305,5940000,400000,3670000,1,0,67,72,56,87,75,26,21,14,15,41,33,13,10,5,5,35,30,21,35,76,77,76,78,74,48,41,47,53,42,50,46,14,18,10,21,13
Houston Texans,Marte Mapu,SAM,26,71,Normal,288,3,Sacramento State,"6'3""",230,4500000,1050000,1760000,1,0,88,88,83,68,68,54,46,41,39,73,64,44,42,38,34,63,62,67,55,35,35,35,35,64,41,58,64,81,81,85,66,71,71,66,22,21
Houston Texans,Jaylin Smith,CB,22,70,Normal,402,1,USC,"5'11""",187,4760000,1120000,1400000,3,0,91,86,86,54,72,27,6,6,6,68,73,36,36,33,30,59,46,73,28,35,25,35,25,45,28,41,42,70,62,50,71,71,74,70,21,22
Houston Texans,Wade Woodaz,WILL,22,70,Normal,339,0,Clemson,"6'4""",235,4370000,1080000,1150000,4,0,87,89,75,73,71,13,6,6,6,64,45,26,28,23,18,56,38,45,48,45,64,45,42,67,48,47,63,82,80,80,71,59,70,43,15,17
Houston Texans,Jarrett Patterson,RG,27,70,Normal,199,3,Notre Dame,"6'4""",310,6190000,170000,3710000,1,0,61,71,54,83,79,27,5,5,5,33,24,18,21,11,7,24,14,23,27,70,65,77,78,81,30,20,27,25,31,37,18,10,9,10,21,15
Houston Texans,Owen Wright,HB,27,70,Normal,417,1,Monmouth,"5'9""",217,0,0,0,0,0,87,92,82,74,71,30,33,28,24,68,51,46,54,50,45,90,78,76,84,35,35,48,29,42,20,20,25,36,25,30,32,22,25,20,11,21
Houston Texans,Jaylen Reed,FS,23,69,Normal,346,1,Penn State,"6'0""",211,3970000,240000,1060000,3,0,89,92,85,67,66,24,6,6,6,65,58,25,28,21,17,58,49,59,41,35,35,35,35,54,37,35,46,76,66,78,63,70,73,66,19,15
Houston Texans,Dominique Robinson,REDG,28,69,Normal,288,4,Miami of Ohio,"6'5""",275,1500000,1350000,2850000,1,0,79,86,76,79,64,62,55,50,42,65,57,42,43,41,37,61,46,52,50,45,45,45,45,79,62,73,72,81,78,81,64,32,45,30,16,12
Houston Texans,Kai Kroeger,P,24,69,Normal,226,1,South Carolina,"6'3""",213,0,0,0,0,0,80,82,66,53,54,38,35,30,25,31,14,15,15,11,11,45,14,14,16,12,11,16,13,15,10,10,13,27,29,24,18,10,10,10,91,77
Houston Texans,Jarrett Kingston,LG,26,67,Normal,244,2,USC,"6'4""",308,1070000,20000,1090000,1,0,72,77,66,90,62,20,8,7,6,25,21,10,10,5,5,28,10,15,25,70,71,69,71,80,24,25,28,34,25,27,25,10,12,8,15,11
Houston Texans,Kyonte Hamilton,DT,23,67,Normal,319,1,Rutgers,"6'3""",305,3720000,120000,910000,3,0,72,79,68,85,59,49,41,37,34,26,19,15,16,14,11,41,38,35,36,45,45,45,45,81,71,65,75,75,81,78,57,12,17,20,18,33
Houston Texans,Davis Mills,QB,27,67,Normal,407,5,Stanford,"6'4""",225,7200000,4780000,7970000,1,0,81,77,76,56,68,87,84,81,77,22,12,14,12,11,10,61,38,51,33,16,14,14,13,18,10,10,19,21,19,15,15,10,14,10,54,41
Houston Texans,Christian Jones,LT,26,67,Normal,486,2,Texas,"6'5""",320,0,0,0,0,0,71,72,54,84,65,16,21,15,11,32,32,24,23,20,17,42,15,10,29,74,70,74,73,83,40,30,40,35,33,35,24,12,10,10,13,10
Houston Texans,Cade Stover,TE,26,67,Normal,393,2,Ohio State,"6'4""",247,0,0,0,0,0,84,88,70,74,69,26,20,15,10,77,76,65,64,59,52,70,68,68,67,64,58,58,56,66,53,51,56,60,58,60,45,44,50,33,15,14
Houston Texans,Marlin Klein,TE,23,66,Star,240,0,Michigan,"6'6""",248,5750000,2400000,1480000,4,0,85,86,80,74,59,27,20,15,12,75,75,67,68,65,56,74,65,66,67,59,59,61,61,64,22,18,26,28,28,29,20,16,23,21,24,22
Houston Texans,Aiden Fisher,MIKE,22,64,Normal,233,0,Indiana,"6'1""",230,4370000,120000,910000,4,0,85,87,81,68,62,28,38,35,32,67,29,11,27,22,17,58,38,52,45,40,52,52,45,73,52,55,67,81,79,79,63,58,65,45,17,15
Houston Texans,C.J. Hanson,LG,25,64,Normal,265,2,Holy Cross,"6'5""",300,0,0,0,0,0,72,74,55,82,69,25,21,13,12,35,35,19,22,21,16,33,32,48,35,69,65,72,69,78,10,10,20,29,33,38,15,12,13,10,21,20
Houston Texans,Collin Wright,CB,22,64,Normal,388,0,Stanford,"6'0""",195,0,0,0,0,0,89,91,85,54,60,25,6,6,6,67,63,39,22,19,15,61,52,76,43,35,35,35,35,47,37,40,53,70,60,59,54,67,66,65,12,16
Houston Texans,Austin Brinkman,LS,24,63,Normal,106,1,West Virginia,"6'3""",242,2960000,0,1000000,2,0,70,76,66,65,50,29,6,6,6,47,45,24,34,28,22,58,25,32,25,49,46,53,49,67,10,10,46,49,54,48,26,18,25,16,17,20
Houston Texans,Josh Fryar,RT,24,63,Normal,246,1,Ohio State,"6'5""",320,0,0,0,0,0,70,78,61,86,58,12,6,6,6,21,16,12,13,5,5,24,13,10,22,68,69,71,71,79,14,10,25,23,26,25,12,12,11,10,15,15
Houston Texans,Jack Nelson,RT,24,63,Normal,246,1,Wisconsin,"6'7""",318,0,0,0,0,0,67,71,64,84,66,17,6,6,6,27,19,16,16,5,5,34,6,11,27,69,68,70,69,80,34,33,35,30,25,30,28,11,12,10,17,18
Houston Texans,Graham Mertz,QB,25,62,Normal,402,1,Florida,"6'3""",212,4190000,210000,1050000,3,0,77,75,78,60,54,86,85,82,72,27,24,25,22,16,18,55,54,46,35,22,27,28,27,26,15,24,18,18,21,19,35,17,21,18,32,18
Houston Texans,Matt Lee,C,25,62,Normal,226,2,Miami,"6'4""",310,0,0,0,0,0,71,74,53,82,70,30,12,11,7,35,15,13,15,8,5,34,8,10,20,68,64,73,68,73,25,15,39,35,31,29,24,13,12,11,22,14
Houston Texans,Solomon Byrd,LEDG,26,62,Normal,335,2,USC,"6'3""",255,0,0,0,0,0,72,76,67,73,66,22,9,7,6,39,32,7,14,7,5,38,21,48,43,40,40,35,35,81,63,61,72,77,74,74,67,30,32,33,14,12
Houston Texans,Isaiah World,LT,22,61,Normal,316,0,Oregon,"6'8""",318,0,0,0,0,0,63,71,53,83,62,10,6,6,6,29,16,17,14,5,5,54,18,27,22,69,70,69,68,73,54,29,34,28,42,55,23,11,18,10,42,13
Houston Texans,Mark Gronowski,QB,24,61,Normal,529,0,Iowa,"6'2""",226,0,0,0,0,0,82,86,83,68,41,85,80,77,75,57,38,31,38,28,31,66,72,68,68,35,32,15,15,40,33,35,42,48,40,38,41,37,42,41,33,29
Indianapolis Colts,Jonathan Taylor,HB,21,96,X-Factor,1551,6,Wisconsin,"5'10""",226,39280000,33220000,15560000,5,0,94,93,86,82,97,29,25,20,15,71,59,51,64,56,49,98,96,97,88,34,27,58,29,37,10,10,25,33,27,25,13,12,19,14,17,15
Indianapolis Colts,Quenton Nelson,LG,21,95,Superstar,1110,8,Notre Dame,"6'5""",330,59560000,35000000,24200000,1,0,73,68,67,97,97,27,6,6,6,19,12,12,10,10,10,35,11,12,37,96,97,88,88,95,10,10,27,36,34,28,18,9,10,10,21,15
Indianapolis Colts,DeForest Buckner,DT,21,95,Superstar,1226,10,Oregon,"6'7""",295,28250000,40500000,26600000,1,0,75,76,80,90,94,22,6,6,6,40,21,17,14,6,3,44,13,28,45,45,44,46,46,90,88,92,95,96,97,90,95,33,42,22,20,19
Indianapolis Colts,Sauce Gardner,CB,25,91,Superstar,1393,4,Cincinnati,"6'3""",190,96600000,32650000,9500000,5,0,92,94,91,65,87,27,6,6,6,76,65,35,32,22,18,64,61,75,36,35,35,35,35,55,38,52,57,78,65,69,89,92,89,96,17,16
Indianapolis Colts,Charvarius Ward Sr,CB,21,90,Superstar,1330,8,Middle Tennessee State,"6'1""",196,60880000,31560000,19880000,5,0,90,85,85,65,95,21,16,11,7,74,60,39,31,28,21,61,63,79,63,35,35,23,35,56,41,47,46,78,80,54,94,89,97,93,15,12
Indianapolis Colts,Tanor Bortolini,C,24,86,Superstar,1125,2,Wisconsin,"6'4""",303,4010000,770000,1260000,2,0,74,82,78,88,90,21,7,6,5,25,12,13,10,7,6,40,6,10,10,91,90,79,77,86,22,20,25,33,37,38,21,12,12,9,9,12
Indianapolis Colts,Camryn Bynum,FS,28,86,Star,596,5,California,"6'0""",200,39960000,20040000,15010000,3,0,88,88,83,66,86,24,6,6,6,74,66,46,41,35,33,59,43,72,28,35,35,35,35,60,36,42,57,89,84,73,88,75,82,72,10,11
Indianapolis Colts,Bernhard Raimann,LT,28,86,Star,962,4,Central Michigan,"6'6""",303,66090000,37810000,9260000,4,0,70,79,72,92,87,22,12,10,9,46,43,33,32,26,21,50,33,29,34,86,84,88,91,91,10,10,27,34,33,23,15,14,16,10,33,31
Indianapolis Colts,Alec Pierce,WR,26,85,Superstar,1024,4,Cincinnati,"6'3""",211,86000000,28000000,9200000,4,0,94,94,79,67,89,26,15,10,10,93,85,88,80,84,87,75,70,73,40,41,22,35,24,45,10,10,29,35,29,24,26,23,27,20,19,16
Indianapolis Colts,Grover Stewart,DT,32,84,Star,546,9,Albany State,"6'4""",315,23970000,14850000,14250000,1,0,73,71,57,90,87,19,6,6,6,30,17,12,13,5,3,26,12,20,34,45,45,45,45,88,76,62,88,84,87,75,90,22,35,10,15,15
Indianapolis Colts,Rigoberto Sanchez,P,31,84,Star,416,9,Hawaii,"6'0""",195,6250000,1250000,2500000,1,0,69,70,62,51,72,39,37,32,26,38,14,12,12,12,12,47,14,10,21,20,18,20,19,22,10,10,28,24,29,33,24,18,26,13,94,93
Indianapolis Colts,Tyler Warren,TE,24,84,Superstar,951,1,Penn State,"6'6""",256,4190000,16740000,4750000,3,0,84,88,85,80,85,63,56,50,41,88,82,80,77,75,69,73,71,70,70,62,64,63,62,69,41,45,48,47,46,38,28,39,24,15,35,33
Indianapolis Colts,Laiatu Latu,LEDG,25,83,Star,980,2,UCLA,"6'5""",265,4010000,13000000,4640000,2,0,84,88,81,77,86,19,5,5,5,64,45,15,15,15,15,51,39,39,25,45,45,45,45,80,82,86,80,87,82,76,81,48,52,30,15,10
Indianapolis Colts,Cam Taylor-Britt,CB,26,81,Star,1005,4,Nebraska,"5'11""",200,1210000,180000,1390000,1,0,92,92,85,64,85,48,46,44,41,78,77,29,32,27,24,64,52,73,33,34,33,33,33,55,39,46,56,73,68,72,83,77,83,74,18,15
Indianapolis Colts,Josh Downs,WR,25,80,Star,781,3,North Carolina,"5'10""",175,6920000,1010000,4170000,1,0,90,93,91,51,82,54,46,40,39,92,83,69,81,81,78,74,71,76,33,41,15,25,17,34,10,10,22,27,22,19,15,10,10,10,27,25
Indianapolis Colts,Daniel Jones,QB,29,79,Normal,851,7,Duke,"6'5""",230,38980000,53400000,19180000,2,0,87,87,82,67,82,87,93,85,81,38,41,11,14,13,12,56,71,71,55,15,17,15,18,24,10,10,22,31,24,14,19,13,18,10,60,50
Indianapolis Colts,A.J. Haulcy,SS,22,77,Star,662,0,LSU,"6'0""",215,5450000,1600000,1280000,4,0,88,89,85,72,79,26,6,6,6,64,62,39,45,42,35,61,58,66,53,35,35,35,35,58,38,48,54,78,70,74,78,72,77,70,24,23
Indianapolis Colts,CJ Allen,MIKE,21,77,Superstar,695,0,Georgia,"6'1""",230,6000000,3080000,1650000,4,0,92,90,83,75,79,24,6,6,6,68,50,18,25,20,15,67,46,61,56,42,52,45,45,78,55,54,74,84,84,82,77,65,65,46,14,13
Indianapolis Colts,Luke Rhodes,LS,33,76,Normal,224,10,William & Mary,"6'2""",238,6300000,1350000,1600000,2,0,80,80,75,80,63,29,6,6,6,54,41,24,39,35,29,47,25,55,45,45,40,47,50,72,58,48,65,70,75,79,54,48,55,53,17,20
Indianapolis Colts,Matt Goncalves,RG,25,76,Normal,436,2,Pittsburgh,"6'6""",317,4760000,1050000,1580000,2,0,66,71,54,84,79,17,7,6,5,12,12,12,10,10,8,25,10,10,20,79,81,80,81,84,10,10,28,31,32,25,13,11,11,9,16,14
Indianapolis Colts,Mekhi Blackmon,CB,27,76,Star,535,3,USC,"5'11""",178,6640000,630000,3670000,1,0,90,95,90,55,75,27,6,6,6,71,66,49,52,42,35,55,57,75,25,34,35,26,26,44,29,42,40,72,70,64,75,73,75,74,11,15
Indianapolis Colts,Spencer Shrader,K,27,75,Normal,260,2,Notre Dame,"6'2""",201,2160000,350000,1370000,1,0,67,65,60,42,59,28,33,28,21,32,15,12,10,8,7,29,10,10,14,12,12,13,13,19,10,10,11,21,25,16,10,11,12,10,94,85
Indianapolis Colts,JT Tuimoloau,REDG,23,75,Star,655,1,Ohio State,"6'4""",264,6060000,3850000,2250000,3,0,80,87,77,82,75,20,24,17,7,57,49,15,17,13,7,50,27,38,31,45,45,45,45,82,77,70,82,83,79,80,75,44,53,36,18,16
Indianapolis Colts,Arden Key,REDG,30,74,Normal,344,8,LSU,"6'5""",240,6500000,9500000,6750000,2,0,80,77,76,79,81,10,6,6,6,35,16,12,10,8,4,32,13,36,28,45,45,45,45,81,68,76,79,82,78,82,80,34,46,21,17,12
Indianapolis Colts,Caden Curry,LEDG,23,74,Normal,748,0,Ohio State,"6'3""",257,4370000,200000,930000,4,0,76,79,77,83,69,19,20,13,12,47,39,18,17,15,10,51,36,39,35,45,45,45,45,82,73,64,83,81,84,85,68,38,44,33,27,20
Indianapolis Colts,Nick Westbrook-Ikhine,WR,29,74,Normal,457,6,Indiana,"6'2""",211,1210000,50000,1260000,1,0,90,88,82,64,79,31,20,15,10,84,83,74,78,76,76,76,71,76,54,55,25,34,26,47,10,10,36,38,32,29,17,14,19,18,19,15
Indianapolis Colts,Anthony Richardson Sr,QB,24,74,Normal,563,3,Florida,"6'4""",244,26310000,30150000,10810000,2,0,93,92,88,73,56,96,84,78,74,39,19,17,20,16,13,57,79,78,78,26,20,16,20,34,10,10,27,29,33,26,17,11,17,10,22,17
Indianapolis Colts,Ashton Dulin,WR,29,73,Normal,313,7,Malone,"6'1""",215,3800000,2490000,3570000,1,0,92,91,87,61,74,35,22,16,12,85,84,72,72,72,74,74,73,78,47,42,25,33,26,44,10,10,28,43,41,27,15,10,18,15,18,14
Indianapolis Colts,DJ Giddens,HB,23,72,Normal,423,1,Kansas State,"6'0""",212,4190000,400000,1100000,3,0,91,92,77,70,72,28,12,13,18,63,51,50,59,57,52,93,84,80,80,35,32,49,41,38,29,32,39,36,35,36,26,21,27,21,35,18
Indianapolis Colts,Justin Walley,CB,23,72,Normal,466,1,Minnesota,"5'10""",190,4750000,1320000,1460000,3,0,92,91,83,55,66,21,6,6,6,74,70,22,23,19,18,65,57,70,41,35,25,35,25,42,22,39,44,69,56,56,67,75,76,75,30,25
Indianapolis Colts,Jalen Farmer,RT,22,72,Superstar,505,0,Kentucky,"6'5""",312,3770000,1800000,1180000,4,0,75,75,65,87,76,14,6,6,6,29,29,15,15,5,5,21,10,10,25,76,76,75,76,82,40,38,32,41,46,32,27,10,12,10,25,25
Indianapolis Colts,Akeem Davis-Gaither,WILL,28,72,Normal,279,6,Appalachian State,"6'2""",238,1210000,1510000,2720000,1,0,86,90,85,70,73,30,15,10,10,63,60,15,33,28,18,62,38,63,54,35,35,40,35,76,52,58,67,83,82,82,73,60,67,60,25,19
Indianapolis Colts,Jaylon Carlies,WILL,24,71,Normal,363,2,Missouri,"6'3""",227,3680000,330000,1150000,2,0,89,90,83,72,73,22,16,15,6,76,67,12,15,8,7,61,35,56,45,45,40,35,35,71,51,62,60,78,77,86,69,61,73,70,14,13
Indianapolis Colts,Micheal Clemons,LEDG,29,71,Normal,291,4,Texas A&M,"6'5""",263,10470000,6500000,4470000,3,0,77,83,73,80,74,23,20,15,10,30,26,12,10,8,4,28,23,27,27,45,45,45,45,84,74,60,77,82,79,81,72,20,28,26,15,12
Indianapolis Colts,Deion Burks,WR,23,70,Normal,525,0,Oklahoma,"5'10""",180,4370000,120000,910000,4,0,95,94,81,64,49,32,23,18,15,78,83,73,74,73,72,73,75,82,54,48,29,28,27,38,24,21,31,39,35,30,30,34,32,35,24,27
Indianapolis Colts,George Gumbs Jr.,REDG,23,70,Normal,538,0,Florida,"6'4""",245,4370000,480000,1000000,4,0,84,83,82,75,72,24,24,24,10,71,58,45,53,48,45,63,48,58,47,45,45,45,45,74,71,67,73,78,80,81,70,40,46,54,27,20
Indianapolis Colts,Bryce Boettcher,MIKE,24,70,Normal,345,0,Oregon,"6'1""",230,3120000,1890000,1090000,4,0,87,89,78,74,71,51,45,43,41,57,55,13,25,20,15,55,34,57,45,46,55,51,41,77,57,62,69,81,79,80,73,67,64,45,16,16
Indianapolis Colts,Ryan Bates,C,29,70,Normal,210,7,Penn State,"6'4""",306,2590000,0,2590000,1,0,67,77,66,86,75,17,6,6,6,20,14,12,10,8,5,26,11,15,30,72,66,74,73,83,10,10,26,27,31,27,10,12,12,10,15,12
Indianapolis Colts,Adetomiwa Adebawore,DT,25,69,Normal,286,3,Northwestern,"6'2""",282,3830000,770000,1330000,1,0,89,92,79,84,69,21,14,10,6,30,26,14,13,6,5,35,12,41,33,45,45,40,40,81,75,67,71,75,69,79,69,19,25,24,25,21
Indianapolis Colts,Daniel Scott,FS,27,69,Normal,269,3,California,"6'1""",208,2900000,290000,1210000,1,0,91,93,91,67,64,35,34,28,24,70,68,48,45,41,39,60,55,72,42,35,35,30,30,49,47,55,47,66,61,67,62,71,71,67,25,21
Indianapolis Colts,Anthony Gould,WR,25,69,Normal,560,2,Oregon State,"5'8""",174,0,0,0,0,0,94,95,86,47,58,26,15,10,10,78,78,70,71,72,73,67,67,72,27,31,16,24,12,33,10,10,16,23,20,14,17,10,16,14,19,13
Indianapolis Colts,Rylie Mills,DT,25,69,Normal,444,1,Notre Dame,"6'5""",296,0,0,0,0,0,73,77,66,84,65,12,15,10,8,24,22,19,17,15,12,44,45,33,49,45,45,45,45,86,76,63,76,78,81,75,62,18,19,15,25,22
Indianapolis Colts,Jalen Travis,RT,24,68,Normal,249,1,Iowa State,"6'8""",339,4190000,920000,1230000,3,0,68,70,57,88,68,17,6,6,6,22,18,23,18,5,5,28,11,17,26,73,73,73,75,82,26,20,29,21,28,32,24,11,14,15,13,17
Indianapolis Colts,Raylen Sharpe,WR,24,68,Normal,525,0,Arkansas,"5'9""",169,0,0,0,0,0,87,92,85,58,59,29,25,22,15,83,76,69,66,69,70,67,75,82,43,47,18,20,26,39,28,27,30,36,37,33,35,30,28,23,30,29
Indianapolis Colts,Austin Ajiake,WILL,26,67,Normal,284,1,UNLV,"6'1""",223,1000000,0,1000000,1,0,86,90,79,65,61,23,6,6,6,53,45,23,25,22,19,57,39,48,43,45,45,45,45,71,52,54,67,83,81,79,60,57,64,45,21,18
Indianapolis Colts,Riley Leonard,QB,23,67,Normal,653,1,Notre Dame,"6'4""",216,4190000,210000,1050000,3,0,86,83,84,70,60,89,82,77,74,39,16,28,16,16,21,69,72,72,58,38,31,26,30,32,35,33,34,25,37,34,16,17,44,32,35,33
Indianapolis Colts,Tim Smith,DT,24,67,Normal,324,1,Alabama,"6'4""",306,880000,0,880000,1,0,68,71,60,83,67,16,15,10,7,21,18,16,16,14,12,37,21,17,33,45,45,45,45,83,67,56,74,73,80,82,66,16,12,11,18,18
Indianapolis Colts,Juanyeh Thomas,SS,26,67,Normal,215,4,Georgia Tech,"6'3""",217,1140000,180000,1320000,1,0,87,92,76,65,65,24,6,6,6,62,57,34,31,29,25,65,54,67,47,35,35,34,34,64,38,47,61,78,69,67,63,63,70,66,14,16
Indianapolis Colts,Johnathan Edwards,CB,24,67,Normal,484,1,Tulane,"6'1""",201,0,0,0,0,0,92,90,83,59,63,25,6,6,6,66,59,24,24,16,12,55,49,72,28,35,35,30,30,45,29,33,45,73,60,57,60,69,65,69,14,12
Indianapolis Colts,Jaydn Ott,HB,23,67,Normal,378,0,Oklahoma,"5'11""",208,0,0,0,0,0,90,93,82,73,55,29,29,21,18,69,63,53,63,55,47,87,79,79,69,39,30,49,32,45,15,18,37,30,29,35,29,30,34,35,22,23
Indianapolis Colts,Hunter Wohler,SS,23,66,Normal,285,1,Wisconsin,"6'2""",213,3720000,120000,910000,3,0,87,90,92,63,62,24,6,6,6,64,57,25,27,20,16,60,49,63,44,35,35,35,35,51,37,34,51,74,68,74,60,61,69,66,19,15
Indianapolis Colts,Blake Freeland,LT,25,66,Normal,271,3,BYU,"6'8""",302,3830000,810000,1340000,1,0,73,81,72,83,67,54,48,46,39,53,54,57,51,48,45,57,49,44,51,71,65,69,64,75,55,44,47,51,47,58,10,14,15,10,21,23
Indianapolis Colts,Eli Pancol,WR,26,66,Normal,416,1,Duke,"6'1""",205,0,0,0,0,0,92,89,85,69,64,22,15,10,6,80,77,69,68,69,70,75,70,73,52,50,30,25,21,46,10,10,27,32,27,22,18,18,23,18,19,15
Indianapolis Colts,David Blay Jr.,DT,23,66,Normal,354,0,Miami,"6'2""",292,0,0,0,0,0,70,76,61,85,62,14,6,6,6,32,26,17,15,7,4,36,26,28,37,45,45,45,45,82,66,58,73,75,80,77,60,20,22,12,12,18
Indianapolis Colts,Seth McGowan,HB,24,65,Normal,256,0,Kentucky,"6'0""",223,4370000,120000,910000,4,0,89,90,83,75,70,28,25,20,15,63,52,52,62,54,48,77,78,78,75,40,32,51,36,42,20,20,24,28,24,21,23,20,23,21,33,31
Indianapolis Colts,Drew Ogletree,TE,28,65,Normal,173,4,Youngstown State,"6'5""",260,750000,1500000,2250000,1,0,81,85,77,74,68,25,15,10,6,79,76,61,65,60,55,74,61,64,69,58,57,62,59,64,10,10,24,31,26,34,21,10,10,10,19,14
Indianapolis Colts,Will Mallory,TE,27,65,Normal,212,3,Miami,"6'4""",239,3830000,290000,1210000,1,0,87,89,77,72,66,27,22,16,11,78,78,60,63,58,56,70,64,72,64,55,47,52,46,59,10,10,33,39,33,26,15,10,15,15,17,13
Indianapolis Colts,Dalton Tucker,LG,26,65,Normal,284,2,Marshall,"6'6""",307,0,0,0,0,0,66,62,63,82,63,21,6,6,6,35,12,12,10,5,5,20,5,10,15,73,75,68,71,77,10,10,20,23,29,12,10,12,12,10,16,12
Indianapolis Colts,Terry Webb,DT,23,65,Normal,325,0,SMU,"6'3""",313,0,0,0,0,0,69,66,58,83,63,15,6,6,6,22,23,12,14,5,3,24,14,16,35,45,45,45,45,82,66,56,73,76,81,79,62,13,15,14,15,15
Indianapolis Colts,Louis Moore,FS,25,64,Normal,286,0,Indiana,"5'11""",190,0,0,0,0,0,87,90,84,63,63,20,6,6,6,62,57,29,28,24,24,56,45,48,40,35,35,35,35,58,30,34,78,74,68,73,61,59,63,64,18,25
Indianapolis Colts,West Weeks,MIKE,24,63,Normal,211,0,LSU,"6'1""",230,2820000,290000,890000,3,0,87,89,80,71,59,24,6,6,6,63,49,14,15,5,5,68,45,39,46,45,45,45,45,75,52,48,62,79,76,79,55,62,66,40,22,21
Indianapolis Colts,Luke Tenuta,RT,27,62,Normal,141,4,Virginia Tech,"6'8""",314,1070000,80000,1150000,1,0,58,63,59,81,70,23,6,6,6,34,15,15,20,5,5,35,11,10,25,65,64,70,67,75,54,43,57,51,49,47,42,10,12,10,21,13
Indianapolis Colts,Trey Washington,FS,23,62,Normal,251,1,Ole Miss,"5'10""",205,0,0,0,0,0,89,92,77,67,60,25,6,6,6,64,55,14,23,13,10,58,56,71,32,35,35,35,35,57,35,33,45,71,64,76,58,63,66,60,18,14
Indianapolis Colts,Austin Brown,FS,22,62,Normal,254,0,Wisconsin,"5'11""",199,0,0,0,0,0,89,89,82,66,57,31,6,6,6,64,41,25,25,22,29,51,45,64,42,35,35,53,35,57,37,31,68,72,72,77,54,55,61,62,16,15
Indianapolis Colts,Nolan Rucci,LT,24,61,Normal,249,0,Penn State,"6'8""",314,2890000,220000,890000,3,0,58,58,55,84,58,18,6,6,6,37,13,13,14,5,5,35,18,10,27,71,69,69,70,79,45,52,35,29,35,46,23,13,15,10,18,14
Miami Phins,Aaron Brewer,C,28,90,Star,853,6,Texas State,"6'1""",295,40660000,24160000,5640000,4,0,74,63,64,88,95,12,6,6,6,31,20,25,27,15,15,22,12,25,27,95,91,84,81,88,22,15,18,24,31,15,15,15,17,10,14,12
Miami Phins,De'Von Achane,HB,24,89,Superstar,1221,3,Texas A&M,"5'9""",188,55790000,14190000,3150000,5,0,96,96,91,68,82,44,40,35,30,76,54,56,69,61,57,93,85,92,69,32,23,48,30,37,10,10,28,39,30,23,20,13,19,14,18,13
Miami Phins,Zach Sieler,DT,21,87,X-Factor,1118,8,Ferris State,"6'6""",305,46880000,39640000,11410000,4,0,78,73,73,89,90,22,6,6,6,36,26,15,15,8,4,29,23,33,39,45,45,45,45,86,68,79,88,85,93,87,89,18,29,20,15,12
Miami Phins,Harrison Smith,FS,37,87,Superstar,367,14,Notre Dame,"6'2""",211,7800000,1000000,8800000,1,0,86,85,86,73,91,25,10,10,10,82,73,12,15,13,10,66,39,54,61,35,35,35,35,70,64,50,73,85,79,91,89,71,84,77,25,20
Miami Phins,Jordyn Brooks,MIKE,28,84,Star,672,6,Texas Tech,"6'0""",240,40850000,23830000,6210000,4,0,87,85,85,74,87,25,6,6,6,56,45,12,15,5,5,56,10,30,30,45,45,45,45,83,55,62,78,93,92,88,85,55,64,46,20,20
Miami Phins,Taylor Decker,RT,32,83,Normal,430,10,Ohio State,"6'7""",324,7670000,1000000,8670000,1,0,68,64,57,90,90,22,6,6,6,44,15,16,25,5,5,28,6,11,20,83,83,86,89,89,15,14,26,29,34,70,19,11,14,10,18,19
Miami Phins,Chris Bell,WR,22,82,Star,1206,0,Louisville,"6'2""",222,5370000,1400000,1230000,4,0,92,92,86,74,72,26,20,15,13,85,89,90,81,81,87,81,80,81,66,56,33,35,34,50,44,38,47,49,48,52,43,36,38,32,33,29
Miami Phins,Patrick Paul,LT,24,81,Normal,883,2,Houston,"6'8""",331,5040000,1850000,1880000,2,0,68,73,63,90,85,32,14,11,11,33,38,25,23,21,11,35,20,22,40,78,76,85,86,85,33,35,41,32,44,44,20,14,11,11,25,21
Miami Phins,Chris Johnson,CB,21,81,Superstar,1101,0,San Diego State,"6'0""",193,9500000,9520000,3460000,4,0,92,92,92,63,76,27,6,6,6,76,66,42,40,39,34,64,56,68,36,35,35,35,35,47,31,35,45,76,65,60,79,82,78,83,19,17
Miami Phins,Jacob Rodriguez,MIKE,23,79,Star,644,0,Texas Tech,"6'1""",231,6690000,4880000,2100000,4,0,87,90,87,76,79,74,46,44,42,64,49,18,28,23,18,56,34,38,42,41,66,69,47,77,52,53,64,86,85,86,83,67,72,48,12,18
Miami Phins,Chop Robinson,LEDG,23,79,Superstar,936,2,Penn State,"6'3""",254,5390000,9550000,4070000,2,0,88,91,81,73,78,23,6,6,6,28,20,16,10,8,6,30,26,35,33,45,45,45,45,78,74,83,78,83,78,77,76,47,49,35,14,12
Miami Phins,Malik Willis,QB,21,79,Superstar,1450,4,Liberty,"6'1""",225,43210000,24250000,5660000,3,0,90,93,92,72,79,93,86,82,81,58,43,22,33,26,17,67,77,84,69,26,19,20,16,35,10,10,29,41,35,30,16,22,28,16,23,20
Miami Phins,Kadyn Proctor,LG,21,78,Star,480,0,Alabama,"6'7""",352,10640000,15440000,4740000,4,0,65,66,59,90,77,15,6,6,6,23,14,15,15,5,5,24,15,10,25,79,82,77,82,85,10,10,24,22,26,45,23,15,12,10,10,12
Miami Phins,Tyrel Dodson,WILL,28,77,Normal,413,7,Texas A&M,"6'0""",237,3520000,2680000,3670000,1,0,88,86,72,74,77,34,6,6,6,60,50,12,10,5,5,45,20,32,33,45,45,45,45,82,51,58,72,86,87,85,76,65,72,31,18,13
Miami Phins,Austin Jackson,RG,27,77,Normal,335,6,USC,"6'5""",310,1210000,9080000,6890000,1,0,71,75,64,84,81,22,6,6,6,31,16,13,18,7,5,24,13,26,32,80,77,75,73,82,54,41,55,53,54,52,42,22,31,18,20,20
Miami Phins,Bradley Pinion,P,32,76,Normal,234,11,Clemson,"6'5""",265,1300000,180000,1480000,1,0,70,63,56,53,67,52,51,42,32,39,15,15,15,15,15,40,9,10,15,29,16,25,15,22,10,10,19,35,29,15,20,15,15,10,90,80
Miami Phins,Kenneth Grant,DT,22,76,Star,437,1,Michigan,"6'4""",330,4190000,17740000,4980000,3,0,68,78,66,92,75,18,15,10,8,45,38,17,18,12,10,44,29,23,44,45,45,45,45,88,73,67,75,79,86,84,74,15,21,18,36,25
Miami Phins,Joshua Uche,REDG,27,75,Normal,628,6,Michigan,"6'3""",226,1210000,180000,1390000,1,0,86,90,83,73,66,21,5,5,5,48,29,16,18,10,5,44,27,43,28,45,45,45,45,79,69,80,72,79,80,79,64,47,55,43,18,12
Miami Phins,Tutu Atwell,WR,26,75,Normal,568,5,Louisville,"5'9""",165,1210000,180000,1390000,1,0,93,93,88,40,78,66,60,55,52,83,81,59,76,77,79,63,67,79,22,33,10,22,10,30,10,10,21,28,18,12,18,10,17,10,20,17
Miami Phins,JuJu Brents,CB,21,75,Star,662,3,Kansas State,"6'3""",198,5220000,2220000,1860000,1,0,92,95,94,52,67,22,24,18,15,67,67,15,20,10,10,61,61,73,48,35,35,35,35,51,41,47,49,74,64,66,65,72,73,84,21,15
Miami Phins,Darrell Baker Jr,CB,28,74,Normal,469,4,Georgia Southern,"6'1""",190,1210000,180000,1390000,1,0,91,93,81,57,74,30,18,12,8,58,59,35,44,39,36,60,57,71,38,35,26,30,24,52,30,35,54,75,66,64,75,71,74,78,13,14
Miami Phins,Marquez Valdes-Scantling,WR,31,74,Normal,311,8,USF,"6'4""",206,3230000,0,3230000,1,0,92,92,85,63,71,24,20,15,10,82,84,77,74,76,79,74,70,76,47,50,21,32,27,53,10,10,27,30,29,22,19,10,17,14,15,19
Miami Phins,Jaylen Wright,HB,23,73,Normal,416,2,Tennessee,"5'11""",210,4010000,760000,1260000,2,0,93,93,84,76,67,26,22,16,12,66,48,47,60,54,53,86,78,83,80,42,26,57,34,43,10,10,33,38,34,37,16,10,17,14,18,12
Miami Phins,Ollie Gordon II,HB,22,73,Normal,483,1,Oklahoma State,"6'1""",226,4190000,250000,1060000,3,0,86,88,83,76,77,51,38,32,31,69,48,56,62,56,50,90,82,78,82,37,29,54,40,35,29,30,36,42,38,37,28,27,20,22,25,25
Miami Phins,Lonnie Johnson Jr,FS,30,73,Normal,282,7,Kentucky,"6'2""",221,1300000,180000,1480000,1,0,91,91,85,65,72,29,18,14,8,66,60,31,39,34,27,64,43,70,25,35,35,35,35,51,28,42,49,70,56,71,72,76,73,77,15,13
Miami Phins,Riley Patterson,K,26,73,Normal,218,5,Memphis,"6'0""",190,1400000,0,1400000,1,0,76,77,62,40,56,31,31,24,20,38,15,10,10,10,10,41,16,21,15,15,16,10,16,16,10,10,14,34,32,22,17,15,15,10,92,86
Miami Phins,David Ojabo,REDG,26,73,Normal,536,4,Michigan,"6'4""",255,1210000,180000,1390000,1,0,87,90,84,78,64,20,6,6,6,32,17,13,10,3,2,32,17,35,27,45,45,45,45,78,63,74,70,78,81,82,63,34,42,32,17,17
Miami Phins,Trey Moore,SAM,23,72,Normal,403,0,Texas,"6'2""",243,4370000,1040000,1140000,4,0,87,85,81,79,76,26,30,18,14,39,44,19,18,15,10,48,38,35,35,45,45,45,45,77,70,63,76,79,79,80,74,55,61,40,27,20
Miami Phins,Caleb Douglas,WR,22,72,Star,573,0,Texas Tech,"6'4""",206,5480000,1680000,1300000,4,0,93,90,86,68,61,67,52,46,41,79,82,76,73,77,81,72,73,77,52,50,32,34,33,45,15,16,21,26,30,30,27,18,26,28,33,32
Miami Phins,Willie Gay Jr,SAM,28,72,Normal,341,6,Mississippi State,"6'1""",243,1210000,180000,1390000,1,0,86,90,79,73,67,25,6,6,6,68,64,31,35,30,24,56,54,64,43,45,45,45,45,79,50,58,70,85,84,86,66,58,62,56,28,18
Miami Phins,Jordan Phillips,DT,22,71,Normal,397,1,Maryland,"6'2""",305,4190000,440000,1110000,3,0,72,81,59,89,66,15,27,17,14,23,18,16,17,14,11,38,22,22,29,45,45,45,45,87,71,66,75,75,84,75,65,9,11,12,21,18
Miami Phins,Max Llewellyn,LEDG,24,71,Normal,597,0,Iowa,"6'6""",258,4370000,120000,910000,4,0,79,86,76,85,71,34,14,18,10,37,35,17,17,15,10,50,39,40,38,45,45,45,45,75,73,65,71,77,76,77,71,23,29,29,27,20
Miami Phins,Kyle Louis,SS,22,71,Normal,404,0,Pittsburgh,"6'0""",220,4370000,800000,1080000,4,0,88,91,84,68,68,31,6,6,6,64,63,35,41,38,35,60,35,56,45,43,56,50,49,73,53,59,68,82,79,78,68,52,66,45,15,19
Miami Phins,Greg Dulcich,TE,26,71,Normal,323,4,UCLA,"6'4""",245,1140000,1950000,1690000,1,0,84,87,82,67,68,29,15,10,6,81,81,68,68,65,62,77,65,74,63,54,53,53,50,60,10,10,34,41,32,25,21,15,23,33,24,22
Miami Phins,Jason Marshall Jr,CB,23,70,Normal,465,1,Florida,"6'0""",204,3910000,410000,1100000,3,0,89,93,88,60,70,23,16,10,19,69,64,34,27,26,25,55,51,73,32,35,25,35,25,41,24,36,43,69,52,55,71,73,67,61,25,17
Miami Phins,Michael Taaffe,FS,23,70,Normal,391,0,Texas,"6'0""",190,4370000,480000,1000000,4,0,89,91,88,61,68,27,6,6,6,66,61,39,45,42,35,54,52,68,58,35,35,35,35,59,38,47,57,75,64,72,65,68,73,63,27,25
Miami Phins,Jonah Savaiinaea,RG,22,69,Normal,209,1,Arizona,"6'4""",324,6430000,4850000,2560000,3,0,74,78,65,84,73,22,6,6,6,21,18,16,10,5,5,30,5,11,30,75,71,70,64,84,10,10,23,23,20,26,22,10,10,10,15,15
Miami Phins,Jamaree Salyer,LT,26,69,Normal,364,4,Georgia,"6'4""",325,1210000,180000,1390000,1,0,62,67,59,88,75,14,6,6,6,23,15,8,15,5,5,30,15,10,25,71,73,74,75,84,30,24,35,34,33,30,17,10,10,10,13,14
Miami Phins,Donovan Edwards,HB,23,69,Normal,444,1,Michigan,"5'11""",212,0,0,0,0,0,91,93,82,71,71,65,53,51,55,68,54,49,63,54,45,87,75,79,74,38,28,47,40,36,26,30,36,40,36,33,45,21,26,23,27,21
Miami Phins,Caedan Wallace,RT,26,68,Normal,284,2,Penn State,"6'5""",314,1590000,0,1040000,2,0,67,76,59,87,78,21,13,12,11,35,22,25,24,22,21,25,20,16,32,75,70,71,68,82,50,45,30,27,44,45,20,11,11,12,17,15
Miami Phins,Ethan Bonner,CB,26,67,Normal,320,3,Stanford,"6'1""",186,1140000,0,1140000,1,0,92,91,90,53,63,25,15,10,6,63,57,25,25,23,21,55,61,70,34,35,31,33,24,41,30,34,47,68,50,57,60,69,64,66,21,22
Miami Phins,DJ Campbell,RG,22,67,Normal,283,0,Texas,"6'3""",321,4370000,280000,950000,4,0,72,75,64,78,64,15,6,6,6,27,26,11,18,5,5,26,10,10,24,73,74,74,75,81,37,33,39,44,46,49,22,13,15,10,24,24
Miami Phins,Will Kacmarek,TE,23,67,Star,301,0,Ohio State,"6'6""",261,5380000,1440000,1240000,4,0,84,81,72,77,59,28,20,15,10,82,77,63,64,59,53,72,63,66,68,62,63,59,59,66,45,40,48,49,51,49,46,20,24,18,39,35
Miami Phins,Beaux Collins,WR,23,67,Normal,491,1,Notre Dame,"6'3""",206,0,0,0,0,0,88,90,79,73,67,26,22,14,22,78,80,74,74,73,71,73,74,72,60,43,27,26,23,44,15,26,32,34,35,32,26,27,34,23,22,18
Miami Phins,Eric Watts,DT,25,66,Normal,347,2,Connecticut,"6'6""",274,0,0,0,0,0,83,88,65,79,63,32,25,19,14,35,35,19,18,16,14,41,41,45,37,37,36,32,30,71,69,68,74,72,76,78,64,28,21,35,26,26
Miami Phins,Quinn Ewers,QB,23,65,Normal,544,1,Texas,"6'2""",214,4190000,120000,1030000,3,0,78,77,74,66,65,86,83,81,73,41,33,28,25,18,23,54,54,49,30,19,20,27,21,26,27,27,30,46,23,23,46,38,19,30,33,32
Miami Phins,Zeek Biggers,DT,22,65,Normal,249,1,Georgia Tech,"6'6""",321,4190000,90000,1020000,3,0,69,76,56,84,67,32,6,6,6,18,19,16,16,14,12,36,20,18,32,45,45,45,45,81,70,66,73,71,76,83,64,19,15,14,23,18
Miami Phins,Danny Striggow,REDG,24,65,Normal,435,1,Minnesota,"6'4""",253,0,0,0,0,0,78,80,81,75,63,22,6,6,6,35,23,15,15,7,5,34,24,31,30,45,45,45,45,65,71,68,68,78,75,77,62,34,47,33,15,13
Miami Phins,Miles Battle,CB,26,64,Normal,274,1,Utah,"6'3""",197,2120000,0,1000000,2,0,92,90,88,60,56,26,6,6,6,69,61,31,35,30,25,63,45,70,31,35,35,35,35,47,25,33,42,72,56,59,54,65,67,69,15,14
Miami Phins,Major Burns,SS,24,64,Normal,206,1,LSU,"6'2""",200,1080000,0,1080000,1,0,89,92,79,61,60,32,21,17,13,64,57,25,27,20,17,60,52,67,49,35,33,35,33,56,33,34,52,74,69,77,57,63,67,61,19,15
Miami Phins,Fabien Lovett Sr,DT,26,64,Normal,292,2,Florida State,"6'3""",316,0,0,0,0,0,73,76,66,84,61,19,6,6,6,30,17,12,13,5,3,26,12,20,34,45,45,45,45,81,64,59,73,68,74,78,63,22,33,15,15,15
Miami Phins,Seydou Traore,TE,24,63,Normal,223,0,Mississippi State,"6'4""",235,4190000,400000,970000,4,0,85,85,80,72,53,25,33,34,21,82,73,64,65,59,55,71,67,69,58,55,54,54,53,56,20,20,26,28,29,22,47,18,21,20,34,32
Miami Phins,Robert Beal Jr,LEDG,27,63,Normal,225,3,Georgia,"6'4""",250,1140000,50000,1190000,1,0,90,92,75,68,66,21,6,6,6,44,41,38,33,31,22,45,37,48,40,45,45,45,45,81,67,57,67,77,70,79,61,34,50,48,14,14
Miami Phins,Cam Camper,WR,25,63,Normal,342,1,Boise State,"6'3""",198,0,0,0,0,0,89,90,80,68,67,30,15,10,10,78,76,68,68,65,63,71,72,72,53,49,31,37,27,48,22,21,31,35,37,36,24,22,24,34,22,16
Miami Phins,Abraham Beauplan,WILL,26,63,Normal,255,2,Marshall,"6'2""",235,0,0,0,0,0,86,90,74,72,59,30,19,13,11,54,47,20,15,5,5,52,35,51,51,45,45,45,45,77,61,66,66,77,77,78,56,58,64,52,20,11
Miami Phins,Kejon Owens,HB,24,63,Normal,267,0,FIU,"5'11""",210,0,0,0,0,0,85,91,75,74,64,31,21,17,15,67,49,48,59,51,43,89,78,77,77,42,35,50,33,46,31,28,35,32,31,37,28,25,33,24,35,27
Miami Phins,Desmond Watson,DT,23,62,Normal,185,1,Florida,"6'6""",415,1050000,0,1050000,1,0,41,45,52,96,54,20,6,6,6,30,17,15,10,5,5,30,11,15,28,45,45,45,45,91,65,51,72,64,81,83,56,14,22,18,15,14
Miami Phins,Kenny Logan Jr,SS,25,62,Normal,243,2,Kansas,"5'11""",209,0,0,0,0,0,83,80,79,59,62,35,33,22,15,69,67,57,48,48,48,64,76,84,66,43,23,40,20,54,31,42,48,74,68,79,67,63,66,63,13,13
Miami Phins,Jalin Conyers,TE,25,62,Normal,263,1,Texas Tech,"6'4""",260,0,0,0,0,0,81,85,85,74,56,23,15,10,6,75,74,71,65,61,56,73,63,62,62,59,51,58,55,59,16,15,35,35,37,31,27,15,19,15,17,15
Miami Phins,Dan Villari,TE,24,62,Normal,266,0,Syracuse,"6'4""",243,0,0,0,0,0,80,84,82,74,58,76,66,64,59,82,74,61,60,54,50,74,69,70,67,57,56,55,56,59,36,37,40,36,35,43,38,22,39,17,33,33
Miami Phins,Tucker Addington,LS,29,55,Normal,54,4,Sam Houston,"6'2""",230,1140000,0,1140000,1,0,70,65,62,62,58,41,15,13,11,54,49,49,47,42,40,65,22,26,23,53,48,55,48,65,10,10,38,52,48,47,27,14,14,10,26,23
New York Jets,Demario Davis,MIKE,21,98,X-Factor,1827,14,Arkansas State,"6'2""",239,14500000,7500000,5000000,2,0,88,86,77,85,97,25,6,6,6,63,15,12,15,5,5,62,25,25,45,45,45,45,45,89,57,64,92,96,95,91,99,79,88,40,26,20
New York Jets,Minkah Fitzpatrick,SS,21,91,Superstar,1171,8,Alabama,"6'1""",207,31000000,8910000,7410000,3,0,91,92,90,64,88,15,6,6,6,79,62,29,28,23,18,66,58,79,47,35,35,35,35,63,38,50,60,85,82,85,91,82,89,77,15,13
New York Jets,Breece Hall,HB,25,89,Star,821,4,Iowa State,"5'11""",220,32480000,11000000,11480000,3,0,92,91,90,76,90,32,20,15,12,70,59,58,69,60,51,88,86,92,80,43,32,56,37,44,10,10,29,33,29,24,17,13,17,16,18,15
New York Jets,Garrett Wilson,WR,21,87,Superstar,1238,4,Ohio State,"6'0""",183,109310000,42040000,10070000,5,0,92,94,94,57,87,26,19,15,12,88,91,82,85,85,87,72,82,92,41,44,19,30,18,41,10,10,20,30,22,19,17,14,21,14,17,13
New York Jets,David Bailey,REDG,23,84,Superstar,1101,0,Texas Tech,"6'4""",251,4370000,50270000,9930000,4,0,89,91,86,80,82,18,6,6,6,37,28,16,17,15,10,46,30,36,29,45,45,45,45,83,81,84,84,89,82,85,79,48,54,28,26,20
New York Jets,Armand Membou,RT,22,84,Star,659,1,Missouri,"6'4""",332,4190000,27690000,7240000,3,0,74,76,72,91,87,47,6,6,6,25,21,5,21,5,5,41,6,10,30,84,83,84,83,94,29,17,39,24,28,33,30,12,14,11,18,15
New York Jets,Joe Tippmann,RG,25,81,Star,615,3,Wisconsin,"6'6""",317,55700000,10770000,3790000,5,0,73,81,65,89,80,11,6,6,6,39,32,25,23,15,10,45,9,20,10,84,81,81,83,86,10,10,25,30,33,34,25,12,13,10,15,12
New York Jets,T'Vondre Sweat,DT,25,79,Star,697,2,Texas,"6'5""",366,5760000,1880000,1660000,2,0,63,70,67,94,72,22,13,10,7,47,43,12,10,5,3,44,39,38,50,45,45,40,40,88,70,75,82,78,87,83,76,24,28,20,24,23
New York Jets,Kenyon Sadiq,TE,21,79,Superstar,742,0,Oregon,"6'3""",241,4370000,17930000,4050000,4,0,91,93,84,76,67,38,36,25,20,80,83,74,72,72,69,74,75,75,64,62,58,61,56,61,50,48,52,57,47,44,44,40,47,37,33,28
New York Jets,Will McDonald IV,LEDG,27,79,Star,725,3,Iowa State,"6'3""",241,19130000,11640000,5190000,2,0,82,87,88,69,77,44,30,25,22,48,46,35,35,30,28,49,33,50,43,45,45,45,45,70,74,85,73,83,78,87,72,38,50,52,35,32
New York Jets,D'Angelo Ponds,CB,21,78,Star,852,0,Indiana,"5'9""",180,6200000,3600000,1780000,4,0,94,94,87,54,74,28,6,6,6,68,61,34,31,33,30,63,55,68,34,35,35,35,35,45,35,32,45,73,64,61,75,77,75,76,14,12
New York Jets,Omar Cooper Jr.,WR,22,78,Star,759,0,Indiana,"6'0""",199,5550000,9160000,3170000,4,0,93,93,90,72,66,46,43,37,33,84,83,80,76,81,83,77,80,81,59,55,38,31,31,48,25,21,22,28,31,29,23,22,24,27,28,28
New York Jets,David Onyemata,DT,33,78,Normal,363,10,Manitoba,"6'3""",300,2150000,8350000,4500000,1,0,72,77,68,89,77,13,6,6,6,41,25,12,10,3,2,30,10,17,26,45,45,44,45,80,78,65,81,80,87,81,76,22,33,10,29,12
New York Jets,Olu Fashanu,LT,23,77,Star,602,2,Penn State,"6'6""",312,4010000,16480000,5580000,2,0,69,74,64,88,76,22,6,6,6,32,20,12,10,5,5,36,15,27,39,80,78,82,83,89,42,29,46,38,43,42,29,10,11,10,15,14
New York Jets,Azareye'h Thomas,CB,22,77,Superstar,960,1,Florida State,"6'2""",196,5050000,1410000,1480000,3,0,91,90,85,67,80,26,6,6,6,72,66,27,28,25,23,57,46,71,36,35,25,35,25,57,33,38,54,67,59,60,80,76,79,81,29,19
New York Jets,Andre Cisco,FS,26,77,Star,521,5,Syracuse,"6'0""",210,1490000,740000,2230000,1,0,91,90,87,65,79,28,15,10,10,77,68,25,24,25,22,59,42,69,34,35,35,35,35,64,36,41,57,78,66,80,78,71,75,72,15,19
New York Jets,Dane Belton,SS,25,77,Normal,416,4,Iowa,"6'1""",205,2490000,1510000,4000000,1,0,91,93,87,63,75,23,6,6,6,74,63,32,28,25,23,62,44,64,36,35,35,35,35,53,34,43,50,77,75,63,75,73,74,63,42,37
New York Jets,Tim Patrick,WR,32,76,Normal,379,9,Utah,"6'4""",212,1250000,730000,1980000,1,0,87,89,81,69,79,36,20,15,15,90,85,82,77,77,76,74,69,78,58,52,31,43,20,58,10,10,28,31,35,27,22,20,26,17,19,15
New York Jets,Adonai Mitchell,WR,23,76,Superstar,877,2,Texas,"6'2""",205,5180000,1080000,1460000,2,0,94,95,91,51,74,45,25,20,15,83,81,70,78,77,80,72,73,79,33,48,23,26,15,42,10,10,26,29,27,17,16,10,17,10,19,15
New York Jets,Jarvis Brownlee Jr,CB,25,76,Normal,676,2,Louisville,"5'10""",194,4010000,330000,1240000,2,0,92,91,85,63,77,31,29,24,19,73,64,35,39,34,30,55,65,75,35,35,29,30,24,57,32,40,51,74,70,75,77,73,77,71,15,18
New York Jets,Cade Klubnik,QB,23,76,X-Factor,1997,0,Clemson,"6'2""",207,4370000,1200000,1180000,4,0,87,90,85,64,55,93,82,88,85,45,35,18,36,30,29,60,73,71,64,38,34,44,28,38,18,26,38,43,18,25,47,27,33,12,53,43
New York Jets,Brandon Stephens,CB,28,76,Normal,325,5,SMU,"6'1""",215,24470000,11500000,13970000,2,0,90,86,84,68,80,21,6,6,6,70,72,36,46,34,28,69,62,75,59,35,35,38,38,56,40,44,58,78,71,64,79,73,78,82,18,15
New York Jets,Jamien Sherwood,WILL,26,76,Star,334,5,Auburn,"6'2""",216,25000000,15510000,11500000,2,0,86,86,77,67,79,43,37,33,29,63,60,34,35,31,29,64,54,68,55,35,35,35,35,73,56,55,70,87,88,85,78,68,70,74,25,20
New York Jets,Mason Taylor,TE,22,75,Normal,444,1,LSU,"6'5""",246,6200000,4240000,2370000,3,0,83,86,83,75,72,22,7,14,11,84,83,72,71,67,61,71,67,67,65,62,63,56,57,67,36,39,42,42,39,39,31,34,37,18,18,30
New York Jets,Nahshon Wright,CB,27,75,Normal,430,5,Oregon State,"6'4""",185,1500000,2000000,3500000,1,0,90,85,81,54,84,27,15,10,6,78,74,47,48,43,39,62,60,69,40,38,35,35,35,47,31,40,55,78,69,55,81,74,78,73,21,16
New York Jets,Dylan Parham,LG,27,75,Normal,317,4,Memphis,"6'3""",311,9980000,4960000,3940000,2,0,74,81,58,84,84,22,6,6,6,41,40,30,35,33,29,46,36,30,38,81,80,76,73,82,29,29,33,41,36,35,37,15,25,18,22,21
New York Jets,Jowon Briggs,DT,25,74,Normal,514,2,Cincinnati,"6'1""",313,1070000,0,1070000,1,0,72,73,66,88,73,21,6,6,6,48,15,29,15,22,17,46,33,36,56,45,45,47,45,86,80,74,75,79,84,82,70,19,27,19,23,19
New York Jets,Austin McNamara,P,25,74,Normal,269,2,Texas Tech,"6'5""",204,1840000,10000,1000000,1,0,76,80,68,45,58,42,55,54,51,40,23,15,15,15,15,40,38,49,38,15,6,18,5,12,10,10,21,26,25,15,27,15,25,22,93,86
New York Jets,Darrell Jackson Jr.,DT,23,74,Star,552,0,Florida State,"6'5""",337,3920000,1600000,1200000,4,0,67,71,58,88,73,20,6,6,6,23,22,26,15,13,2,47,16,24,49,45,45,45,45,88,75,69,79,78,82,80,77,32,26,18,15,27
New York Jets,Joseph Ossai,LEDG,26,74,Normal,395,5,Texas,"6'4""",253,24970000,9460000,5450000,3,0,83,90,79,80,70,24,6,6,6,53,46,15,10,5,5,57,25,34,39,45,45,45,45,84,78,71,73,79,79,84,66,45,54,47,45,38
New York Jets,Braelon Allen,HB,22,73,Normal,440,2,Wisconsin,"6'1""",250,3660000,530000,1200000,2,0,88,89,83,79,78,43,34,28,21,64,51,54,62,55,50,87,79,83,85,44,38,58,39,49,38,29,48,44,45,55,33,34,42,34,17,12
New York Jets,BJ Ojulari,REDG,24,73,Normal,478,3,LSU,"6'2""",248,7600000,1140000,2070000,4,0,86,91,84,75,61,19,6,6,6,29,22,12,10,7,5,30,13,41,26,49,45,49,48,71,66,76,71,84,77,84,62,41,50,42,22,21
New York Jets,Geno Smith,QB,35,72,Normal,573,13,West Virginia,"6'3""",221,3300000,0,3300000,1,0,84,82,79,58,71,88,86,83,79,57,48,30,30,20,10,59,61,64,35,20,15,24,20,35,10,10,25,30,38,12,18,18,25,15,20,15
New York Jets,Malachi Moore,FS,24,72,Normal,387,1,Alabama,"5'11""",197,4190000,880000,1220000,3,0,87,89,80,61,73,25,6,6,6,70,61,33,35,30,26,61,53,64,46,35,35,35,35,58,35,33,51,75,69,78,70,67,75,66,20,16
New York Jets,Josh Myers,C,28,72,Normal,227,5,Ohio State,"6'5""",310,9250000,3760000,4300000,2,0,61,56,59,89,80,26,6,6,6,31,16,15,11,6,5,28,10,12,27,75,73,75,78,86,29,24,31,35,31,31,21,12,12,10,18,12
New York Jets,Kingsley Enagbare,REDG,26,72,Normal,330,4,South Carolina,"6'4""",258,3490000,5510000,5000000,1,0,80,84,67,83,73,20,6,6,6,28,27,20,14,7,5,31,21,35,38,45,45,45,45,86,74,66,77,80,82,83,70,28,43,28,19,21
New York Jets,Thomas Hennessy,LS,32,71,Normal,154,9,Duke,"6'2""",246,6180000,990000,1470000,2,0,73,72,66,67,60,38,6,6,6,61,52,30,44,39,34,63,15,30,34,45,40,59,50,72,10,10,48,48,59,60,37,25,24,15,13,13
New York Jets,Cade York,K,25,71,Normal,213,4,LSU,"6'1""",206,1140000,0,1140000,1,0,76,79,60,58,54,26,30,24,20,24,14,12,10,8,6,30,16,28,19,15,10,16,10,10,10,10,13,17,25,12,15,10,10,10,97,75
New York Jets,Mazi Smith,DT,25,71,Normal,278,3,Michigan,"6'3""",337,6610000,4980000,2560000,1,0,74,77,76,89,67,22,7,6,5,33,24,15,15,10,6,31,21,15,31,45,45,40,40,88,70,55,72,73,85,86,64,12,14,15,13,12
New York Jets,Mykal Walker,WILL,29,70,Normal,275,6,Fresno State,"6'3""",230,1210000,180000,1390000,1,0,86,86,79,72,73,25,6,6,6,68,52,20,33,25,20,47,44,60,40,47,45,47,45,76,56,63,66,81,81,84,72,59,66,42,17,14
New York Jets,Isaiah Davis,HB,24,70,Normal,471,2,South Dakota State,"6'0""",218,0,0,0,0,0,87,90,82,73,70,49,32,23,19,67,48,53,64,53,42,92,78,80,74,35,20,49,32,35,18,24,40,43,40,46,14,18,26,23,25,22
New York Jets,Kiko Mauigoa,MIKE,23,69,Normal,320,1,Miami,"6'2""",233,4150000,370000,1090000,3,0,84,90,75,73,69,30,26,23,20,56,46,24,26,23,20,63,38,49,40,45,45,45,45,72,55,61,65,81,80,78,72,63,69,46,22,18
New York Jets,Jeremy Ruckert,TE,26,69,Normal,222,4,Ohio State,"6'5""",250,7370000,4240000,3250000,2,0,81,84,74,78,68,30,25,20,14,80,80,63,64,59,55,76,58,62,70,67,60,61,60,72,33,24,36,42,37,42,20,14,15,16,28,24
New York Jets,Tyler Baron,REDG,24,69,Normal,605,1,Miami,"6'5""",258,0,0,0,0,0,85,89,73,76,69,12,16,10,19,36,27,20,15,10,6,44,24,30,24,45,45,45,45,77,72,68,78,76,77,81,67,31,38,26,19,21
New York Jets,Caullin Lacy,WR,24,69,Normal,569,0,Louisville,"5'9""",183,0,0,0,0,0,87,90,87,60,61,49,46,38,35,82,77,71,70,72,70,73,76,82,47,48,24,24,36,40,20,20,28,25,23,24,21,19,22,27,27,24
New York Jets,Tahj Washington,WR,25,69,Normal,560,2,USC,"5'10""",174,0,0,0,0,0,88,87,89,53,49,22,15,10,6,83,77,69,72,74,75,76,75,83,40,36,16,25,18,37,10,10,25,25,20,21,15,10,17,10,11,11
New York Jets,Qwan'tez Stiggers,CB,24,68,Normal,378,3,No College,"6'0""",197,4010000,250000,1130000,2,0,91,94,83,60,63,31,22,18,15,73,64,24,24,21,16,57,57,69,34,35,30,30,25,56,26,34,54,70,64,68,65,69,69,60,15,15
New York Jets,Chukwuma Okorafor,RT,29,68,Normal,205,8,W. Michigan,"6'6""",320,1300000,180000,1480000,1,0,67,62,56,85,73,18,6,6,6,24,12,13,15,10,7,27,12,10,24,75,71,74,76,82,18,14,24,26,28,29,18,11,13,10,18,13
New York Jets,Arian Smith,WR,24,68,Normal,342,1,Georgia,"6'0""",179,4190000,1040000,1260000,3,0,94,91,90,64,71,12,7,10,15,75,71,66,71,70,71,71,69,72,41,44,17,25,24,41,23,24,30,29,31,24,45,68,51,30,19,21
New York Jets,Anez Cooper,RG,22,68,Normal,310,0,Miami,"6'6""",334,4370000,280000,950000,4,0,55,56,61,85,64,15,6,6,6,28,28,12,16,5,5,25,10,10,26,72,73,74,76,81,10,10,18,24,36,25,24,10,11,10,23,27
New York Jets,Andrew Beck,FB,30,68,Normal,165,7,Texas,"6'3""",255,1300000,180000,1480000,1,0,85,87,77,77,57,30,15,10,6,72,66,60,63,57,52,67,64,64,67,63,59,62,55,66,35,20,47,52,47,36,40,31,37,26,22,15
New York Jets,Braiden McGregor,LEDG,25,68,Normal,553,2,Michigan,"6'5""",267,0,0,0,0,0,80,86,73,73,69,27,7,6,5,39,28,12,10,7,5,40,29,42,41,45,45,45,45,79,70,63,71,82,83,79,65,24,29,35,31,30
New York Jets,Kene Nwangwu,HB,28,67,Normal,162,5,Iowa State,"6'1""",210,1250000,670000,1920000,1,0,92,94,87,68,65,31,20,17,12,61,42,45,52,45,42,83,73,78,60,33,18,48,26,36,10,10,25,33,29,21,16,11,18,15,17,15
New York Jets,Chris Collier,HB,26,67,Normal,348,2,Wagner College,"5'11""",203,0,0,0,0,0,89,94,85,70,61,27,24,20,14,60,52,40,51,44,37,85,73,77,75,45,45,48,35,37,11,12,35,46,39,49,18,30,37,32,14,12
New York Jets,Max Mitchell,LT,26,66,Normal,229,4,UL Lafayette,"6'6""",307,1810000,180000,1990000,1,0,61,71,55,85,75,24,8,6,5,24,15,12,15,5,5,29,12,14,25,73,72,68,65,79,15,13,25,32,29,26,20,10,10,10,22,19
New York Jets,Parker Hughes,WILL,23,66,Normal,336,0,Middle Tennessee State,"6'1""",228,0,0,0,0,0,88,91,75,71,60,33,6,6,6,66,50,33,34,32,30,53,31,29,45,43,60,62,42,67,49,53,63,82,79,77,59,60,63,46,15,12
New York Jets,VJ Payne,SS,22,65,Normal,264,0,Kansas State,"6'3""",206,4370000,120000,910000,4,0,91,93,85,61,59,26,6,6,6,63,61,43,44,41,34,64,53,67,52,35,35,35,35,59,37,43,50,72,64,72,59,66,70,66,25,21
New York Jets,Brady Cook,QB,24,65,Normal,715,1,Missouri,"6'2""",214,0,0,0,0,0,85,89,82,67,54,88,81,78,73,38,18,26,18,16,15,57,66,60,47,19,22,25,18,28,30,30,23,35,32,30,27,16,17,17,22,26
New York Jets,Mory Bamba,CB,25,64,Normal,309,0,BYU,"6'2""",193,3070000,30000,880000,3,0,92,93,87,61,58,26,6,6,6,61,62,32,20,17,14,60,57,71,52,35,35,35,35,53,30,35,48,71,55,57,54,62,69,64,15,12
New York Jets,Marquis Hayes,LG,27,64,Normal,216,4,Oklahoma,"6'5""",318,2840000,0,880000,2,0,62,67,53,86,60,20,6,6,6,21,16,8,12,10,8,20,15,17,30,72,74,68,69,84,20,18,35,24,28,38,19,10,10,10,15,12
New York Jets,Ameer Speed,FS,26,64,Normal,149,3,Michigan State,"6'3""",215,6000000,300000,1920000,3,0,95,92,84,62,62,25,6,6,6,52,54,20,22,12,10,55,60,70,44,35,35,35,35,54,42,38,48,69,64,74,58,61,63,67,25,24
New York Jets,Jalen Wayne,WR,27,64,Normal,335,2,South Alabama,"6'2""",216,0,0,0,0,0,89,92,77,63,66,33,20,15,10,78,79,70,70,68,65,69,73,77,48,43,29,33,20,40,10,10,28,31,24,27,23,19,24,23,18,16
New York Jets,Gabe Jeudy-Lally,CB,25,64,Normal,372,2,Tennessee,"6'1""",189,0,0,0,0,0,88,91,79,54,66,24,6,6,6,69,64,24,24,19,13,58,49,71,26,30,30,25,25,42,31,38,46,68,55,59,64,63,67,65,10,11
New York Jets,Bam Martin-Scott,WILL,26,63,Normal,255,1,South Carolina,"6'2""",231,0,0,0,0,0,85,88,75,74,59,23,6,6,6,51,50,27,23,20,17,43,33,57,43,45,45,45,45,78,49,51,63,79,77,77,57,54,61,43,22,20
New York Jets,Zelmar Vedder,CB,23,63,Normal,353,0,Houston,"6'3""",195,0,0,0,0,0,89,91,87,56,59,25,6,6,6,68,70,39,22,19,15,64,56,78,35,35,35,35,35,46,30,34,46,68,57,56,56,63,64,66,15,17
New England Pats,Christian Gonzalez,CB,24,98,X-Factor,2387,3,Oregon,"6'2""",201,107590000,78340000,4790000,9,0,96,93,94,59,98,35,15,10,6,74,73,40,37,27,20,60,67,74,42,32,32,30,25,48,28,37,53,77,76,49,98,98,90,86,46,42
New England Pats,Drake Maye,QB,24,93,X-Factor,3144,2,North Carolina,"6'4""",223,4010000,32600000,9980000,2,0,89,89,82,62,93,94,95,92,93,34,15,15,15,14,12,65,67,73,43,31,12,15,15,12,10,10,18,32,20,16,17,12,15,10,55,46
New England Pats,A.J. Brown,WR,29,89,Superstar,1071,7,Ole Miss,"6'1""",226,29910000,58950000,7040000,4,0,91,92,85,79,92,41,34,29,25,94,94,89,85,84,87,73,87,90,77,54,34,41,24,53,10,10,26,33,23,17,15,18,27,16,17,16
New England Pats,Milton Williams,DT,27,87,Superstar,833,5,LA. Tech,"6'3""",290,70000000,33500000,28500000,3,0,82,85,81,92,91,22,6,6,6,29,18,15,17,9,5,28,15,23,26,45,45,45,45,83,87,78,78,83,86,78,88,17,25,15,14,13
New England Pats,Hunter Henry,TE,31,86,Star,675,10,Arkansas,"6'5""",250,16380000,21490000,11000000,4,0,85,86,76,75,98,28,15,10,6,92,87,80,76,72,69,72,56,69,78,66,65,62,61,73,17,17,46,43,42,27,22,14,21,17,21,19
New England Pats,Kevin Byard III,FS,33,86,Star,447,10,Middle Tennessee State,"5'11""",218,2670000,6330000,9000000,1,0,88,86,87,73,91,44,31,26,36,82,68,22,31,12,10,78,59,72,52,16,34,12,34,60,47,53,64,84,80,79,89,70,81,67,20,19
New England Pats,Mike Onwenu,RG,28,86,Star,624,6,Michigan,"6'3""",350,2950000,14550000,17500000,1,0,65,53,55,91,91,21,6,6,6,26,18,15,18,10,6,29,20,18,29,85,87,87,89,91,22,12,22,31,25,30,22,17,22,15,15,16
New England Pats,Carlton Davis III,CB,29,85,Star,674,8,Auburn,"6'1""",206,33000000,23000000,22000000,2,0,90,89,81,65,90,26,6,6,6,76,67,23,20,15,10,65,48,67,29,35,35,35,35,55,24,35,52,75,73,68,91,85,85,93,19,15
New England Pats,Robert Spillane,MIKE,30,85,Star,597,8,W. Michigan,"6'1""",229,20400000,12430000,12320000,2,0,87,85,77,71,94,21,6,6,6,74,33,12,15,5,5,60,31,46,45,45,45,45,45,79,56,50,73,89,88,83,96,68,75,46,18,12
New England Pats,Craig Woodson,SS,25,84,Star,954,1,California,"6'0""",200,4190000,1050000,1260000,3,0,91,92,85,59,85,24,6,6,6,71,62,34,36,31,27,62,55,66,48,35,35,35,35,60,33,32,60,79,77,79,85,73,84,68,20,17
New England Pats,Morgan Moses,RT,35,83,Normal,365,12,Virginia,"6'6""",320,16800000,8550000,10400000,2,0,65,48,54,90,95,30,6,6,6,35,15,15,15,5,5,45,6,10,20,83,87,82,85,88,10,10,20,28,30,20,15,12,15,10,25,25
New England Pats,Harold Landry III,REDG,30,83,Star,743,8,Boston College,"6'2""",252,27000000,16350000,16350000,2,0,84,87,83,78,87,23,6,6,6,56,52,12,20,15,10,47,36,52,36,45,45,45,45,81,68,81,81,86,88,82,83,48,58,39,18,14
New England Pats,TreVeyon Henderson,HB,23,83,Star,820,1,Ohio State,"5'10""",202,6380000,4730000,2520000,3,0,95,92,86,71,75,18,24,15,10,67,47,51,66,61,56,95,81,87,80,42,31,51,38,46,25,28,32,39,33,31,46,28,24,29,27,18
New England Pats,Reggie Gilliam,FB,29,83,Normal,494,6,Toledo,"6'1""",255,6300000,4500000,2800000,3,0,87,89,83,81,85,34,26,21,16,74,57,59,64,60,55,70,61,65,72,69,62,73,52,76,31,22,39,57,54,84,42,31,36,14,17,12
New England Pats,Alijah Vera-Tucker,LG,27,83,Star,636,5,USC,"6'5""",308,21300000,16440000,4780000,3,0,75,73,61,91,82,25,6,6,6,25,12,12,10,5,5,35,5,10,15,85,81,83,85,93,10,10,25,30,36,24,10,12,12,10,20,20
New England Pats,Marcus Jones,CB,27,83,Star,777,4,Houston,"5'8""",188,23660000,12950000,6320000,3,0,92,95,92,48,81,24,16,12,8,77,66,29,54,45,42,65,75,87,26,31,31,30,29,41,25,36,46,74,66,60,83,83,82,71,14,13
New England Pats,Will Campbell,LT,22,82,Star,809,1,LSU,"6'6""",319,4190000,39440000,9910000,3,0,73,78,71,87,88,11,6,6,6,21,21,29,16,5,5,30,13,10,28,85,83,81,81,86,22,11,22,22,29,34,30,12,12,10,16,15
New England Pats,Romeo Doubs,WR,26,80,Normal,567,4,Nevada,"6'2""",204,45000000,23000000,8600000,4,0,91,94,85,60,82,24,20,15,10,85,86,84,78,80,82,68,72,77,36,35,17,26,20,38,18,22,33,39,35,26,32,19,31,22,22,17
New England Pats,Kayshon Boutte,WR,24,80,Normal,720,3,LSU,"6'0""",195,21700000,19620000,3710000,5,0,91,90,86,58,82,28,20,15,10,87,85,80,79,81,83,73,77,80,44,51,28,29,22,42,10,10,27,30,26,23,16,11,16,13,16,11
New England Pats,Rhamondre Stevenson,HB,28,79,Normal,367,5,Oklahoma,"6'0""",230,24610000,14440000,7420000,3,0,88,87,82,82,85,32,25,20,15,72,52,48,66,60,47,84,87,86,87,55,43,62,36,53,10,10,33,39,41,32,18,10,16,18,20,18
New England Pats,Christian Barmore,DT,27,79,Star,451,5,Alabama,"6'5""",315,59820000,25880000,17100000,3,0,74,74,63,89,87,24,6,6,6,37,25,16,15,12,9,41,20,24,32,45,45,45,45,89,78,82,76,84,83,82,86,17,25,13,11,12
New England Pats,Gabe Jacas,LEDG,22,78,Star,907,0,Illinois,"6'4""",261,5640000,3000000,1570000,4,0,83,87,76,87,73,24,25,24,10,37,36,16,17,15,10,48,45,36,29,45,45,45,45,81,80,70,78,83,84,83,71,43,50,35,25,20
New England Pats,Caleb Lomu,LT,21,77,Star,705,0,Utah,"6'6""",313,9460000,9440000,3440000,4,0,73,76,67,85,80,18,6,6,6,25,15,16,11,5,5,26,16,10,21,81,74,76,75,84,10,10,21,21,24,47,23,15,14,10,10,12
New England Pats,Dre'Mont Jones,LEDG,29,77,Normal,476,7,Ohio State,"6'3""",265,21900000,14580000,7040000,3,0,82,81,75,82,81,24,6,6,6,51,37,26,24,21,17,50,35,37,34,45,45,45,45,87,67,77,75,83,88,81,80,34,48,25,18,10
New England Pats,DeMario Douglas,WR,25,77,Normal,563,3,Liberty,"5'8""",192,15830000,6420000,3700000,4,0,91,93,88,57,79,25,24,15,10,91,82,72,78,77,76,74,73,83,51,49,17,30,19,37,10,10,32,48,41,32,32,32,41,34,21,18
New England Pats,Bryce Baringer,P,27,77,Normal,297,3,Michigan State,"6'3""",215,4420000,4580000,1180000,2,0,73,75,67,50,63,38,33,31,26,28,21,15,15,15,15,40,15,23,15,14,14,12,12,18,10,10,26,29,32,33,17,10,10,10,95,83
New England Pats,Andres Borregales,K,23,76,Normal,337,1,Miami,"5'11""",202,4190000,240000,1060000,3,0,75,75,67,46,63,28,32,29,22,32,12,13,12,10,10,35,15,13,16,12,11,16,13,15,10,10,10,22,23,16,15,11,12,10,94,84
New England Pats,Kyle Williams,WR,23,75,Star,677,1,Washington State,"6'0""",190,5170000,1490000,1510000,3,0,94,95,87,66,71,59,48,43,38,82,79,79,75,76,77,72,76,76,61,46,20,27,24,42,25,28,31,33,29,29,40,29,36,28,32,21
New England Pats,Christian Elliss,WILL,27,74,Normal,250,5,Idaho,"6'3""",231,9750000,3650000,8550000,1,0,88,86,83,74,76,21,6,6,6,58,51,12,15,5,5,59,29,39,40,45,45,45,45,75,68,59,73,83,83,86,78,56,60,44,11,12
New England Pats,Joshua Farmer,DT,23,72,Star,478,1,Florida State,"6'3""",312,4150000,650000,1160000,3,0,69,74,67,88,69,20,27,15,25,40,39,38,39,33,28,55,40,36,40,45,45,45,45,84,73,58,77,75,82,81,69,20,16,16,27,22
New England Pats,Jack Westover,FB,27,72,Normal,396,2,Washington,"6'2""",245,0,0,0,0,0,80,85,81,78,59,38,20,15,10,73,68,63,67,63,57,73,61,63,66,64,55,64,52,67,14,10,41,45,43,39,25,12,14,17,21,16
New England Pats,Jared Wilson,C,23,71,Star,353,1,Georgia,"6'3""",310,5040000,1130000,1400000,3,0,78,79,70,86,70,18,6,6,6,28,18,14,11,5,5,34,6,13,20,74,73,79,74,83,13,14,25,20,28,16,24,11,14,10,16,13
New England Pats,Dell Pettus,SS,25,70,Normal,363,2,Troy,"5'11""",200,2820000,10000,1070000,1,0,89,91,83,64,68,26,15,12,10,67,64,40,36,32,27,65,53,69,42,35,35,35,35,58,33,44,56,77,70,73,68,69,70,64,19,12
New England Pats,Bradyn Swinson,LEDG,24,70,Normal,533,1,LSU,"6'4""",255,4190000,0,1000000,3,0,84,88,78,82,61,8,13,16,8,30,15,13,15,8,7,40,28,40,30,45,45,45,45,84,70,75,72,77,78,78,58,39,49,33,27,20
New England Pats,Jeremiah Pharms Jr,DT,29,70,Normal,329,4,Friends University,"6'3""",300,1140000,0,1140000,1,0,74,75,74,83,73,13,9,7,6,33,25,12,10,3,2,30,13,22,26,45,45,44,45,78,61,70,73,73,82,79,72,12,14,10,14,11
New England Pats,Troy Andersen,MIKE,27,70,Normal,270,4,Montana State,"6'4""",245,4800000,750000,1540000,3,0,90,93,86,68,76,53,51,46,44,67,57,37,35,30,24,76,71,65,63,56,54,53,54,79,40,45,68,80,81,84,72,54,58,55,24,21
New England Pats,Karon Prunty,CB,24,69,Normal,464,0,Wake Forest,"6'2""",190,4230000,400000,980000,4,0,91,93,89,59,60,27,6,6,6,57,64,30,27,30,28,58,56,68,33,35,35,35,35,41,33,38,46,70,57,53,64,72,71,68,18,16
New England Pats,Jam Miller,HB,22,69,Normal,379,0,Alabama,"5'10""",209,4370000,120000,910000,4,0,91,89,87,77,55,24,22,18,15,63,54,51,60,52,45,90,78,81,76,40,32,51,27,41,27,31,38,41,40,39,36,32,37,36,33,28
New England Pats,Chad Muma,SAM,27,69,Normal,281,4,Wyoming,"6'3""",239,2310000,20000,1230000,1,0,84,88,85,76,71,21,15,10,10,66,59,15,21,14,10,63,36,48,32,45,45,45,45,70,48,46,61,84,82,82,68,61,62,42,22,18
New England Pats,Elijah Ponder,REDG,24,68,Normal,450,1,Cal Poly SLO,"6'3""",261,2960000,10000,1000000,2,0,85,88,82,76,65,20,6,6,6,38,38,16,10,5,5,42,22,38,28,45,45,45,45,78,66,68,68,77,76,76,64,34,43,35,21,22
New England Pats,Cory Durden,DT,27,68,Normal,288,3,N.C. State,"6'4""",305,2170000,0,1140000,1,0,65,63,66,79,76,19,6,6,6,40,31,13,16,8,4,40,16,26,36,45,45,35,35,78,74,78,72,77,82,85,74,26,29,23,15,15
New England Pats,Efton Chism III,WR,24,68,Normal,525,1,Eastern Washington,"5'11""",193,0,0,0,0,0,84,87,90,66,60,42,31,26,20,81,77,67,75,74,70,73,74,76,50,47,24,29,24,45,22,25,37,44,33,35,22,15,21,20,19,13
New England Pats,Jakobie Keeney-James,WR,25,68,Normal,517,1,Massachusetts,"6'0""",190,0,0,0,0,0,91,93,87,63,62,30,23,18,13,79,76,69,72,71,71,71,71,74,45,42,20,29,20,40,10,10,27,28,25,21,23,11,17,14,19,15
New England Pats,Quintayvious Hutchins,REDG,23,67,Normal,430,0,Boston College,"6'3""",245,4370000,120000,910000,4,0,81,80,72,74,64,21,23,19,10,66,55,41,48,43,39,60,39,55,50,45,45,45,45,73,66,75,69,76,78,77,61,26,33,52,27,20
New England Pats,Namdi Obiazor,WILL,24,67,Normal,296,0,TCU,"6'3""",229,4370000,200000,930000,4,0,88,89,76,71,62,15,6,6,6,63,37,11,23,18,13,55,35,35,43,45,60,62,43,73,49,62,70,79,81,80,60,53,62,44,15,14
New England Pats,Dametrious Crownover,RT,24,67,Normal,280,0,Texas A&M,"6'7""",319,4370000,240000,940000,4,0,68,71,51,85,66,18,6,6,6,33,26,25,34,32,29,25,18,10,22,74,72,69,76,83,41,42,35,42,39,42,18,12,12,10,10,12
New England Pats,Ben Brown,C,28,66,Normal,155,5,Ole Miss,"6'5""",312,4130000,1890000,1960000,2,0,60,62,58,85,75,22,6,6,6,25,15,15,15,5,5,34,14,10,16,71,70,68,68,83,10,10,14,24,15,20,15,10,10,10,20,15
New England Pats,Tejhaun Palmer,WR,26,66,Normal,416,2,UAB,"6'1""",210,0,0,0,0,0,91,94,80,69,63,25,20,15,15,80,79,67,70,69,68,66,75,76,61,39,30,23,15,45,10,10,20,28,29,26,16,18,16,15,19,15
New England Pats,Marcellas Dial Jr,CB,25,66,Normal,438,2,South Carolina,"6'0""",190,0,0,0,0,0,91,90,78,62,66,27,17,9,8,67,65,27,26,16,11,57,63,69,42,25,16,15,14,62,26,33,59,66,70,74,62,66,64,67,22,21
New England Pats,John Saunders Jr,FS,24,65,Normal,246,1,Ole Miss,"6'2""",210,1000000,0,1000000,1,0,88,89,90,64,58,23,6,6,6,64,60,21,25,22,19,59,47,64,42,35,35,35,35,60,32,34,46,72,65,74,57,67,70,61,18,15
New England Pats,Eli Raridon,TE,22,65,Star,250,0,Notre Dame,"6'6""",245,5360000,1360000,1220000,4,0,85,90,78,74,56,28,20,15,10,77,81,63,61,58,53,73,65,68,65,60,61,59,60,63,20,18,23,25,27,29,25,16,17,19,31,28
New England Pats,Nick DeGennaro,WR,25,65,Normal,403,0,James Madison,"6'1""",196,0,0,0,0,0,92,90,84,61,50,66,54,53,51,85,76,67,65,67,68,70,72,76,48,47,19,32,33,38,28,29,39,40,46,45,31,31,35,30,29,25
New England Pats,Charles Woods,CB,26,65,Normal,383,2,SMU,"5'11""",185,0,0,0,0,0,86,85,87,55,68,21,20,14,13,70,65,32,30,28,23,65,63,68,54,35,31,27,21,64,34,29,45,70,53,52,65,68,69,72,14,15
New England Pats,Kobee Minor,CB,24,65,Normal,409,1,Memphis,"5'11""",188,0,0,0,0,0,87,90,78,55,68,20,12,29,27,64,58,26,23,24,24,50,44,68,25,35,25,35,25,40,30,24,43,68,50,48,69,64,69,67,24,23
New England Pats,Terrell Jennings,HB,25,65,Normal,310,1,Florida A&M,"6'1""",217,0,0,0,0,0,88,91,75,74,69,32,39,37,28,65,52,49,58,53,48,88,77,77,79,39,26,50,38,46,20,27,35,38,31,27,30,24,24,23,20,16
New England Pats,Leonard Taylor III,DT,24,65,Normal,322,2,Miami,"6'4""",303,0,0,0,0,0,68,75,58,84,65,10,15,10,5,28,24,16,15,10,5,33,44,27,25,30,28,33,28,77,72,76,73,71,75,73,67,25,32,30,26,20
New England Pats,Marcus Bryant,LT,24,64,Normal,289,1,Missouri,"6'7""",317,4190000,130000,1030000,3,0,68,73,66,85,65,22,6,6,6,23,29,18,16,5,5,34,10,10,25,69,70,69,71,81,11,10,24,21,22,28,29,27,14,10,14,13
New England Pats,Julian Ashby,LS,24,64,Normal,112,1,Vanderbilt,"6'1""",231,4190000,90000,1020000,3,0,74,83,72,68,60,29,10,11,10,45,47,34,47,40,35,62,51,45,45,51,51,45,41,56,32,32,37,52,50,22,34,17,20,15,24,24
New England Pats,Andrew Rupcich,LG,27,64,Normal,190,4,Culver-Stockton,"6'6""",325,1070000,0,1070000,1,0,61,68,53,85,70,21,8,6,5,25,15,12,10,7,5,22,9,10,19,67,70,70,69,80,31,21,21,22,25,32,21,10,10,9,12,10
New England Pats,Tommy DeVito,QB,28,64,Normal,352,3,Illinois,"6'2""",210,2750000,1220000,1550000,2,0,84,87,82,62,65,83,82,79,69,32,15,10,15,14,11,65,57,66,45,12,12,10,10,23,10,10,14,26,21,20,20,10,10,9,22,21
New England Pats,Casey Rogers,DT,27,64,Normal,289,2,Oregon,"6'4""",305,0,0,0,0,0,77,75,69,83,59,19,16,13,11,33,14,17,7,7,7,32,19,18,34,29,22,24,11,81,66,58,74,71,73,79,59,13,18,15,20,17
New England Pats,Eric Gregory,DT,25,64,Normal,294,1,Arkansas,"6'3""",319,0,0,0,0,0,68,74,62,86,56,20,6,6,6,35,20,15,15,7,5,37,16,20,32,45,45,45,45,83,69,61,75,72,76,77,54,16,21,17,16,14
New England Pats,Behren Morton,QB,24,62,Normal,446,0,Texas Tech,"6'1""",218,4370000,120000,910000,4,0,76,81,78,61,51,86,83,80,72,44,30,18,25,20,15,66,61,53,59,15,15,15,15,42,20,20,23,27,29,22,19,10,13,15,20,22
New England Pats,Jacob Rizy,C,24,62,Normal,187,0,Florida State,"6'5""",306,3010000,90000,880000,3,0,66,79,71,89,60,16,6,6,6,31,13,14,11,5,5,32,12,10,21,70,69,72,71,72,10,10,10,15,33,25,18,12,12,10,19,14
New England Pats,CJ Dippre,TE,24,62,Normal,202,1,Alabama,"6'5""",256,1840000,0,1000000,1,0,83,85,75,78,61,35,25,20,16,74,72,67,58,52,47,67,62,60,62,67,63,60,60,67,11,14,31,35,34,32,25,13,14,16,17,14
Buffalo Bills,Josh Allen,QB,21,99,X-Factor,3647,8,Wyoming,"6'5""",237,134890000,236180000,44220000,5,0,87,90,84,81,96,98,97,92,94,40,23,18,22,15,13,63,86,81,76,17,10,14,15,26,9,9,23,33,32,11,15,12,18,9,22,14
Buffalo Bills,James Cook III,HB,26,95,Superstar,1263,4,Georgia,"5'11""",190,33510000,17630000,5880000,4,0,93,95,94,67,90,27,20,14,10,70,54,62,68,65,57,91,87,95,64,42,24,51,21,38,10,10,35,47,40,37,31,24,34,17,19,14
Buffalo Bills,Dion Dawkins,LT,21,89,Superstar,1265,9,Temple,"6'5""",320,60750000,46700000,24830000,5,0,75,71,78,92,97,23,6,6,6,41,12,19,25,14,10,28,8,22,33,85,89,89,90,93,10,10,27,24,31,40,13,12,15,10,24,22
Buffalo Bills,Greg Rousseau,LEDG,26,88,Superstar,1264,5,Miami,"6'6""",266,56520000,34040000,11790000,4,0,86,89,81,83,92,22,6,6,6,51,44,31,30,26,21,48,29,42,32,44,44,44,46,83,87,85,87,89,89,83,90,35,44,31,20,19
Buffalo Bills,Spencer Brown,RT,28,85,Normal,555,5,Northern Iowa,"6'8""",311,36860000,30170000,8960000,3,0,73,79,74,91,85,23,6,6,6,55,49,23,33,14,5,50,24,10,35,88,89,80,83,91,49,38,34,51,42,45,33,12,15,10,25,25
Buffalo Bills,DJ Moore,WR,29,84,Star,729,8,Maryland,"6'0""",213,100840000,24800000,6750000,4,0,91,91,92,66,83,43,33,27,20,91,91,85,81,81,80,73,85,92,70,53,27,30,22,41,10,10,22,36,30,18,22,18,24,29,18,13
Buffalo Bills,Christian Benford,CB,25,84,Star,896,4,Villanova,"6'1""",205,45860000,24130000,7390000,4,0,89,92,82,65,88,30,6,6,6,75,66,38,32,27,24,61,52,70,37,35,35,35,35,52,35,41,51,76,73,57,89,80,86,86,18,12
Buffalo Bills,Khalil Shakir,WR,26,83,Star,814,4,Boise State,"6'0""",190,36130000,18410000,6790000,4,0,90,93,85,63,91,39,31,27,21,95,86,76,82,85,79,73,83,88,45,39,20,29,20,40,10,10,27,28,25,21,16,11,17,14,19,15
Buffalo Bills,Ed Oliver,DT,28,82,Star,564,7,Houston,"6'1""",287,21140000,46230000,13660000,2,0,82,84,83,89,85,25,6,6,6,31,20,20,15,8,4,32,20,39,31,45,45,45,45,90,82,75,80,81,85,81,84,19,32,16,15,12
Buffalo Bills,Connor McGovern,C,28,82,Normal,508,7,Penn State,"6'5""",318,25810000,24340000,5250000,4,0,68,61,61,87,93,30,10,10,10,35,15,12,15,5,5,40,5,10,20,84,81,85,82,85,10,10,20,15,40,20,15,12,15,10,25,25
Buffalo Bills,Terrel Bernard,MIKE,27,82,Star,619,4,Baylor,"6'1""",224,28610000,15550000,5350000,4,0,85,91,82,67,87,21,22,17,15,74,51,15,15,5,5,49,33,61,39,45,45,45,45,74,52,62,72,92,86,81,89,65,72,40,17,13
Buffalo Bills,Dalton Kincaid,TE,26,82,Star,726,3,Utah,"6'4""",246,14820000,6760000,4270000,2,0,86,90,67,71,84,25,15,10,6,93,85,75,76,70,74,76,68,73,67,60,57,58,54,62,10,10,35,33,37,41,17,16,20,23,21,19
Buffalo Bills,Cole Bishop,FS,23,81,Star,781,2,Utah,"6'2""",207,4800000,1730000,1780000,2,0,91,93,84,64,79,36,35,32,24,66,68,14,15,15,12,65,64,67,49,21,19,15,13,65,57,53,62,80,72,74,80,74,83,71,27,28
Buffalo Bills,Geno Stone,FS,27,80,Normal,600,6,Iowa,"5'10""",209,1210000,180000,1390000,1,0,86,88,86,58,85,42,29,25,21,82,63,34,30,15,11,65,49,67,48,16,35,12,35,55,33,38,57,78,74,86,87,71,77,60,17,22
Buffalo Bills,Maxwell Hairston,CB,23,79,Star,797,1,Kentucky,"5'11""",192,6070000,9160000,3460000,3,0,96,93,92,59,74,20,15,15,21,75,68,43,37,35,38,63,50,79,27,35,25,25,25,46,26,31,46,73,61,51,69,78,80,74,20,19
Buffalo Bills,Bradley Chubb,REDG,30,78,Normal,510,8,N.C. State,"6'4""",268,15440000,25540000,6500000,3,0,84,85,77,89,79,20,6,6,6,56,55,13,15,8,4,53,36,38,32,45,45,45,45,92,71,77,79,82,79,87,80,48,53,28,18,15
Buffalo Bills,T.J. Parker,REDG,21,78,Star,849,0,Clemson,"6'4""",263,7100000,6000000,2380000,4,0,83,87,83,82,69,12,13,18,10,37,40,18,17,15,10,50,34,40,37,45,45,45,45,85,79,73,83,84,86,87,73,34,41,36,26,20
Buffalo Bills,Dawson Knox,TE,29,77,Star,414,7,Ole Miss,"6'4""",254,11770000,15630000,8550000,3,0,86,89,83,72,77,41,28,23,17,85,86,70,68,64,58,71,53,62,72,65,60,63,59,65,10,10,28,31,31,21,14,13,16,13,14,12
Buffalo Bills,Mike Danna,LEDG,28,77,Normal,751,6,Michigan,"6'2""",257,1260000,0,1260000,1,0,80,83,74,82,78,26,6,6,6,31,18,15,10,5,5,31,27,31,37,45,45,45,45,87,74,65,78,82,87,78,80,16,25,16,17,13
Buffalo Bills,Austin Corbett,LG,30,76,Normal,404,8,Nevada,"6'4""",305,1300000,180000,1480000,1,0,68,69,56,85,82,23,6,6,6,18,12,12,10,5,5,32,7,10,23,78,76,80,78,82,20,10,15,23,29,27,16,12,12,10,17,13
Buffalo Bills,Ray Davis,HB,26,76,Star,568,2,Kentucky,"5'9""",211,4010000,690000,1240000,2,0,88,88,86,78,75,40,32,26,20,71,56,55,66,61,54,93,85,83,81,36,33,52,33,35,10,10,30,36,33,30,19,12,12,15,58,55
Buffalo Bills,Keon Coleman,WR,23,76,Superstar,760,2,Florida State,"6'3""",215,5840000,4210000,2740000,2,0,91,88,87,72,74,65,52,46,40,84,88,80,77,77,78,74,77,78,52,42,33,52,30,40,10,10,40,45,40,39,26,25,31,28,22,20
Buffalo Bills,C.J. Gardner-Johnson,SS,28,76,Star,423,7,Florida,"5'11""",208,1510000,1880000,2390000,1,0,90,89,83,68,78,25,15,10,10,84,66,26,28,21,15,64,53,74,38,35,35,35,35,61,36,51,53,77,68,76,75,69,76,77,65,50
Buffalo Bills,Dee Alford,CB,28,76,Normal,453,5,Tusculum College,"5'11""",175,9930000,5800000,3230000,3,0,91,90,85,49,78,22,6,6,6,71,72,33,30,25,21,60,67,74,33,18,33,13,33,37,30,33,43,70,66,51,77,76,78,67,14,15
Buffalo Bills,O'Cyrus Torrence,RG,26,76,Star,393,3,Florida,"6'5""",330,6860000,1670000,4290000,1,0,61,68,50,91,82,21,7,6,5,25,14,12,10,7,5,34,5,10,15,81,82,77,79,86,21,10,39,22,35,45,10,7,8,7,14,13
Buffalo Bills,Landon Jackson,DT,23,75,Normal,463,1,Arkansas,"6'6""",264,4910000,1530000,1500000,3,0,83,85,79,81,72,17,16,14,9,35,21,12,15,8,7,41,26,31,29,45,45,45,45,80,72,71,78,80,84,80,75,26,35,27,21,16
Buffalo Bills,T.J. Sanders,DT,23,75,Normal,416,1,South Carolina,"6'4""",297,6250000,4440000,2410000,3,0,74,83,61,88,74,28,6,6,6,20,17,15,15,13,10,39,25,19,27,45,45,45,45,86,76,71,82,78,78,79,72,14,18,15,15,14
Buffalo Bills,Davison Igbinosun,CB,22,75,Star,700,0,Ohio State,"6'2""",189,5680000,2240000,1440000,4,0,91,91,85,56,78,27,6,6,6,68,60,41,45,41,37,62,52,70,36,35,35,35,35,43,34,45,50,74,65,61,74,75,77,74,17,15
Buffalo Bills,Ty Johnson,HB,28,75,Normal,322,7,Maryland,"5'10""",210,3390000,1600000,3020000,1,0,90,89,85,64,80,23,20,15,10,67,52,47,65,56,51,91,77,82,65,31,17,51,25,31,10,10,24,34,31,28,15,12,15,15,13,16
Buffalo Bills,Lloyd Cushenberry III,C,28,75,Normal,414,6,LSU,"6'4""",315,1210000,180000,1390000,1,0,70,65,56,85,89,22,6,6,6,30,12,12,10,5,5,30,9,10,20,77,78,77,77,83,15,12,23,25,22,22,28,13,14,10,22,21
Buffalo Bills,Tyler Bass,K,29,75,Normal,210,6,Georgia Southern,"5'10""",183,4380000,4240000,3050000,2,0,85,80,62,40,61,27,35,30,25,35,12,12,10,10,10,33,5,10,10,12,12,17,17,12,10,10,13,31,29,12,10,12,12,10,97,78
Buffalo Bills,Michael Hoecht,LEDG,28,75,Normal,405,6,Brown,"6'4""",264,13780000,5490000,7010000,2,0,83,85,79,83,75,10,6,6,6,33,33,15,30,22,17,52,36,51,57,45,45,49,45,84,69,77,76,81,79,80,73,46,50,18,8,6
Buffalo Bills,Joshua Palmer,WR,26,75,Star,382,5,Tennessee,"6'1""",210,19230000,9630000,11750000,2,0,87,89,83,65,84,28,20,15,10,84,85,79,77,77,76,75,77,76,52,38,29,28,24,39,10,10,26,31,26,18,16,15,19,16,18,13
Buffalo Bills,Dorian Williams,WILL,25,75,Normal,344,3,Tulane,"6'2""",230,6550000,980000,3890000,1,0,89,93,79,63,74,20,15,12,10,65,60,25,15,10,10,55,52,65,48,35,35,30,30,66,46,54,67,86,85,76,74,62,70,67,18,16
Buffalo Bills,Skyler Bell,WR,24,73,Star,654,0,Connecticut,"6'0""",192,4370000,1080000,1150000,4,0,92,94,92,67,52,40,30,25,20,82,78,74,73,72,74,71,77,83,51,50,30,33,29,44,30,36,37,42,41,36,33,33,38,31,46,37
Buffalo Bills,Deone Walker,DT,22,73,Star,492,1,Kentucky,"6'7""",331,4190000,1040000,1260000,3,0,61,73,70,82,77,22,12,11,10,30,18,16,16,14,12,42,24,31,26,45,45,45,45,77,77,74,81,76,84,81,75,17,22,14,18,18
Buffalo Bills,Tommy Doman Jr,P,24,73,Normal,259,0,Florida,"6'4""",213,4370000,120000,910000,4,0,75,82,62,51,62,34,15,24,20,31,27,17,10,10,10,56,25,47,10,21,17,13,16,18,10,10,25,30,33,23,25,12,16,10,91,79
Buffalo Bills,Kaleb Elarms-Orr,WILL,23,72,Normal,398,0,TCU,"6'2""",234,4370000,1080000,1150000,4,0,90,91,80,71,69,13,6,6,6,65,64,38,38,36,34,60,35,54,44,41,42,41,48,79,52,58,72,82,83,79,68,59,66,46,17,15
Buffalo Bills,Jordan Hancock,SS,23,71,Superstar,537,1,Ohio State,"6'0""",195,4190000,320000,1080000,3,0,91,94,82,60,73,22,21,7,15,71,64,35,30,30,31,56,45,71,25,35,25,35,25,50,32,43,48,75,61,73,75,69,68,56,31,30
Buffalo Bills,DeWayne Carter,DT,25,71,Normal,515,2,Duke,"6'2""",305,0,0,0,0,0,73,78,57,82,73,12,13,16,17,22,15,12,4,4,4,40,43,44,25,45,45,23,25,84,75,71,79,78,79,79,71,17,19,10,23,17
Buffalo Bills,Joe Andreessen,MIKE,26,70,Normal,352,2,Buffalo,"6'1""",240,2820000,0,1070000,1,0,84,89,77,77,67,30,6,6,6,66,25,15,15,5,5,63,42,58,42,45,45,45,45,83,58,51,72,82,81,86,70,51,62,55,20,20
Buffalo Bills,Javon Solomon,REDG,25,70,Normal,476,2,Troy,"6'1""",247,4010000,250000,1130000,2,0,82,84,75,77,70,22,6,6,6,47,37,15,10,6,5,33,24,47,39,45,45,45,45,80,72,74,74,76,79,77,69,36,40,29,12,10
Buffalo Bills,Jude Bowry,LT,23,70,Normal,448,0,Boston College,"6'5""",314,4120000,1400000,1200000,4,0,70,75,68,84,71,16,6,6,6,23,19,18,15,5,5,24,17,10,25,74,73,71,79,82,38,40,44,44,45,51,20,13,13,10,10,12
Buffalo Bills,Darius Muasau,WILL,25,70,Normal,454,2,UCLA,"6'1""",230,0,0,0,0,0,82,88,76,63,75,21,13,11,6,70,62,15,23,13,7,58,37,63,41,40,35,35,30,65,54,67,66,81,80,82,73,60,70,54,34,31
Buffalo Bills,Reid Ferguson,LS,32,69,Normal,122,10,LSU,"6'2""",235,5280000,1200000,1600000,3,0,72,69,62,65,68,27,18,16,13,57,51,48,51,47,42,54,43,51,46,50,47,54,50,46,17,17,39,48,33,27,22,14,21,17,21,19
Buffalo Bills,Jackson Hawes,TE,25,69,Normal,354,1,Georgia Tech,"6'4""",253,4190000,320000,1080000,3,0,78,86,73,72,71,24,25,9,15,75,73,63,65,57,53,70,60,64,66,71,69,62,63,69,28,32,33,30,33,41,25,17,20,13,24,27
Buffalo Bills,Zane Durant,DT,22,69,Normal,374,0,Penn State,"6'1""",290,4370000,360000,970000,4,0,79,84,62,87,65,24,6,6,6,47,30,26,10,8,3,42,15,30,44,45,45,45,45,82,72,65,74,77,78,79,64,23,25,21,17,24
Buffalo Bills,Toriano Pride Jr.,CB,22,67,Normal,408,0,Missouri,"5'10""",185,4370000,160000,920000,4,0,93,92,82,55,60,25,6,6,6,63,62,32,29,30,25,57,54,69,43,35,35,35,35,49,36,37,44,69,58,59,60,67,68,67,15,14
Buffalo Bills,Jalon Kilgore,SS,21,67,Normal,311,0,South Carolina,"6'1""",210,4370000,440000,990000,4,0,91,91,82,64,65,26,6,6,6,66,61,46,49,46,39,59,52,64,54,35,35,35,35,60,37,46,55,75,65,73,63,65,67,71,22,28
Buffalo Bills,Ben VanSumeren,FB,26,67,Normal,213,3,Michigan State,"6'2""",250,1070000,0,1070000,1,0,87,89,80,75,69,30,20,15,10,67,65,39,54,46,37,74,56,66,62,57,51,55,52,66,39,49,54,79,72,73,51,57,54,45,23,21
Buffalo Bills,Evan Anderson,DT,24,67,Normal,381,2,FAU,"6'1""",326,0,0,0,0,0,62,73,47,87,68,21,6,6,6,31,34,15,15,7,3,32,21,33,46,45,45,45,45,88,74,62,75,74,78,79,66,26,32,16,16,11
Buffalo Bills,Ar'maj Reed-Adams,RG,24,66,Normal,259,0,Texas A&M,"6'6""",314,4370000,120000,910000,4,0,63,65,55,85,63,12,6,6,6,29,26,11,16,5,5,25,10,10,25,73,72,71,73,81,39,37,28,33,36,25,24,15,15,10,29,26
Buffalo Bills,Sedrick Van Pran-Granger,C,24,66,Normal,216,2,Georgia,"6'4""",310,4010000,330000,1150000,2,0,66,73,69,82,78,17,9,8,6,24,15,10,12,5,5,25,9,10,23,72,70,72,70,81,19,17,25,27,31,26,20,10,10,10,10,9
Buffalo Bills,Alec Anderson,LG,26,66,Normal,158,3,UCLA,"6'5""",305,1640000,850000,2490000,1,0,60,55,48,85,68,25,6,6,6,40,25,35,28,18,10,45,23,10,32,76,73,68,72,83,35,30,40,50,45,40,30,12,15,10,22,20
Buffalo Bills,Dymere Miller,WR,25,66,Normal,438,1,Rutgers,"5'11""",181,0,0,0,0,0,93,91,88,62,64,30,20,15,10,77,75,60,66,67,68,70,68,74,38,45,27,25,13,42,18,19,30,35,30,29,23,22,27,17,17,15
Buffalo Bills,Chase Lundt,LT,26,65,Normal,308,1,Connecticut,"6'7""",304,4130000,200000,1050000,3,0,69,74,62,82,72,20,6,6,6,37,27,20,24,21,17,44,13,26,24,71,69,70,69,85,20,18,25,29,25,26,18,11,13,10,11,12
Buffalo Bills,Zion Logue,DT,25,65,Normal,319,2,Georgia,"6'6""",325,0,0,0,0,0,68,68,56,83,60,25,6,6,6,34,15,17,15,8,4,45,10,10,25,45,45,45,45,84,69,64,74,75,80,77,63,15,25,22,19,15
Buffalo Bills,Tommy Akingbesote,DT,23,65,Normal,325,1,Maryland,"6'4""",316,0,0,0,0,0,69,74,62,82,70,27,12,10,8,21,18,15,17,15,12,37,20,18,32,45,45,45,45,82,74,63,73,72,73,75,69,13,17,17,23,21
Buffalo Bills,Chigozie Anusiem,CB,25,65,Normal,403,2,Colorado State,"6'1""",200,0,0,0,0,0,91,90,82,60,63,26,6,6,6,64,57,24,31,24,15,57,55,70,51,35,35,35,35,56,35,45,53,73,62,68,62,61,66,75,15,14
Buffalo Bills,Jimmy Ciarlo,MIKE,25,64,Normal,280,1,Army,"6'2""",225,0,0,0,0,0,86,90,84,67,61,21,6,6,6,52,46,15,22,20,18,57,42,44,44,45,45,45,45,72,49,52,63,80,79,78,59,56,63,47,21,17
Buffalo Bills,Tylan Grable,LT,26,63,Normal,349,2,UCF,"6'5""",309,0,0,0,0,0,74,81,73,81,68,57,52,48,45,51,55,51,43,35,26,57,34,46,58,70,67,69,70,79,57,46,45,51,48,52,42,12,13,10,13,13
Buffalo Bills,Keleki Latu,TE,24,62,Normal,266,1,Washington,"6'7""",244,0,0,0,0,0,76,87,81,67,62,25,15,10,6,75,74,64,63,58,51,70,62,63,59,61,59,60,62,61,11,12,35,37,32,35,25,15,17,15,17,14
Buffalo Bills,Kyle Allen,QB,30,61,Normal,300,8,Houston,"6'3""",210,3600000,500000,1900000,2,0,81,76,73,53,62,84,83,77,76,24,66,19,18,17,15,56,33,49,27,16,10,17,14,22,9,9,21,28,28,11,21,12,18,9,18,15
Buffalo Bills,Frank Gore Jr,HB,24,61,Normal,233,2,Southern Miss,"5'8""",201,0,0,0,0,0,84,87,81,66,73,46,43,39,32,64,53,49,50,46,39,81,70,76,69,26,20,35,22,43,10,10,23,32,28,30,23,13,12,20,29,31
Buffalo Bills,Travis Clayton,DT,25,57,Normal,191,2,No College,"6'7""",301,0,0,0,0,0,79,82,72,80,55,29,24,22,16,39,37,28,31,26,24,41,14,33,41,70,68,69,64,75,61,53,65,71,69,74,54,19,19,17,53,46
Las Vegas Raiders,Maxx Crosby,LEDG,21,98,X-Factor,2165,7,Eastern Michigan,"6'5""",255,145430000,13930000,35790000,4,0,90,88,86,89,98,22,6,6,6,41,31,25,25,20,16,41,27,34,34,45,46,45,44,86,91,98,94,98,95,90,97,40,48,25,17,12
Las Vegas Raiders,Kolton Miller,LT,21,95,Superstar,1611,8,UCLA,"6'8""",325,67620000,13930000,22540000,3,0,75,78,71,88,96,12,6,6,6,22,15,14,15,12,10,30,13,10,23,83,85,95,97,89,10,10,31,27,31,30,13,12,16,10,10,12
Las Vegas Raiders,Brock Bowers,TE,23,93,X-Factor,1660,2,Georgia,"6'3""",235,4010000,14110000,4940000,2,0,90,91,86,75,95,36,15,10,6,97,93,83,86,80,75,74,74,77,74,60,55,57,53,66,29,31,46,55,49,51,18,23,29,26,23,16
Las Vegas Raiders,Ashton Jeanty,HB,22,88,Star,863,1,Boise State,"5'9""",211,4190000,31670000,8150000,3,0,90,92,91,80,86,31,24,21,18,70,61,58,66,60,56,94,90,89,87,41,32,51,42,48,27,30,39,41,37,33,42,32,35,28,24,25
Las Vegas Raiders,Tyler Linderbaum,C,26,88,Star,710,4,Iowa,"6'2""",305,61000000,20000000,14000000,3,0,78,81,69,85,94,21,6,6,6,28,15,15,15,10,5,35,18,10,25,91,88,83,80,86,39,36,44,42,41,33,36,10,10,10,23,21
Las Vegas Raiders,Taron Johnson,CB,30,83,Normal,541,8,Weber State,"5'11""",192,21250000,12200000,8670000,2,0,90,92,82,63,91,25,6,6,6,73,62,28,38,31,24,58,50,73,22,40,35,10,40,49,29,36,60,77,68,48,92,79,82,85,10,11
Las Vegas Raiders,Jeremy Chinn,SS,28,82,Normal,436,6,Southern Illinois,"6'3""",220,33000000,19670000,9550000,5,0,91,91,86,70,83,23,6,6,6,70,67,20,30,22,10,68,43,70,48,35,35,35,35,57,46,56,61,85,78,86,79,67,78,75,14,11
Las Vegas Raiders,Fernando Mendoza,QB,23,80,X-Factor,1643,0,Indiana,"6'5""",225,17250000,40000000,10410000,4,0,84,84,84,70,77,92,89,87,83,35,30,22,20,15,10,64,75,70,67,22,10,12,10,22,26,34,31,38,27,31,24,25,22,13,20,18
Las Vegas Raiders,Quay Walker,WILL,26,80,Normal,434,4,Georgia,"6'4""",241,33250000,7230000,9660000,3,0,88,90,86,75,75,20,6,6,6,57,50,35,32,30,28,55,53,61,52,45,45,45,45,71,58,67,74,91,89,87,74,56,66,45,19,16
Las Vegas Raiders,Jackson Powers-Johnson,RG,23,79,Normal,522,2,Oregon,"6'3""",328,5560000,3170000,2380000,2,0,70,75,69,88,78,15,8,6,6,31,15,15,15,10,5,37,5,10,25,80,79,80,82,87,45,37,49,41,46,55,42,11,11,11,21,18
Las Vegas Raiders,Nakobe Dean,MIKE,25,79,Normal,421,4,Georgia,"5'11""",231,28750000,7050000,7960000,3,0,87,90,83,66,79,25,6,6,6,66,64,15,20,13,8,62,38,61,35,45,45,45,45,76,77,67,76,92,87,88,80,63,68,39,22,20
Las Vegas Raiders,Tre Tucker,WR,25,79,Normal,648,3,Cincinnati,"5'9""",185,19910000,8080000,3880000,4,0,95,93,85,53,83,26,17,15,11,87,80,71,82,80,83,75,77,82,36,51,17,26,15,37,10,10,23,25,24,16,19,10,10,16,23,22
Las Vegas Raiders,Treydan Stukes,FS,24,78,Superstar,704,0,Arizona,"6'1""",200,6960000,5600000,2280000,4,0,94,94,87,62,78,23,6,6,6,61,62,42,44,41,34,54,53,64,53,35,35,35,35,56,38,44,51,79,66,74,75,70,76,66,24,24
Las Vegas Raiders,Jermod McCoy,CB,21,78,Star,978,0,Tennessee,"6'1""",192,4160000,1400000,1210000,4,0,92,94,91,58,74,23,6,6,6,69,59,46,45,40,39,62,53,68,35,35,35,35,35,49,35,41,50,74,68,62,75,78,78,72,16,14
Las Vegas Raiders,A.J. Cole,P,30,78,Normal,214,7,N.C. State,"6'4""",220,16600000,2900000,5000000,4,0,71,70,62,47,63,29,30,28,25,43,41,22,38,31,24,45,10,15,10,20,19,19,16,23,10,10,10,26,37,35,19,16,24,10,97,86
Las Vegas Raiders,Eric Stokes,CB,27,78,Star,545,5,Georgia,"6'0""",194,22470000,7500000,6680000,3,0,95,94,83,58,72,29,18,12,10,68,62,36,38,36,34,58,49,79,38,35,35,25,35,38,27,32,44,69,60,48,71,78,78,80,15,10
Las Vegas Raiders,Kwity Paye,REDG,27,78,Normal,519,5,Michigan,"6'2""",261,36230000,11760000,9420000,3,0,84,84,87,86,72,25,6,6,6,46,25,28,29,23,20,57,38,45,53,45,45,45,45,91,76,62,82,83,85,82,74,25,36,29,20,18
Las Vegas Raiders,Keyron Crawford,REDG,22,77,Star,893,0,Auburn,"6'4""",253,4800000,2600000,1350000,4,0,80,86,79,78,83,20,12,15,10,45,38,19,17,15,10,50,32,38,35,45,45,45,45,76,75,81,75,81,77,79,82,44,51,38,27,20
Las Vegas Raiders,Jalen Nailor,WR,27,77,Normal,419,4,Michigan State,"6'0""",190,27500000,7530000,8010000,3,0,90,93,86,58,79,26,15,10,6,87,82,75,77,78,79,70,69,75,28,46,30,29,27,44,10,10,34,42,34,30,26,22,31,23,20,15
Las Vegas Raiders,Trey Zuhn III,LG,23,76,Star,569,0,Texas A&M,"6'6""",320,5380000,1400000,1230000,4,0,72,80,65,89,77,16,6,6,6,31,15,14,10,5,5,24,10,12,32,77,71,78,73,82,28,23,42,30,40,38,34,12,13,10,16,14
Las Vegas Raiders,Matt Gay,K,32,76,Normal,236,7,Utah,"6'0""",232,740000,1350000,2090000,1,0,73,68,57,41,60,27,35,30,25,30,15,15,15,15,15,40,16,10,10,21,17,16,16,21,10,10,13,15,13,12,10,12,12,10,96,85
Las Vegas Raiders,Darien Porter,CB,25,75,Normal,571,1,Iowa State,"6'3""",195,5180000,1520000,1520000,3,0,96,94,92,61,68,23,9,7,6,71,68,28,28,25,22,59,51,77,35,35,25,35,25,54,20,25,45,73,48,48,69,73,71,75,28,26
Las Vegas Raiders,Malcolm Koonce,LEDG,28,75,Normal,366,5,Buffalo,"6'2""",243,5250000,5760000,11010000,1,0,84,87,82,75,75,26,6,6,6,47,47,29,27,24,18,52,29,43,29,45,45,45,45,78,72,78,76,82,79,78,73,38,46,28,20,17
Las Vegas Raiders,Kirk Cousins,QB,38,74,Normal,837,14,Michigan State,"6'3""",205,2640000,10000000,1300000,2,0,69,67,69,52,76,85,87,83,82,22,15,15,15,15,13,58,48,47,28,14,14,13,13,14,12,10,12,37,38,27,10,12,12,10,12,19
Las Vegas Raiders,Jack Bech,WR,23,74,Normal,524,1,TCU,"6'1""",214,5410000,2120000,1710000,3,0,92,92,89,67,70,29,24,16,21,84,80,79,79,78,73,75,74,74,55,53,28,24,24,53,34,36,42,40,36,44,25,27,39,21,21,19
Las Vegas Raiders,Mike Washington Jr.,HB,23,73,Star,510,0,Arkansas,"6'1""",223,4370000,1080000,1150000,4,0,94,94,85,72,77,27,20,15,10,65,50,43,55,47,41,82,77,79,82,29,20,47,25,32,22,18,26,29,23,22,22,20,25,23,26,24
Las Vegas Raiders,DJ Glaze,RT,24,73,Normal,340,2,Maryland,"6'4""",331,4760000,1090000,1590000,2,0,65,73,56,88,76,27,9,7,6,29,21,15,13,12,11,31,32,24,39,78,79,76,76,83,10,10,32,29,33,38,15,10,15,10,12,10
Las Vegas Raiders,Dont'e Thornton Jr,WR,23,73,Normal,540,1,Tennessee,"6'5""",205,4190000,1040000,1260000,3,0,96,94,81,70,72,17,19,11,10,76,75,81,75,75,78,73,70,75,30,47,26,29,27,43,33,33,39,48,51,41,39,49,56,28,28,21
Las Vegas Raiders,Michael Mayer,TE,25,73,Normal,342,3,Notre Dame,"6'4""",256,5530000,3770000,2960000,1,0,82,86,76,79,63,25,15,10,6,81,81,64,70,64,58,72,64,70,70,64,64,59,60,73,39,43,52,56,54,55,35,23,34,29,15,14
Las Vegas Raiders,Tommy Eichenberg,WILL,25,72,Normal,390,2,Ohio State,"6'2""",233,4010000,330000,1150000,2,0,78,84,81,75,68,35,25,21,11,58,52,17,20,10,6,55,33,61,49,45,40,40,35,79,66,52,78,86,80,80,72,60,56,45,21,22
Las Vegas Raiders,Isaiah Pola-Mao,FS,27,72,Normal,225,4,USC,"6'4""",204,5270000,2190000,4360000,1,0,91,91,88,57,68,27,19,13,12,70,64,25,21,17,10,62,45,69,35,35,35,35,35,47,28,35,44,75,70,64,70,71,74,75,25,23
Las Vegas Raiders,Jordan Meredith,C,28,72,Normal,248,5,W. Kentucky,"6'3""",300,3520000,0,3520000,1,0,67,73,69,83,79,22,6,6,6,24,19,10,12,5,5,26,12,14,25,77,75,77,78,83,10,10,26,28,37,40,10,12,12,10,11,9
Las Vegas Raiders,Charles Grant,LT,24,71,Normal,439,1,William & Mary,"6'5""",309,5040000,1120000,1400000,3,0,75,77,73,85,72,14,6,6,6,28,25,14,15,6,6,25,15,22,40,75,73,73,74,86,28,32,27,27,33,35,23,11,13,10,11,13
Las Vegas Raiders,Caleb Rogers,RG,24,71,Normal,304,1,Texas Tech,"6'5""",312,5040000,1120000,1400000,3,0,69,72,70,86,65,22,6,6,6,24,15,12,10,10,5,24,14,10,29,75,75,74,78,82,10,10,24,26,22,28,25,10,10,10,15,13
Las Vegas Raiders,Decamerion Richardson,CB,25,70,Normal,403,2,Mississippi State,"6'2""",195,4010000,810000,1270000,2,0,94,92,85,52,57,24,23,22,15,55,50,33,36,31,26,52,62,71,35,35,24,31,23,51,26,33,52,75,79,62,56,67,72,75,11,12
Las Vegas Raiders,Jonah Laulu,DT,26,70,Normal,370,2,Oklahoma,"6'5""",292,4010000,10000,1070000,2,0,74,79,65,84,68,19,6,6,6,36,20,24,15,7,3,40,19,24,41,45,45,45,45,84,72,72,75,79,80,79,68,22,31,18,25,21
Las Vegas Raiders,Tonka Hemingway,DT,24,70,Normal,347,1,South Carolina,"6'3""",284,4190000,640000,1160000,3,0,72,84,72,81,68,21,14,10,7,54,53,43,42,37,32,63,44,25,59,45,45,45,45,75,74,70,82,74,77,75,66,27,37,29,27,22
Las Vegas Raiders,Spencer Burford,LG,26,70,Normal,214,4,UTSA,"6'4""",300,1240000,1830000,3070000,1,0,65,74,65,86,76,24,6,6,6,32,15,15,15,10,5,34,12,15,20,77,72,72,70,82,10,10,25,30,29,30,20,10,11,10,23,20
Las Vegas Raiders,Brennan Jackson,LEDG,25,70,Normal,645,2,Washington State,"6'4""",264,0,0,0,0,0,83,88,70,80,71,25,10,8,6,50,39,21,22,16,11,42,30,50,40,40,40,35,35,81,70,69,75,78,78,77,73,39,45,37,20,17
Las Vegas Raiders,Dylan Laube,HB,26,69,Normal,303,2,New Hampshire,"5'10""",208,4010000,130000,1100000,2,0,88,89,88,67,64,27,15,10,10,75,63,63,70,64,59,85,73,80,75,31,28,50,30,34,10,10,26,32,27,22,13,11,16,15,25,25
Las Vegas Raiders,Malik Benson,WR,23,69,Normal,478,0,Oregon,"6'0""",195,4370000,240000,940000,4,0,93,92,80,58,70,24,18,17,15,80,78,69,69,70,74,71,72,79,44,47,27,30,27,37,25,33,29,41,38,35,38,31,37,31,27,25
Las Vegas Raiders,Braeden Daniels,RG,26,69,Normal,300,3,Utah,"6'4""",305,1080000,0,1080000,1,0,73,80,66,79,77,15,6,6,6,34,12,12,10,5,5,40,11,10,10,68,63,74,68,69,23,25,25,24,36,34,22,12,11,10,38,32
Las Vegas Raiders,Dalton Johnson,SS,23,68,Normal,330,0,Arizona,"5'11""",198,4370000,480000,1000000,4,0,90,89,81,56,68,26,6,6,6,65,61,46,48,45,38,58,54,65,52,35,35,35,35,57,35,44,52,71,65,76,65,65,71,63,20,25
Las Vegas Raiders,JJ Pegues,DT,24,68,Normal,319,1,Ole Miss,"6'3""",325,4190000,250000,1060000,3,0,67,69,62,84,65,46,38,34,31,52,48,30,37,31,24,60,47,46,62,45,45,45,45,82,67,71,79,78,78,81,63,19,20,19,32,29
Las Vegas Raiders,Hezekiah Masses,CB,22,68,Normal,439,0,California,"6'1""",185,4370000,360000,970000,4,0,90,91,83,58,66,28,6,6,6,63,63,37,39,37,35,58,54,72,35,35,35,35,35,43,29,33,41,70,61,55,67,66,73,72,16,14
Las Vegas Raiders,Aidan O'Connell,QB,28,68,Normal,422,3,Purdue,"6'3""",210,6360000,490000,3790000,1,0,75,79,73,55,69,86,88,79,75,21,10,12,10,10,10,64,35,39,27,15,11,17,14,19,10,10,20,23,20,15,13,10,13,10,15,13
Las Vegas Raiders,Brycen Tremayne,WR,26,68,Normal,491,2,Stanford,"6'4""",212,0,0,0,0,0,87,90,87,68,69,24,15,13,11,82,79,67,72,71,68,71,71,74,44,47,23,27,21,45,10,10,27,31,29,22,22,10,17,14,15,19
Las Vegas Raiders,Connor Heyward,TE,27,67,Normal,210,4,Michigan State,"6'0""",230,3440000,1040000,1730000,2,0,85,85,72,68,69,37,32,20,24,78,77,60,65,57,49,81,68,63,73,58,55,58,58,65,25,21,46,50,40,60,31,15,15,10,42,37
Las Vegas Raiders,Segun Olubi,WILL,26,67,Normal,251,4,San Diego State,"6'0""",225,1140000,0,1140000,1,0,89,91,82,66,61,21,15,14,12,63,48,15,15,5,5,53,44,66,48,45,45,45,45,64,51,62,65,82,76,84,66,57,66,44,31,29
Las Vegas Raiders,Brandon Cleveland,DT,22,66,Normal,294,0,N.C. State,"6'3""",315,4370000,120000,910000,4,0,68,72,65,87,61,25,6,6,6,35,25,25,17,15,3,40,16,28,38,54,51,53,51,85,69,58,77,72,77,79,59,21,24,25,17,21
Las Vegas Raiders,Casey Washington,WR,25,66,Normal,438,2,Illinois,"6'0""",200,0,0,0,0,0,90,90,79,60,68,55,40,32,29,83,79,66,70,69,68,72,65,79,42,43,23,30,22,44,10,10,21,26,21,19,16,11,16,13,16,11
Las Vegas Raiders,Patrick Johnson,REDG,28,65,Normal,301,5,Tulane,"6'2""",248,1080000,0,1080000,1,0,82,85,81,75,65,22,6,6,6,46,37,21,21,15,12,50,21,35,35,45,45,45,45,83,67,60,68,78,76,78,63,40,50,49,21,21
Las Vegas Raiders,Deven Thompkins,WR,26,65,Normal,275,4,Utah State,"5'8""",160,1080000,0,1080000,1,0,93,93,85,48,63,24,20,15,10,78,74,56,65,64,66,61,60,77,25,30,13,31,13,30,10,10,15,28,20,14,22,27,25,15,15,12
Las Vegas Raiders,Cortez Braham Jr.,WR,26,65,Normal,383,0,Memphis,"6'2""",203,0,0,0,0,0,87,92,76,63,67,29,24,16,10,78,78,69,67,69,71,72,74,76,54,51,21,24,24,46,14,16,22,30,27,24,25,17,19,21,21,19
Las Vegas Raiders,Seth McLaughlin,C,25,64,Normal,265,1,Ohio State,"6'4""",304,0,0,0,0,0,63,68,62,89,64,15,6,6,6,24,15,12,14,5,5,24,9,10,27,71,71,70,70,83,16,10,24,25,24,26,14,11,12,10,15,14
Las Vegas Raiders,Jermaine Jackson,WR,26,64,Normal,353,2,Idaho,"5'7""",170,0,0,0,0,0,86,84,81,57,65,33,20,15,10,79,78,64,71,68,65,73,71,77,48,39,29,33,20,38,10,10,28,31,24,27,23,19,24,23,18,16
Las Vegas Raiders,Isaiah Jatta,RT,22,63,Normal,204,0,BYU,"6'6""",315,2980000,130000,890000,3,0,68,68,54,84,58,13,6,6,6,28,15,15,15,5,5,24,17,10,25,70,69,69,70,77,10,10,24,27,23,28,15,12,15,10,15,11
Las Vegas Raiders,Cody Lindenberg,MIKE,24,63,Normal,192,1,Minnesota,"6'2""",236,4190000,120000,1030000,3,0,82,81,79,71,65,26,23,20,17,57,51,24,27,24,21,55,34,48,40,45,45,45,45,72,48,50,66,79,77,78,66,54,63,46,21,18
Las Vegas Raiders,Jake Briningstool,TE,23,63,Normal,290,1,Clemson,"6'6""",240,0,0,0,0,0,81,84,77,71,58,24,15,10,6,78,76,69,66,62,57,72,63,64,64,58,55,56,59,60,14,13,33,36,37,34,29,14,19,15,17,13
Las Vegas Raiders,Johnathan Baldwin,FS,23,63,Normal,271,1,UNLV,"6'0""",190,0,0,0,0,0,89,93,80,59,60,27,6,6,6,64,61,25,25,20,15,59,52,65,39,35,35,35,35,52,31,34,49,72,62,73,58,61,68,62,18,17
Las Vegas Raiders,Lincoln Pare,HB,25,63,Normal,263,0,Texas State,"5'8""",200,0,0,0,0,0,87,90,79,71,56,33,24,20,15,69,51,54,62,54,50,92,75,78,70,41,38,48,28,40,31,25,22,25,26,28,23,17,22,23,21,23
Las Vegas Raiders,Nick Samac,C,25,62,Normal,226,2,Michigan State,"6'4""",314,0,0,0,0,0,65,72,64,84,70,24,21,14,15,24,27,11,10,5,5,35,30,21,35,70,69,66,67,77,41,31,34,33,42,44,46,14,18,10,21,13
Las Vegas Raiders,Dallas Gant,MIKE,26,62,Normal,236,2,Toledo,"6'3""",228,0,0,0,0,0,83,85,73,68,60,25,6,6,6,56,46,25,15,5,5,56,22,37,43,35,35,35,35,71,48,46,62,77,77,79,66,62,65,48,20,20
Las Vegas Raiders,Millard Bradford,FS,26,62,Normal,231,2,TCU,"5'11""",191,0,0,0,0,0,92,90,85,62,55,27,20,16,13,72,67,29,30,24,20,64,57,72,47,35,35,33,33,53,33,40,48,74,62,71,52,60,66,59,25,24
Las Vegas Raiders,Alex Ward,LS,27,60,Normal,72,3,UCF,"6'4""",236,1140000,0,1140000,1,0,69,77,72,66,52,31,24,15,9,48,47,25,44,42,39,52,25,52,48,48,44,45,44,62,20,25,40,43,46,49,25,16,24,20,14,12
Denver Broncos,Patrick Surtain II,CB,26,98,X-Factor,1960,5,Alabama,"6'2""",202,36840000,54530000,12700000,4,0,94,92,90,63,99,28,6,6,6,77,72,31,30,24,20,64,55,73,32,35,35,35,35,55,36,48,54,81,77,67,98,98,98,99,19,11
Denver Broncos,Garett Bolles,LT,34,96,Superstar,1354,9,Utah,"6'5""",300,68740000,26270000,8450000,3,0,74,75,72,87,97,25,6,6,6,36,25,22,26,16,8,29,17,19,37,90,88,96,94,86,33,27,34,39,38,42,26,12,15,10,22,20
Denver Broncos,Quinn Meinerz,RG,27,96,Superstar,1185,5,Wisc-Whitewater,"6'3""",320,38410000,30840000,9200000,3,0,75,78,66,95,97,21,6,6,6,25,12,15,15,7,3,22,33,18,35,97,96,88,90,95,30,27,33,27,32,41,26,12,17,10,19,13
Denver Broncos,Nik Bonitto,REDG,26,92,Superstar,1565,4,Oklahoma,"6'3""",240,73780000,35080000,8410000,4,0,87,92,84,82,95,39,32,30,25,60,39,14,10,5,5,49,26,44,32,45,45,45,45,70,85,94,78,89,88,79,93,38,52,34,14,12
Denver Broncos,Zach Allen,DT,29,88,Superstar,867,7,Boston College,"6'5""",285,51340000,71280000,16470000,4,0,76,79,74,94,93,22,6,6,6,50,46,28,30,25,20,42,36,40,47,50,45,49,45,84,88,75,82,84,86,84,95,35,47,20,15,12
Denver Broncos,Talanoa Hufanga,SS,26,88,Star,737,5,USC,"6'0""",200,13760000,16320000,13500000,2,0,89,87,84,58,91,38,35,32,30,76,65,39,35,31,26,61,46,67,44,35,35,35,35,63,45,52,64,90,78,89,93,79,84,67,21,18
Denver Broncos,Courtland Sutton,WR,30,87,Superstar,846,8,SMU,"6'4""",216,72420000,44480000,13970000,4,0,90,91,90,75,92,62,59,53,50,88,93,88,83,81,79,72,80,83,72,62,38,38,25,63,10,10,31,36,33,22,22,23,30,15,19,15
Denver Broncos,Jaylen Waddle,WR,27,86,Star,953,5,Alabama,"5'10""",182,52580000,26850000,4900000,3,0,96,96,96,57,89,34,29,23,19,89,83,80,80,83,81,75,78,86,41,49,20,32,22,48,10,10,27,34,29,19,16,14,19,10,19,16
Denver Broncos,Alex Singleton,MIKE,32,85,Star,612,8,Montana State,"6'2""",240,10720000,4240000,5970000,2,0,85,85,77,72,93,20,6,6,6,63,45,10,15,5,5,55,33,36,36,45,45,45,45,82,64,55,76,92,93,82,92,56,68,42,19,15
Denver Broncos,Brandon Jones,FS,28,84,Star,569,6,Texas,"6'0""",191,14970000,6640000,9240000,1,0,88,91,87,58,86,25,15,10,10,72,63,20,15,13,10,60,46,71,20,40,35,35,35,60,39,46,60,87,77,81,87,76,78,71,20,20
Denver Broncos,Jonathon Cooper,LEDG,28,84,Superstar,1135,5,Ohio State,"6'4""",257,34790000,17420000,5770000,3,0,85,90,76,82,88,17,7,6,5,44,23,12,15,10,5,31,29,31,27,45,45,45,45,85,85,78,82,86,85,81,87,39,50,49,18,17
Denver Broncos,Mike McGlinchey,RT,31,83,Star,462,8,Notre Dame,"6'8""",315,55100000,29610000,23770000,2,0,70,66,66,88,96,11,6,6,6,28,15,14,15,10,8,33,11,10,22,87,85,79,83,84,10,10,32,27,32,38,20,11,13,10,15,12
Denver Broncos,Bo Nix,QB,26,82,Star,1481,2,Oregon,"6'2""",217,4010000,14580000,5070000,2,0,88,90,76,60,85,93,88,85,86,67,62,21,41,19,10,67,55,64,32,16,14,13,13,14,10,10,12,27,21,12,10,12,13,10,50,42
Denver Broncos,J.K. Dobbins,HB,27,82,Normal,495,6,Ohio State,"5'10""",212,11000000,5000000,6000000,2,0,90,91,86,74,81,32,30,25,15,66,52,54,63,56,43,92,84,89,79,41,33,58,31,42,11,12,29,35,30,31,14,13,17,17,19,16
Denver Broncos,RJ Harvey,HB,25,81,Star,768,1,UCF,"5'8""",205,5350000,1970000,1660000,3,0,92,94,85,73,82,68,54,50,48,68,59,57,64,57,54,92,82,85,82,37,28,50,39,36,27,29,35,42,39,34,36,26,28,25,21,26
Denver Broncos,Troy Franklin,WR,23,80,Star,1046,2,Oregon,"6'3""",180,4020000,850000,1280000,2,0,92,91,87,58,84,23,15,10,6,86,84,78,80,80,84,76,74,83,48,37,18,29,20,44,10,10,33,42,35,35,27,25,32,10,21,18
Denver Broncos,Jeremy Crawshaw,P,25,80,Star,429,1,Florida,"6'3""",205,4190000,160000,1040000,3,0,77,82,66,60,68,32,30,28,23,35,18,12,18,15,10,44,23,24,20,21,11,16,18,18,10,10,16,32,32,23,21,12,10,10,94,89
Denver Broncos,Ja'Quan McMillian,CB,26,80,Star,693,3,East Carolina,"5'10""",183,5760000,0,5760000,1,0,90,86,91,56,82,35,31,27,24,77,67,19,35,31,29,58,55,74,25,31,31,30,30,38,29,38,42,78,72,47,83,82,84,74,15,15
Denver Broncos,Luke Wattenberg,C,28,79,Star,531,4,Washington,"6'5""",300,6300000,23040000,3560000,4,0,65,77,68,79,79,17,6,6,6,26,15,10,15,5,5,28,7,13,30,78,75,85,81,80,23,24,31,27,32,31,25,7,8,10,19,16
Denver Broncos,Marvin Mims Jr,WR,24,79,Normal,590,3,Oklahoma,"5'11""",182,17960000,10720000,6110000,4,0,92,94,88,55,79,29,20,15,10,87,85,70,80,82,82,75,75,76,33,45,13,28,10,39,10,10,24,28,23,16,16,10,14,10,17,12
Denver Broncos,Wil Lutz,K,32,78,Normal,270,10,Georgia State,"5'11""",184,6870000,10320000,2490000,3,0,69,71,58,54,63,39,33,15,15,18,15,15,15,15,15,40,5,10,10,16,16,17,17,16,10,10,24,29,26,13,17,11,17,10,97,85
Denver Broncos,Evan Engram,TE,31,78,Normal,337,9,Ole Miss,"6'3""",240,14570000,10170000,14130000,2,0,86,87,86,66,74,28,23,18,14,82,85,72,74,68,63,74,76,79,75,62,62,62,61,69,20,28,32,37,42,28,26,24,31,22,22,16
Denver Broncos,Riley Moss,CB,26,78,Star,649,3,Iowa,"6'0""",193,6650000,960000,3910000,1,0,91,95,95,53,77,31,21,15,12,74,68,25,21,14,11,68,67,77,49,35,35,25,35,44,24,34,46,73,67,63,72,74,79,71,22,23
Denver Broncos,Shaq Thompson,WILL,32,78,Normal,400,11,Washington,"6'0""",230,3020000,0,3020000,1,0,84,84,82,75,79,25,6,6,6,77,43,35,33,23,15,72,58,82,71,45,45,45,45,89,52,63,76,86,83,85,81,71,73,63,20,20
Denver Broncos,Jahdae Barron,CB,24,76,Star,572,1,Texas,"5'11""",200,4190000,13860000,4100000,3,0,93,92,88,54,71,24,6,6,6,75,69,34,33,30,31,62,48,76,32,25,25,25,25,44,27,45,50,76,59,47,71,73,79,73,18,15
Denver Broncos,Tyler Onyedim,DT,23,76,Star,605,0,Texas A&M,"6'4""",290,5230000,2200000,1350000,4,0,70,81,58,86,77,12,6,6,6,27,24,25,15,13,2,48,14,26,46,45,45,45,45,86,75,66,82,79,85,82,75,24,25,19,19,29
Denver Broncos,Jonah Coleman,HB,23,75,Star,589,0,Washington,"5'8""",220,4370000,1200000,1180000,4,0,87,90,78,80,69,35,25,20,18,71,56,49,61,53,46,96,84,75,88,43,36,56,48,47,16,14,23,27,30,34,27,21,25,26,28,22
Denver Broncos,Ben Powers,LG,29,75,Normal,222,7,Oklahoma,"6'4""",310,12490000,10000000,18150000,1,0,70,68,60,82,88,25,6,6,6,37,15,15,15,5,5,40,9,10,25,79,81,77,75,83,10,10,33,35,38,25,10,12,12,10,11,11
Denver Broncos,Justin Strnad,WILL,30,75,Normal,329,6,Wake Forest,"6'3""",235,11470000,6500000,3280000,3,0,87,83,81,71,79,30,15,10,10,60,57,17,24,14,7,58,18,43,29,45,45,45,45,71,50,57,67,85,86,81,77,63,70,52,20,15
Denver Broncos,Malcolm Roach,DT,28,75,Normal,377,6,Texas,"6'3""",290,5820000,16890000,3090000,3,0,74,79,64,93,78,26,6,6,6,49,41,28,31,28,19,40,25,21,28,48,45,50,45,93,68,75,77,76,78,78,77,27,32,10,25,25
Denver Broncos,Kris Abrams-Draine,CB,24,74,Normal,617,2,Missouri,"5'11""",178,4010000,330000,1150000,2,0,92,93,91,40,68,31,14,12,10,74,68,24,33,23,16,57,64,71,29,35,25,25,15,39,25,33,41,75,67,57,69,77,73,62,22,15
Denver Broncos,Jonah Elliss,LEDG,23,73,Normal,516,2,Utah,"6'2""",246,4760000,1090000,1590000,2,0,81,87,82,74,76,22,6,6,6,26,42,17,14,7,3,28,28,27,26,44,44,44,46,79,71,74,74,79,77,74,75,41,47,26,20,19
Denver Broncos,Pat Bryant II,WR,23,73,Normal,503,1,Illinois,"6'2""",204,5130000,1410000,1480000,3,0,89,88,84,69,76,30,23,19,11,83,82,80,73,77,71,74,74,77,51,54,28,23,24,55,28,31,36,45,37,26,29,32,38,22,18,25
Denver Broncos,Kage Casey,LG,22,73,Star,465,0,Boise State,"6'6""",310,4370000,1200000,1180000,4,0,66,65,52,86,74,14,6,6,6,24,11,16,17,5,5,26,15,10,28,79,72,78,75,82,32,30,32,33,37,43,20,15,13,10,10,12
Denver Broncos,Drew Sanders,REDG,24,72,Normal,454,3,Arkansas,"6'5""",233,4560000,1170000,1820000,1,0,84,89,81,72,73,52,51,45,40,64,59,12,10,8,4,67,52,51,51,40,40,35,35,85,73,71,73,85,76,83,75,70,62,69,17,15
Denver Broncos,Dondrea Tillman,REDG,28,71,Normal,533,3,IUP,"6'4""",247,1070000,0,1070000,1,0,73,79,72,77,75,20,6,6,6,61,48,12,20,15,10,49,55,53,52,45,45,45,45,78,78,63,75,81,81,81,74,35,43,32,13,14
Denver Broncos,Sai'vion Jones,DT,23,71,Normal,341,1,LSU,"6'5""",289,5040000,1120000,1400000,3,0,81,88,79,80,75,24,18,10,9,29,17,14,15,8,7,38,27,38,27,45,45,45,45,83,71,68,76,78,77,79,71,25,33,30,21,21
Denver Broncos,Adam Trautman,TE,29,71,Normal,257,6,Dayton,"6'5""",253,11720000,5260000,3320000,3,0,81,82,84,74,60,65,61,55,47,83,80,66,67,62,56,77,63,66,69,66,63,63,60,68,10,10,31,34,33,31,16,13,19,17,27,20
Denver Broncos,Alex Palczewski,RG,27,71,Normal,233,3,Illinois,"6'6""",314,6060000,3430000,3240000,2,0,63,75,60,82,79,16,8,7,6,25,25,15,25,15,7,43,11,26,26,72,70,75,73,74,40,30,37,32,38,40,25,12,12,10,15,10
Denver Broncos,Justin Joly,TE,22,70,Normal,422,0,N.C. State,"6'4""",241,4370000,480000,1000000,4,0,83,89,83,73,61,53,40,35,27,84,78,68,69,63,61,75,70,73,63,58,58,57,56,60,30,28,50,52,52,48,45,37,42,24,28,26
Denver Broncos,Audric Estime,HB,22,70,Normal,485,2,Notre Dame,"5'11""",227,0,0,0,0,0,87,90,85,75,77,25,20,15,10,67,60,45,56,49,42,86,79,78,79,34,29,51,39,37,16,11,32,37,35,29,18,10,20,18,17,12
Denver Broncos,Que Robinson,LEDG,25,69,Normal,416,1,Alabama,"6'4""",243,4190000,840000,1210000,3,0,84,88,80,73,69,23,6,6,6,56,50,24,25,20,17,52,28,46,32,45,45,45,45,74,61,66,67,82,79,78,67,59,62,51,22,20
Denver Broncos,Adam Prentice,FB,29,68,Normal,179,5,South Carolina,"6'0""",245,1210000,180000,1390000,1,0,77,78,76,76,79,24,15,10,5,66,58,52,57,52,44,68,37,64,63,67,58,68,50,68,25,26,28,41,39,44,15,10,12,15,15,11
Denver Broncos,Nick Gargiulo,LG,26,67,Normal,261,2,South Carolina,"6'5""",310,1510000,50000,1020000,1,0,64,72,71,87,71,30,6,5,5,43,33,22,21,17,14,41,19,30,32,72,69,74,70,81,30,24,31,32,33,31,35,11,12,10,22,20
Denver Broncos,Red Murdock,MIKE,22,67,Normal,306,0,Buffalo,"6'2""",233,4370000,120000,910000,4,0,86,87,82,72,59,23,6,6,6,65,48,12,32,27,22,54,34,54,46,44,53,50,45,75,54,60,70,82,81,82,61,60,65,44,14,11
Denver Broncos,Mitchell Fraboni,LS,29,67,Normal,110,5,Arizona State,"6'2""",223,3570000,600000,1410000,2,0,79,75,66,75,53,35,25,15,10,45,40,24,44,40,35,60,25,42,49,54,51,54,49,65,10,10,41,49,55,52,32,17,18,15,15,14
Denver Broncos,Alex Forsyth,C,27,67,Normal,232,3,Oregon,"6'4""",312,3830000,50000,1150000,1,0,66,65,54,86,71,25,6,6,6,34,35,33,31,21,15,23,26,24,32,73,72,75,77,81,10,10,31,34,34,38,20,12,13,15,24,22
Denver Broncos,JL Skinner,SS,25,67,Normal,250,3,Boise State,"6'4""",220,3830000,170000,1180000,1,0,89,91,87,59,62,27,19,13,12,75,77,65,53,55,45,62,69,69,57,41,39,35,35,62,28,44,57,72,68,84,67,59,71,76,25,23
Denver Broncos,Cody Schrader,HB,26,67,Normal,348,2,Missouri,"5'9""",214,0,0,0,0,0,85,90,77,73,70,36,35,30,27,68,56,58,66,58,52,92,79,76,78,46,36,48,38,44,13,17,27,35,36,29,24,18,27,20,20,16
Denver Broncos,Michael Dansby,CB,25,67,Normal,476,0,Arizona,"6'0""",185,0,0,0,0,0,90,93,90,57,60,23,6,6,6,64,63,27,28,27,31,57,54,69,31,35,35,35,35,49,37,38,47,68,55,58,59,69,70,70,14,12
Denver Broncos,Reese Taylor,CB,27,66,Normal,394,1,Purdue,"5'9""",188,0,0,0,0,0,90,90,87,54,58,32,25,22,19,65,65,14,21,15,11,64,51,72,29,35,35,35,35,43,29,34,44,71,54,57,56,67,74,70,14,15
Denver Broncos,Dalen Cambre,WR,25,66,Normal,438,1,UL Lafayette,"6'0""",192,0,0,0,0,0,91,93,87,61,65,39,19,15,11,79,77,67,73,67,63,71,70,75,45,39,20,29,25,40,10,10,27,28,25,21,16,11,17,14,20,15
Denver Broncos,Frank Crum,LT,26,65,Normal,304,2,Wyoming,"6'7""",315,2820000,10000,1070000,1,0,74,79,71,85,56,22,6,6,6,40,12,15,29,18,5,41,36,22,37,73,74,71,70,81,20,10,20,27,33,37,22,10,17,10,14,14
Denver Broncos,Jordan Turner,WILL,24,65,Normal,240,1,Michigan State,"6'1""",231,2960000,0,1000000,2,0,81,90,83,75,61,22,6,6,6,55,45,25,23,18,23,53,39,65,40,45,45,45,45,74,53,58,63,79,80,80,61,55,62,46,12,10
Denver Broncos,Miles Scott,FS,24,65,Normal,256,0,Illinois,"6'0""",210,4370000,120000,910000,4,0,87,87,81,64,63,26,6,6,6,64,68,39,44,41,34,54,57,64,55,35,35,35,35,58,35,44,54,73,62,71,61,67,71,68,24,25
Denver Broncos,Dee Williams,CB,26,65,Normal,383,2,Tennessee,"5'10""",190,0,0,0,0,0,91,89,76,57,68,31,6,6,6,73,69,59,53,50,48,69,63,76,44,35,35,35,35,52,38,44,51,73,66,67,56,63,67,67,19,18
Denver Broncos,Jarrett Stidham,QB,30,64,Normal,346,7,Auburn,"6'3""",215,7980000,4020000,8000000,1,0,82,81,72,62,71,86,81,77,72,53,49,34,37,32,31,60,36,50,37,19,15,19,14,24,10,10,20,26,20,20,16,11,19,10,32,26
Denver Broncos,Ochaun Mathis,SAM,27,64,Normal,185,3,Nebraska,"6'4""",247,1140000,0,1140000,1,0,82,90,77,75,62,25,19,15,11,42,35,23,25,18,14,41,34,48,40,40,40,35,35,86,66,61,74,79,73,79,64,36,40,44,14,14
Denver Broncos,Gabe Hall,DT,25,64,Normal,294,2,Baylor,"6'6""",295,0,0,0,0,0,66,72,63,84,67,20,6,6,6,33,24,15,14,7,5,41,29,16,30,45,45,45,45,87,67,61,71,70,78,77,65,18,32,15,18,14
Denver Broncos,Dallen Bentley,TE,25,63,Normal,285,0,Utah,"6'4""",253,0,0,0,0,0,85,88,83,71,48,21,26,11,36,79,72,66,66,60,56,69,67,69,61,58,57,56,56,60,20,20,26,26,26,26,30,19,22,19,34,31
Denver Broncos,Greedy Vance Jr,CB,24,63,Normal,347,1,USC,"5'9""",177,0,0,0,0,0,87,91,81,55,58,35,6,6,6,64,65,24,22,12,11,54,50,68,29,35,35,35,35,42,27,35,42,71,52,58,56,67,69,67,14,13
Denver Broncos,Jacob Thomas,SS,22,63,Normal,275,0,James Madison,"6'1""",212,0,0,0,0,0,91,87,86,63,61,24,6,6,6,63,55,21,24,21,29,57,49,72,39,35,35,35,35,50,32,37,55,74,63,68,59,58,64,65,13,14
Denver Broncos,Karene Reid,MIKE,26,62,Normal,236,1,Utah,"6'0""",226,0,0,0,0,0,83,89,78,70,61,21,6,6,6,51,45,21,22,20,18,53,35,49,35,45,45,45,45,70,49,52,62,80,78,78,58,56,62,49,47,43
Denver Broncos,Caleb Lohner,TE,24,60,Normal,237,1,Utah,"6'7""",250,0,0,0,0,0,83,81,79,75,59,25,15,10,10,74,77,57,64,57,53,70,60,60,58,53,52,60,57,61,10,10,41,43,37,38,18,19,22,17,18,14
Denver Broncos,Sam Ehlinger,QB,27,58,Normal,264,5,Texas,"6'1""",222,2000000,0,2000000,1,0,84,79,80,67,55,83,77,72,68,70,46,21,36,27,23,65,70,69,63,25,15,18,14,31,10,10,23,29,27,17,18,10,13,10,18,14
Los Angeles Bolts,Derwin James Jr,SS,21,95,X-Factor,1446,8,Florida State,"6'2""",215,75100000,25100000,24600000,4,0,90,91,87,80,94,34,18,13,10,78,67,24,27,22,17,72,59,77,46,35,35,35,35,73,69,67,68,93,82,92,93,88,88,83,19,15
Los Angeles Bolts,Justin Herbert,QB,21,93,Superstar,2475,6,Oregon,"6'6""",236,212630000,87810000,46340000,4,0,93,87,80,71,92,96,96,93,83,39,18,14,17,13,10,68,64,67,58,24,19,17,12,23,10,10,26,41,36,33,16,11,18,14,20,16
Los Angeles Bolts,Rashawn Slater,LT,27,92,Superstar,1352,5,Northwestern,"6'4""",315,83040000,50000000,23800000,4,0,74,80,68,93,85,10,6,6,6,25,15,12,12,10,5,24,12,10,25,86,81,95,96,94,30,24,25,29,35,21,24,12,9,10,11,15
Los Angeles Bolts,Joe Alt,RT,23,87,Star,736,2,Notre Dame,"6'8""",322,4010000,29130000,9030000,2,0,71,77,72,89,88,54,45,43,38,57,56,47,42,35,25,59,36,39,48,85,85,91,92,87,34,36,35,24,44,45,32,15,13,14,15,14
Los Angeles Bolts,Khalil Mack,REDG,21,86,Superstar,1172,12,Buffalo,"6'3""",269,8000000,10000000,18000000,1,0,84,85,84,87,83,32,6,6,6,62,53,28,15,5,5,61,31,54,55,45,45,45,45,93,85,85,91,86,87,88,84,50,59,48,24,22
Los Angeles Bolts,Ladd McConkey,WR,24,84,Superstar,1292,2,Georgia,"6'0""",185,5880000,4090000,2720000,2,0,92,94,91,57,85,25,15,10,6,90,83,71,88,87,81,71,73,85,39,42,22,31,20,43,10,10,33,39,34,31,14,12,17,16,18,12
Los Angeles Bolts,Omarion Hampton,HB,23,83,Superstar,877,1,North Carolina,"6'0""",220,4790000,12950000,4030000,3,0,90,93,83,78,81,25,15,24,12,73,58,54,61,54,51,93,92,87,91,43,29,52,39,47,30,31,38,44,43,37,44,28,36,30,31,18
Los Angeles Bolts,Cameron Dicker,K,26,83,Normal,334,4,Texas,"6'1""",216,15980000,6990000,5720000,3,0,75,82,63,51,67,41,28,23,19,28,14,10,10,10,10,29,10,10,15,20,15,20,12,15,10,10,10,33,34,18,14,10,10,10,95,94
Los Angeles Bolts,Donte Jackson,CB,30,82,Normal,511,8,LSU,"5'10""",180,8000000,5000000,8500000,1,0,93,93,91,49,85,20,6,6,6,79,73,12,15,12,10,63,45,79,17,35,35,35,35,42,23,34,44,67,51,59,83,82,79,66,17,13
Los Angeles Bolts,Akheem Mesidor,LEDG,25,82,Superstar,1158,0,Miami,"6'3""",275,10220000,10200000,3710000,4,0,90,89,84,81,75,23,12,18,10,31,31,17,17,15,10,48,43,28,42,45,45,45,45,84,81,86,83,83,82,88,78,39,45,27,25,20
Los Angeles Bolts,Daiyan Henley,WILL,26,82,Star,673,3,Washington State,"6'0""",225,12630000,6170000,3900000,3,0,88,91,82,65,85,24,6,6,6,72,71,62,53,51,45,64,62,71,60,45,45,40,40,68,49,59,71,89,91,79,86,68,71,72,51,44
Los Angeles Bolts,Tarheeb Still,CB,24,81,Star,1129,2,Maryland,"6'1""",196,4010000,370000,1160000,2,0,89,93,85,56,79,27,11,10,6,79,66,27,26,16,11,60,66,72,26,15,14,10,9,57,26,31,43,71,61,55,80,79,86,81,18,17
Los Angeles Bolts,Quentin Johnston,WR,24,81,Star,834,3,TCU,"6'3""",208,22400000,8210000,4500000,2,0,93,91,83,70,88,30,20,15,10,87,87,81,80,84,80,76,84,82,66,49,26,35,30,47,10,10,30,36,31,25,16,13,19,19,22,18
Los Angeles Bolts,Tony Jefferson,SS,34,80,Normal,354,11,Oklahoma,"5'11""",212,1300000,200000,1500000,1,0,87,85,79,74,85,24,6,6,6,67,63,25,20,10,10,58,43,70,45,35,35,35,35,63,53,58,55,83,74,88,84,75,81,70,26,19
Los Angeles Bolts,Josh Harris,LS,37,80,Normal,277,14,Auburn,"6'1""",224,1620000,180000,1800000,1,0,76,74,73,68,71,25,10,10,10,55,56,23,48,43,38,71,25,40,53,56,55,56,51,71,10,10,42,38,56,55,40,22,21,15,23,13
Los Angeles Bolts,David Njoku,TE,30,80,Normal,557,9,Miami,"6'4""",246,1300000,1650000,2950000,1,0,86,88,82,72,76,13,15,10,6,86,86,76,71,67,62,76,77,77,72,59,54,62,61,65,10,10,42,37,36,15,13,26,23,10,15,19
Los Angeles Bolts,JK Scott,P,30,80,Star,311,8,Alabama,"6'5""",208,4280000,4370000,3800000,2,0,75,77,68,51,71,41,32,27,22,21,15,15,15,15,15,36,9,17,11,17,17,18,18,18,10,10,20,29,30,16,18,12,15,10,95,82
Los Angeles Bolts,Tyler Biadasz,C,28,80,Normal,469,6,Wisconsin,"6'3""",316,20000000,10000000,4250000,3,0,74,65,64,85,87,21,6,6,6,23,15,15,16,6,5,28,9,14,28,83,79,81,78,82,24,20,36,34,37,47,29,12,14,10,48,43
Los Angeles Bolts,Tuli Tuipulotu,LEDG,23,80,Star,784,3,USC,"6'3""",266,8890000,1770000,6200000,1,0,77,83,71,89,86,20,9,7,6,35,32,15,15,8,6,33,24,31,40,45,45,40,40,82,76,83,82,86,80,84,85,41,53,38,31,28
Los Angeles Bolts,Kimani Vidal,HB,25,78,Normal,664,2,Troy,"5'8""",213,1070000,0,1070000,1,0,90,90,86,70,83,28,20,15,10,68,55,57,66,60,56,88,80,83,77,27,16,53,38,29,10,10,29,35,33,31,17,12,18,15,20,16
Los Angeles Bolts,Teair Tart,DT,29,77,Normal,363,6,FIU,"6'2""",315,19940000,10060000,6020000,3,0,70,76,64,88,81,29,6,6,6,34,17,12,12,7,5,40,10,10,34,45,45,45,45,84,79,72,79,79,84,81,82,12,23,10,17,13
Los Angeles Bolts,Denzel Perryman,MIKE,33,76,Normal,342,11,Miami,"5'11""",240,1300000,1000000,2300000,1,0,81,81,75,84,81,25,6,6,6,60,30,12,15,5,5,65,10,30,45,45,45,45,45,95,58,51,75,86,83,90,82,59,56,48,20,20
Los Angeles Bolts,Cam Hart,CB,25,76,X-Factor,1126,2,Notre Dame,"6'2""",207,4010000,360000,1160000,2,0,91,92,80,59,69,32,33,31,25,70,68,60,56,51,48,66,67,75,53,35,35,35,31,61,23,32,61,73,68,72,72,80,78,79,21,22
Los Angeles Bolts,Oronde Gadsden,TE,23,76,Star,711,1,Syracuse,"6'5""",241,4190000,360000,1090000,3,0,86,88,80,73,79,37,24,23,18,84,81,73,73,68,64,73,67,68,63,55,52,55,54,59,28,31,33,33,29,25,35,22,26,19,28,16
Los Angeles Bolts,Brenen Thompson,WR,23,75,Star,762,0,Mississippi State,"5'9""",170,4110000,1400000,1200000,4,0,97,93,91,55,63,58,38,34,30,82,83,72,70,74,79,73,72,84,40,46,22,28,20,39,21,23,33,47,33,28,40,37,43,37,47,33
Los Angeles Bolts,Justin Eboigbe,DT,25,75,Star,560,2,Alabama,"6'5""",292,4010000,810000,1270000,2,0,66,71,67,83,76,19,16,13,11,44,37,17,7,7,7,52,19,29,40,45,45,24,25,86,75,69,78,79,89,80,78,41,45,18,20,17
Los Angeles Bolts,Jake Slaughter,LG,23,75,Star,489,0,Florida,"6'5""",303,5680000,2200000,1430000,4,0,69,76,62,86,81,16,6,6,6,32,15,13,10,5,5,25,10,14,35,80,76,78,79,80,23,22,42,40,36,35,36,13,14,10,15,15
Los Angeles Bolts,Keaton Mitchell,HB,24,75,Normal,382,3,East Carolina,"5'8""",186,4500000,4740000,3120000,2,0,94,95,82,60,73,27,25,24,20,71,61,42,62,53,54,86,78,84,48,40,40,47,37,35,15,22,23,33,27,26,20,25,32,22,10,10
Los Angeles Bolts,Genesis Smith,FS,21,74,Star,578,0,Arizona,"6'2""",205,4370000,1000000,1130000,4,0,89,93,83,62,73,26,6,6,6,65,61,48,46,43,36,64,54,68,55,35,35,35,35,56,35,45,56,72,68,72,72,74,73,63,22,26
Los Angeles Bolts,Alec Ingold,FB,30,74,Normal,237,7,Wisconsin,"6'1""",235,4820000,2670000,3270000,2,0,82,79,72,78,70,60,52,47,43,71,54,51,63,50,42,80,49,71,77,67,55,67,47,70,30,35,35,49,50,41,33,15,20,20,56,37
Los Angeles Bolts,Kei'Trel Clark,CB,25,74,Normal,505,3,Louisville,"5'10""",181,21600000,600000,1760000,6,0,92,95,90,51,74,26,6,6,6,73,65,26,42,35,36,59,77,79,25,21,21,20,20,39,21,30,39,68,45,55,72,75,70,63,15,11
Los Angeles Bolts,Tre' Harris,WR,24,73,Normal,467,1,Ole Miss,"6'3""",210,5480000,2320000,1770000,3,0,88,91,82,68,76,64,51,44,40,82,85,75,75,73,76,71,74,81,46,49,27,21,21,45,31,33,38,37,21,30,36,24,27,25,33,25
Los Angeles Bolts,Junior Colson,MIKE,23,72,Normal,332,2,Michigan,"6'3""",247,4800000,1200000,1640000,2,0,86,90,77,75,66,25,24,21,11,55,55,15,15,9,5,57,41,63,51,45,45,40,37,83,54,45,76,83,84,83,61,65,73,69,20,15
Los Angeles Bolts,KeAndre Lambert-Smith,WR,24,72,Normal,541,1,Auburn,"6'1""",182,4190000,400000,1100000,3,0,93,94,92,60,67,21,13,19,25,81,79,68,75,72,70,75,71,72,44,40,23,20,30,32,28,28,33,41,44,33,46,57,66,30,22,30
Los Angeles Bolts,Cole Strange,RG,28,72,Star,244,4,Tenn-Chattanooga,"6'5""",305,8500000,4500000,5250000,2,0,71,78,68,87,77,21,6,6,6,43,39,44,36,34,30,47,32,30,36,74,77,71,70,81,38,37,34,43,42,45,39,10,10,10,20,20
Los Angeles Bolts,Travis Burke,RT,23,71,Star,393,0,Memphis,"6'9""",315,4370000,1160000,1170000,4,0,67,71,60,86,72,16,6,6,6,21,19,17,16,5,5,28,17,10,28,78,75,76,78,83,35,37,42,43,38,42,19,14,11,10,10,12
Los Angeles Bolts,Nick Barrett,DT,23,71,Star,488,0,South Carolina,"6'3""",327,4370000,520000,1010000,4,0,69,81,53,89,68,28,6,6,6,22,24,28,18,12,2,40,14,24,47,45,45,45,45,83,73,64,76,75,83,80,66,27,20,21,18,25
Los Angeles Bolts,Troy Dye,WILL,29,71,Normal,231,6,Oregon,"6'3""",225,3650000,2000000,3400000,1,0,86,86,81,71,75,30,15,10,10,61,52,26,37,31,25,55,46,62,40,45,45,45,45,72,48,57,68,81,81,80,74,61,66,59,15,19
Los Angeles Bolts,Trevor Penning,LG,27,71,Normal,228,4,Northern Iowa,"6'7""",325,2250000,1250000,3500000,1,0,75,81,74,89,59,23,11,10,7,41,35,28,31,23,17,38,28,20,35,76,78,68,73,88,26,31,33,41,27,40,21,10,11,12,17,15
Los Angeles Bolts,Kyle Kennard,REDG,24,70,Normal,449,1,South Carolina,"6'5""",254,4190000,920000,1230000,3,0,81,86,75,78,69,23,18,10,7,48,41,14,19,19,19,45,22,35,31,45,45,45,45,78,64,72,76,80,78,80,68,45,54,34,21,25
Los Angeles Bolts,R.J. Mickens,FS,25,70,Normal,368,1,Clemson,"6'0""",210,4190000,160000,1040000,3,0,89,91,81,63,67,24,6,6,6,66,60,31,33,28,24,60,51,61,43,35,35,35,35,50,36,35,53,76,67,76,63,70,75,69,19,15
Los Angeles Bolts,Trey Pipkins III,LT,29,69,Normal,252,7,Sioux Falls,"6'6""",307,5390000,4500000,3520000,2,0,69,73,63,83,82,16,6,6,6,47,32,37,26,20,15,42,5,10,21,73,72,72,74,82,40,30,40,35,40,35,24,12,12,10,21,11
Los Angeles Bolts,Jamari Thrash,WR,25,69,Normal,560,2,Louisville,"6'0""",188,0,0,0,0,0,90,93,84,56,62,28,20,18,13,82,79,70,74,72,71,73,71,79,43,41,19,27,20,38,10,10,29,31,28,22,14,18,23,15,20,20
Los Angeles Bolts,Alex Harkey,RG,25,68,Normal,303,0,Oregon,"6'6""",327,4370000,240000,940000,4,0,66,71,61,84,70,15,6,6,6,26,23,28,28,24,18,26,18,10,24,74,72,73,74,81,29,30,31,24,39,44,18,12,13,10,10,12
Los Angeles Bolts,Logan Taylor,LG,24,68,Normal,306,0,Boston College,"6'7""",314,4370000,240000,940000,4,0,66,68,60,88,64,14,6,6,6,27,27,15,16,5,5,21,10,10,28,73,72,72,72,80,29,30,24,37,32,34,24,17,17,10,37,36
Los Angeles Bolts,Charlie Kolar,TE,27,68,Normal,200,4,Iowa State,"6'6""",250,17300000,6990000,4330000,3,0,84,85,81,68,67,29,15,10,6,80,82,65,66,62,58,72,55,64,63,61,57,58,55,58,17,15,36,38,33,32,22,12,15,10,15,14
Los Angeles Bolts,Deane Leonard,CB,26,67,Normal,271,4,Ole Miss,"6'0""",195,1220000,180000,1400000,1,0,92,94,81,60,60,23,15,10,10,57,51,20,26,16,11,55,48,70,38,35,35,35,35,49,32,41,51,73,62,65,60,67,65,72,11,15
Los Angeles Bolts,George Holani,HB,26,67,Normal,348,2,Boise State,"5'10""",208,0,0,0,0,0,89,92,78,71,70,42,31,26,20,69,58,50,60,55,45,87,76,78,73,34,31,53,36,42,10,10,27,24,25,31,20,15,18,15,17,13
Los Angeles Bolts,Sincere Brown,WR,24,66,Normal,375,0,Colorado,"6'5""",190,3060000,40000,880000,3,0,93,90,79,65,56,27,26,22,19,77,78,71,69,71,72,74,76,77,55,50,23,30,10,44,10,12,26,28,28,27,27,21,25,26,23,19
Los Angeles Bolts,Del'Shawn Phillips,SAM,29,66,Normal,158,7,Illinois,"6'2""",230,3660000,3840000,2750000,2,0,87,82,75,72,68,25,6,6,6,65,60,19,15,10,6,58,43,62,46,45,45,45,45,75,46,52,68,77,78,84,69,54,63,46,15,14
Los Angeles Bolts,Jordan Colbert,SS,26,66,Normal,320,1,Rhode Island,"6'2""",218,0,0,0,0,0,86,91,86,64,60,25,6,6,6,65,58,25,33,25,15,58,50,62,45,35,35,35,35,58,33,35,53,76,71,76,58,66,68,65,18,15
Los Angeles Bolts,Trey Lance,QB,26,65,Normal,374,5,North Dakota State,"6'4""",226,1700000,800000,2500000,1,0,87,90,89,71,35,91,80,79,75,51,36,21,27,18,14,68,77,77,70,27,18,18,15,37,20,22,38,54,52,50,34,32,40,32,29,18
Los Angeles Bolts,Maxen Hook,FS,25,65,Normal,310,1,Toledo,"6'1""",201,0,0,0,0,0,88,91,86,64,61,24,6,6,6,66,58,31,34,29,24,60,52,68,46,35,35,35,35,52,34,34,48,74,64,75,58,66,68,66,19,15
Los Angeles Bolts,Nikko Reed,CB,23,64,Normal,297,1,Oregon,"5'10""",180,2940000,0,1000000,2,0,90,91,85,62,56,26,6,6,6,65,64,24,28,18,11,57,50,72,28,35,35,30,30,48,23,34,42,71,53,57,55,67,70,71,17,15
Los Angeles Bolts,Marlowe Wax,MIKE,23,64,Normal,221,1,Syracuse,"6'1""",236,2960000,0,1000000,2,0,85,91,84,71,57,24,6,6,6,55,46,18,24,22,20,56,34,50,44,45,45,45,45,69,52,53,61,80,82,77,55,55,63,45,19,22
Los Angeles Bolts,LaDarius Henderson,RG,24,64,Normal,268,2,Michigan,"6'4""",309,0,0,0,0,0,64,60,51,83,60,16,5,5,5,29,19,13,20,13,11,24,13,10,10,71,69,67,72,83,12,18,31,34,31,33,13,12,12,10,18,12
Los Angeles Bolts,Garmon Randolph,REDG,25,63,Normal,303,1,Baylor,"6'8""",260,880000,0,880000,1,0,80,88,78,78,51,19,6,6,6,34,21,15,16,7,5,33,23,31,31,45,45,45,45,86,63,67,68,78,76,75,50,33,44,32,15,13
Los Angeles Bolts,Treven Ma'ae,DT,25,63,Normal,271,1,Baylor,"6'3""",291,0,0,0,0,0,77,86,69,83,56,20,6,6,6,34,21,15,15,7,5,36,14,19,31,45,45,45,45,85,64,61,70,70,77,76,54,16,20,17,18,12
Los Angeles Bolts,Emani Bailey,HB,24,63,Normal,267,2,TCU,"5'8""",206,0,0,0,0,0,85,91,82,64,68,38,29,26,24,61,54,45,51,45,38,84,69,78,65,28,27,37,28,44,10,10,32,35,34,39,28,15,20,22,14,13
Los Angeles Bolts,Jah Joyner,LEDG,25,63,Normal,366,1,Minnesota,"6'4""",262,0,0,0,0,0,86,83,73,76,52,20,6,6,6,34,21,15,15,7,5,32,22,31,30,45,45,45,45,66,66,69,70,79,75,76,51,34,44,30,15,13
Los Angeles Bolts,Jacob Spomer,C,23,62,Normal,189,0,Fresno State,"6'3""",290,3080000,20000,880000,3,0,68,70,69,86,61,19,6,6,6,26,13,13,12,5,5,31,6,10,25,71,71,72,71,76,31,27,29,27,30,37,10,12,12,10,15,21
Los Angeles Bolts,Tommy Mellott,WR,24,62,Normal,321,1,Montana State,"6'0""",205,0,0,0,0,0,92,95,86,63,59,82,75,71,68,76,69,54,63,61,61,71,73,70,58,40,26,21,25,31,30,32,33,39,35,30,29,24,48,22,39,37
Los Angeles Bolts,Jaxson Moi,DT,22,62,Normal,258,0,Tennessee,"6'2""",305,0,0,0,0,0,66,68,59,81,63,17,6,6,6,24,15,10,15,7,4,32,25,10,36,45,45,45,45,82,65,57,71,74,77,75,62,14,16,12,13,12
Los Angeles Bolts,Jarius Monroe,FS,25,62,Normal,243,1,Tulane,"6'2""",205,0,0,0,0,0,86,89,78,59,60,27,6,6,6,63,57,25,25,20,17,59,50,64,41,35,35,35,35,54,32,35,48,72,65,77,58,66,67,66,18,17
Los Angeles Bolts,Rohan Jones,TE,23,62,Normal,268,0,Arkansas,"6'3""",236,0,0,0,0,0,81,78,79,75,64,25,20,15,10,77,75,62,62,56,52,69,64,65,60,58,58,56,56,60,10,10,19,25,33,12,21,15,13,10,19,14
Kansas City Chiefs,Creed Humphrey,C,21,96,Superstar,1175,5,Oklahoma,"6'4""",302,56790000,20440000,18100000,3,0,73,78,66,90,96,24,6,6,6,25,21,21,15,8,6,34,8,10,18,94,94,94,96,94,10,10,26,30,39,25,25,7,11,10,14,11
Kansas City Chiefs,Patrick Mahomes,QB,21,94,X-Factor,3063,9,Texas Tech,"6'2""",225,325300000,246850000,34650000,8,0,85,86,85,70,98,97,94,91,84,59,30,22,27,17,15,66,78,77,75,23,10,10,10,27,10,10,24,37,26,18,22,17,19,10,20,10
Kansas City Chiefs,Chris Jones,DT,32,94,X-Factor,1600,10,Mississippi State,"6'6""",310,11620000,16120000,880000,2,0,73,78,73,96,97,23,6,6,6,29,16,15,13,6,3,29,10,31,33,44,46,44,44,95,95,90,87,92,88,86,94,23,29,13,17,17
Kansas City Chiefs,Drue Tranquill,WILL,21,93,Star,1099,7,Notre Dame,"6'2""",234,2240000,2750000,4990000,1,0,87,88,83,80,96,22,6,6,6,59,35,12,31,24,14,63,47,56,25,45,45,45,45,78,55,62,85,98,95,88,95,68,75,56,16,20
Kansas City Chiefs,Travis Kelce,TE,36,91,Superstar,892,13,Cincinnati,"6'5""",250,1340000,10650000,4890000,1,0,84,84,84,79,99,70,64,53,49,90,91,77,84,76,71,72,75,78,77,65,62,63,62,70,20,20,40,42,45,15,15,12,14,10,35,32
Kansas City Chiefs,Kenneth Walker,HB,25,91,Superstar,1151,4,Michigan State,"5'9""",211,29410000,13620000,5670000,3,0,93,93,92,81,89,27,20,15,11,67,45,48,54,47,41,98,93,87,89,33,23,54,34,35,10,10,33,38,36,32,15,12,18,15,15,12
Kansas City Chiefs,Trey Smith,RT,27,89,Superstar,828,5,Tennessee,"6'6""",321,75260000,18710000,24490000,3,0,71,75,69,95,90,25,6,6,6,24,12,12,10,5,5,32,5,10,31,92,90,83,88,96,28,10,25,24,32,31,10,10,11,10,24,22
Kansas City Chiefs,Rashee Rice,WR,26,86,Star,1181,3,SMU,"6'2""",203,64580000,27740000,2060000,7,0,90,92,86,71,90,47,30,20,15,91,85,87,91,88,80,72,80,80,63,55,32,37,30,50,10,10,32,32,32,28,15,11,16,10,25,20
Kansas City Chiefs,Nick Bolton,MIKE,26,83,Star,565,5,Missouri,"5'11""",237,30990000,14010000,19250000,2,0,87,83,74,74,87,13,6,6,6,64,37,15,20,10,6,54,21,42,29,45,45,45,45,81,63,51,79,93,89,88,88,66,69,48,20,11
Kansas City Chiefs,George Karlaftis,LEDG,25,83,Superstar,1060,4,Purdue,"6'4""",263,74580000,30230000,7400000,5,0,81,85,80,85,85,20,6,6,6,47,34,14,13,5,3,42,22,33,38,45,45,45,45,86,82,73,84,87,86,83,86,17,23,17,18,14
Kansas City Chiefs,Harrison Butker,K,31,82,Normal,289,9,Georgia Tech,"6'4""",205,22220000,8170000,7300000,3,0,74,75,54,44,72,27,33,25,25,30,12,12,10,10,10,26,14,28,17,18,15,19,16,15,10,10,12,12,15,12,17,15,15,10,96,87
Kansas City Chiefs,Xavier Worthy,WR,23,82,Superstar,1110,2,Texas,"5'11""",165,6920000,6840000,3750000,2,0,99,98,89,47,76,62,50,52,51,87,78,76,83,81,85,74,74,84,32,33,17,24,12,32,10,10,17,25,19,15,15,13,18,10,21,20
Kansas City Chiefs,Josh Simmons,LT,23,82,Star,990,1,Ohio State,"6'5""",310,7350000,7290000,3320000,3,0,78,76,69,88,85,16,6,6,6,18,18,12,15,5,5,30,5,10,29,76,80,84,87,84,36,32,36,26,34,38,15,12,16,10,12,15
Kansas City Chiefs,Mansoor Delane,CB,22,81,Star,780,0,LSU,"6'0""",182,16720000,25200000,7620000,4,0,93,95,88,59,81,40,33,30,27,75,65,42,48,45,37,65,53,70,35,35,35,35,35,51,38,43,50,75,61,61,77,78,79,79,17,15
Kansas City Chiefs,L'Jarius Sneed,CB,29,80,Superstar,991,6,LA. Tech,"6'1""",192,1210000,0,1210000,1,0,94,92,87,60,81,27,6,6,6,76,70,22,30,26,33,68,60,82,50,18,35,25,35,59,35,46,58,77,59,76,81,70,78,93,22,24
Kansas City Chiefs,Alohi Gilman,FS,28,79,Normal,439,6,Notre Dame,"5'10""",201,17250000,6750000,3500000,3,0,87,85,88,63,87,26,6,6,6,73,60,30,36,31,27,58,48,71,48,35,35,35,35,62,43,48,62,80,67,78,84,69,79,59,19,17
Kansas City Chiefs,Kingsley Suamataia,LG,23,78,Star,587,2,BYU,"6'5""",326,4760000,1630000,1740000,2,0,71,76,67,89,72,78,15,11,9,35,32,14,14,12,11,31,20,15,40,80,77,82,86,86,35,33,30,27,40,30,20,15,20,15,31,25
Kansas City Chiefs,Peter Woods,DT,21,78,Superstar,698,0,Clemson,"6'2""",298,8960000,9000000,3260000,4,0,76,83,61,89,79,21,6,6,6,44,26,23,13,10,3,45,18,40,45,45,45,45,45,84,76,72,82,78,81,81,77,25,22,25,16,24
Kansas City Chiefs,R Mason Thomas,LEDG,22,78,Star,850,0,Oklahoma,"6'2""",241,6840000,5320000,2210000,4,0,83,87,87,80,73,10,27,24,10,58,42,16,17,15,10,49,32,37,30,45,45,45,45,81,73,81,77,82,82,84,74,37,47,37,27,20
Kansas City Chiefs,Kristian Fulton,CB,27,78,Normal,423,6,LSU,"5'11""",197,13500000,6500000,13000000,1,0,91,89,85,59,84,24,6,6,6,61,60,37,32,24,16,56,49,71,26,25,35,35,35,55,31,36,52,74,49,52,83,80,82,76,10,11
Kansas City Chiefs,Harrison Phillips,DT,30,78,Normal,385,8,Stanford,"6'3""",307,5000000,50000,5800000,1,0,69,66,71,93,73,26,6,6,6,27,18,15,15,7,3,26,24,26,38,45,45,45,45,83,72,63,80,80,88,78,77,19,27,11,17,11
Kansas City Chiefs,Von Miller,LEDG,37,78,Normal,364,15,Texas A&M,"6'3""",250,7000000,910000,7910000,1,0,83,83,82,84,78,19,6,6,6,51,41,33,15,5,5,65,20,53,41,45,45,45,45,92,73,79,78,84,85,86,77,49,60,62,21,15
Kansas City Chiefs,Nohl Williams,CB,23,77,Superstar,955,1,California,"6'0""",199,4920000,1390000,1430000,3,0,93,89,84,63,78,25,6,6,6,79,74,37,39,36,34,68,52,72,38,35,25,35,25,57,31,32,56,77,64,69,76,78,80,78,30,18
Kansas City Chiefs,Kader Kohou,CB,27,77,Star,668,4,Texas A&M-Commerce,"5'10""",195,1140000,660000,1800000,1,0,92,92,79,63,76,25,6,6,6,70,54,14,10,9,8,53,56,75,30,35,35,35,35,39,22,24,44,75,54,55,75,78,70,80,34,30
Kansas City Chiefs,Tyquan Thornton,WR,26,76,Normal,497,4,Baylor,"6'2""",182,6800000,4200000,3500000,2,0,92,91,82,55,80,44,38,31,22,86,84,73,76,78,81,76,69,72,33,43,16,25,25,39,10,10,21,30,19,18,17,12,18,18,18,14
Kansas City Chiefs,Chamarri Conner,FS,26,76,Star,424,3,Virginia Tech,"6'0""",206,8060000,2970000,3850000,3,0,89,92,86,66,78,25,15,10,10,69,59,41,43,42,39,59,61,69,54,35,35,35,35,62,35,45,58,77,69,83,77,73,72,75,15,14
Kansas City Chiefs,James Daniels,RG,28,76,Normal,408,8,Iowa,"6'4""",320,7490000,120000,1880000,2,0,65,65,71,86,79,26,6,6,6,20,12,12,10,5,5,28,8,10,21,80,79,78,82,85,10,10,26,28,28,29,10,12,12,10,15,14
Kansas City Chiefs,Noah Gray,TE,27,75,Normal,319,5,Duke,"6'3""",240,13490000,7670000,6970000,2,0,91,88,84,69,69,51,43,36,31,89,79,67,69,65,59,78,67,67,68,62,58,60,56,61,10,10,36,43,37,30,19,14,18,15,23,18
Kansas City Chiefs,Henry To'oTo'o,SAM,25,75,Normal,459,3,Alabama,"6'2""",228,4320000,430000,1300000,3,0,85,92,81,65,79,30,6,6,6,55,55,23,22,18,13,57,59,66,59,35,35,35,35,66,49,55,71,89,78,82,80,70,68,57,32,31
Kansas City Chiefs,James Winchester,LS,37,74,Normal,175,11,Oklahoma,"6'3""",240,1300000,400000,1700000,1,0,79,80,74,67,70,40,10,10,10,60,49,44,42,37,32,64,20,37,32,47,40,50,50,60,15,20,39,56,42,45,25,15,25,25,25,24
Kansas City Chiefs,Brashard Smith,HB,23,74,Normal,521,1,SMU,"5'10""",194,4190000,120000,1030000,3,0,93,93,84,64,72,25,21,15,10,69,63,62,66,63,58,87,76,81,55,33,24,50,21,29,23,25,29,39,27,24,29,20,24,22,18,18
Kansas City Chiefs,Jadon Canady,SS,23,74,Star,545,0,Oregon,"5'10""",182,4370000,1200000,1180000,4,0,90,88,85,63,74,22,6,6,6,66,62,42,45,42,35,54,57,68,52,35,35,35,35,50,27,45,55,77,68,75,73,69,75,71,23,21
Kansas City Chiefs,Emmanuel Ogbah,LEDG,32,74,Normal,568,10,Oklahoma State,"6'4""",278,1080000,0,1080000,1,0,81,85,74,83,77,22,6,6,6,45,17,17,14,7,3,33,16,31,28,45,44,45,45,85,73,62,76,84,80,82,75,39,51,22,20,19
Kansas City Chiefs,Matt Araiza,P,26,74,Normal,257,4,San Diego State,"6'1""",200,1070000,0,1070000,1,0,82,86,67,49,55,35,30,25,20,27,20,15,15,15,15,35,14,32,12,16,16,17,17,17,10,10,20,38,34,24,19,11,15,10,98,81
Kansas City Chiefs,Felix Anudike-Uzomah,REDG,24,74,Normal,459,3,Kansas State,"6'4""",255,20680000,5570000,3750000,2,0,81,82,85,72,76,20,6,6,6,32,27,13,10,7,5,34,33,36,35,40,40,35,35,79,72,77,74,84,78,86,72,24,29,32,34,29
Kansas City Chiefs,Jon Runyan,LG,29,74,Normal,307,6,Michigan,"6'4""",307,2590000,80000,2670000,1,0,71,69,63,87,84,25,6,6,6,36,15,18,17,12,5,29,17,19,27,76,75,76,75,83,24,16,22,30,30,22,26,12,15,10,17,12
Kansas City Chiefs,Jaden Hicks,SS,24,73,Normal,427,2,Washington State,"6'2""",215,4010000,530000,1200000,2,0,89,91,87,67,70,40,35,31,24,71,67,40,26,22,17,68,59,70,60,35,35,30,27,65,45,53,64,79,69,87,68,69,74,71,16,15
Kansas City Chiefs,Ashton Gillotte,REDG,23,73,Star,602,1,Louisville,"6'3""",270,5030000,1670000,1520000,3,0,84,90,83,78,69,27,15,10,7,35,25,12,15,8,7,38,29,37,30,45,45,45,45,86,77,66,81,79,79,80,66,27,36,25,24,21
Kansas City Chiefs,Khyiris Tonga,DT,30,73,Normal,288,5,BYU,"6'4""",338,14710000,6270000,3260000,3,0,68,74,56,91,71,23,6,6,6,30,29,27,22,16,12,39,21,33,52,51,50,48,52,86,76,65,80,78,80,75,69,18,24,13,27,28
Kansas City Chiefs,Kaiir Elam,CB,25,73,Normal,460,4,Florida,"6'1""",191,1210000,560000,1770000,1,0,92,90,84,60,70,27,24,20,17,76,65,37,35,31,28,56,51,73,49,35,35,35,35,48,31,39,45,64,66,52,70,69,75,75,17,17
Kansas City Chiefs,Jalen Royals,WR,23,72,Normal,519,1,Utah State,"6'0""",195,4190000,850000,1210000,3,0,92,93,85,64,73,43,29,25,20,82,81,73,75,72,72,75,74,75,48,46,25,27,28,40,34,36,43,42,23,45,23,29,31,19,19,29
Kansas City Chiefs,Omarr Norman-Lott,DT,24,71,Normal,316,1,Tennessee,"6'2""",315,5310000,1850000,1620000,3,0,67,82,71,85,72,24,15,10,6,24,19,15,19,13,10,40,28,19,27,45,45,45,45,84,76,69,79,76,78,83,68,10,13,10,21,15
Kansas City Chiefs,Justin Fields,QB,27,71,Normal,588,5,Ohio State,"6'3""",228,8000000,3010000,3000000,1,0,91,95,90,65,49,91,84,80,77,32,16,17,19,15,14,58,79,87,48,29,14,16,10,25,10,10,20,26,24,14,18,17,19,10,19,18
Kansas City Chiefs,Jaylon Moore,RT,28,71,Normal,193,5,W. Michigan,"6'4""",311,20990000,8880000,18680000,1,0,62,66,58,84,75,13,6,6,6,38,36,24,27,16,9,46,22,20,35,73,73,79,76,81,39,37,34,40,44,41,36,12,13,10,16,11
Kansas City Chiefs,Jamaree Caldwell,DT,26,71,Normal,510,1,Oregon,"6'1""",340,0,0,0,0,0,67,72,67,87,74,25,14,8,6,19,18,16,16,13,10,36,25,19,34,45,45,45,45,89,74,58,76,78,78,80,73,12,14,16,24,26
Kansas City Chiefs,Jared Wiley,TE,25,70,Normal,343,2,TCU,"6'6""",249,4010000,690000,1240000,2,0,85,89,77,75,59,24,15,10,6,82,80,68,68,66,58,75,70,70,68,58,56,56,56,60,10,10,33,35,39,36,18,16,22,16,19,12
Kansas City Chiefs,Cyrus Allen,WR,23,70,Normal,512,0,Cincinnati,"5'11""",183,4370000,360000,970000,4,0,89,92,87,57,68,34,25,22,19,79,78,70,69,71,73,68,74,78,49,48,27,30,24,36,20,18,19,23,43,23,21,18,22,21,33,29
Kansas City Chiefs,Jermaine Burton,WR,25,70,Normal,603,2,Alabama,"6'0""",204,0,0,0,0,0,91,92,90,58,56,24,15,10,6,86,81,67,72,73,74,74,74,75,45,40,20,27,10,41,10,10,30,32,31,29,16,12,16,13,16,12
Kansas City Chiefs,Jeffrey Bassa,WILL,23,69,Normal,318,1,Oregon,"6'2""",235,4190000,400000,1100000,3,0,85,89,78,69,70,25,6,6,6,54,51,25,30,27,24,58,38,53,41,45,45,45,45,71,50,53,63,82,82,79,69,62,65,42,21,19
Kansas City Chiefs,Emmett Johnson,HB,22,68,Normal,416,0,Nebraska,"5'10""",205,0,0,0,0,0,89,90,77,74,66,28,24,19,15,72,60,53,67,59,44,88,75,82,68,33,27,48,30,38,11,13,20,23,23,20,22,21,22,23,24,22
Kansas City Chiefs,Jeff Caldwell,WR,23,67,Normal,411,0,Cincinnati,"6'5""",215,2820000,290000,890000,3,0,95,96,83,64,69,32,23,18,15,76,75,66,64,66,69,74,72,73,52,45,18,24,42,37,28,24,31,35,34,34,28,25,31,28,28,22
Kansas City Chiefs,Hunter Nourzad,C,26,67,Normal,238,2,Penn State,"6'3""",315,4010000,290000,1140000,2,0,67,73,66,83,76,22,8,6,6,22,12,12,10,5,5,41,5,10,15,73,73,72,69,81,38,35,34,41,35,35,35,9,9,10,22,20
Kansas City Chiefs,Lewis Bond,WR,23,67,Normal,491,0,Boston College,"5'11""",190,0,0,0,0,0,87,92,80,60,65,24,22,18,16,78,77,71,72,71,70,70,74,80,48,49,26,29,24,40,29,29,32,40,44,42,31,29,35,32,36,34
Kansas City Chiefs,John Michael Gyllenborg,FB,24,66,Normal,218,0,Wyoming,"6'5""",251,2830000,280000,890000,3,0,86,90,79,76,55,15,36,33,21,76,76,63,61,56,51,73,65,66,63,55,55,54,55,58,34,34,35,46,45,44,27,27,37,16,29,28
Kansas City Chiefs,Omari Evans,WR,22,66,Normal,387,0,Washington,"6'0""",195,3010000,90000,880000,3,0,95,93,85,62,39,23,15,10,6,75,77,70,67,70,73,68,73,79,45,49,16,26,10,43,10,10,23,27,29,24,26,20,26,23,17,16
Kansas City Chiefs,Rico Payton,CB,26,66,Normal,416,2,Pittsburg State,"5'11""",182,0,0,0,0,0,86,91,86,58,66,31,22,18,15,68,64,24,24,21,16,58,57,69,34,35,30,30,25,44,26,34,51,69,64,68,63,65,67,63,15,15
Kansas City Chiefs,Cole Brevard,DT,24,65,Normal,322,0,Texas,"6'3""",346,0,0,0,0,0,68,80,50,85,63,25,6,6,6,29,16,20,15,8,4,34,22,24,27,45,45,45,45,80,69,61,73,75,78,76,61,18,20,14,15,10
Kansas City Chiefs,Dalevon Campbell,WR,24,65,Normal,409,1,South Carolina,"6'4""",220,0,0,0,0,0,92,94,76,67,58,28,19,16,13,79,79,70,70,71,72,70,72,73,55,44,20,23,25,41,15,10,26,30,25,27,16,14,20,20,22,15
Kansas City Chiefs,Wesley Bissainthe,MIKE,22,64,Normal,235,0,Miami,"5'9""",230,2930000,180000,890000,3,0,85,89,79,76,55,24,6,6,6,64,44,14,15,5,5,60,24,65,44,47,45,44,45,67,52,48,62,80,74,80,54,65,69,44,34,31
Kansas City Chiefs,Patrick McMorris,FS,24,64,Normal,290,2,California,"6'0""",210,0,0,0,0,0,87,90,81,63,64,41,32,27,22,71,67,35,54,45,44,74,59,72,61,35,35,35,30,60,42,37,58,74,63,83,63,63,67,68,15,15
Kansas City Chiefs,Vincent Anthony Jr.,LEDG,22,63,Normal,377,0,Duke,"6'6""",260,0,0,0,0,0,78,85,79,69,60,17,6,6,6,53,43,16,10,10,10,43,32,35,32,45,45,45,45,81,66,65,70,79,74,75,58,35,50,36,16,28
Kansas City Chiefs,Xavier Nwankpa,FS,22,63,Normal,275,0,Iowa,"6'2""",213,0,0,0,0,0,90,88,85,62,57,24,6,6,6,66,60,21,23,28,24,60,51,61,43,35,35,35,35,50,36,35,53,73,69,71,55,58,66,67,19,15
Kansas City Chiefs,Kahlil Benson,RT,24,62,Normal,228,0,Indiana,"6'6""",321,0,0,0,0,0,70,70,58,83,61,15,6,6,6,24,12,12,10,5,5,26,5,10,26,71,71,68,68,79,10,10,28,16,38,31,10,12,15,10,11,12
Kansas City Chiefs,Pete Nygra,C,24,59,Normal,193,0,Louisville,"6'4""",300,0,0,0,0,0,66,74,47,74,62,22,6,6,6,30,12,14,13,5,5,25,15,10,32,69,69,72,71,76,43,37,44,32,43,43,26,18,17,10,17,11
Detroit Lions,Jahmyr Gibbs,HB,24,99,X-Factor,1849,3,Alabama,"5'9""",199,59710000,54530000,5670000,9,0,98,95,93,72,90,26,21,17,13,75,64,65,74,69,63,96,84,97,82,30,16,51,34,32,10,10,30,37,30,28,16,12,15,16,14,10
Detroit Lions,Penei Sewell,LT,25,98,Superstar,1703,5,Oregon,"6'6""",335,99680000,39020000,28000000,4,0,73,73,59,97,98,18,6,6,6,44,15,15,28,17,5,35,15,10,30,99,99,90,94,96,24,16,35,37,32,33,19,12,12,10,23,20
Detroit Lions,Amon-Ra St. Brown,WR,26,95,X-Factor,1666,5,USC,"6'0""",202,95930000,25930000,33110000,3,0,93,91,91,67,96,48,40,34,25,99,90,89,97,98,89,75,78,87,57,44,33,30,27,48,10,10,33,36,34,23,19,12,19,20,20,14
Detroit Lions,Aidan Hutchinson,LEDG,26,94,X-Factor,1946,4,Michigan,"6'6""",265,84400000,81830000,10140000,5,0,83,88,86,87,95,24,10,8,6,64,62,52,50,44,38,59,33,52,48,45,45,45,45,89,89,97,86,96,88,87,93,43,53,31,14,12
Detroit Lions,Kerby Joseph,FS,25,91,Superstar,1157,4,Illinois,"6'1""",210,6300000,43100000,5460000,4,0,88,91,86,64,94,25,6,6,6,84,70,27,33,31,29,63,65,77,50,24,24,25,25,49,23,29,53,86,76,77,96,78,90,65,21,20
Detroit Lions,Brian Branch,SS,24,91,Superstar,1145,3,Alabama,"6'0""",203,77500000,40420000,6460000,9,0,88,92,86,60,90,27,25,21,16,77,66,45,46,41,37,67,65,72,45,35,33,30,33,65,44,55,64,95,79,89,91,86,89,74,18,17
Detroit Lions,Jared Goff,QB,31,89,Superstar,2887,10,California,"6'4""",217,4400000,1000000,1080000,1,0,74,79,72,64,90,90,96,96,82,43,24,19,27,17,15,58,51,48,34,16,10,17,14,21,9,9,21,28,27,17,21,12,18,9,21,20
Detroit Lions,Jack Campbell,MIKE,26,89,Star,904,3,Iowa,"6'5""",249,47480000,12940000,4790000,5,0,85,90,87,76,87,25,6,6,6,69,66,19,19,12,7,58,52,46,54,45,45,45,45,76,64,57,83,92,93,87,90,70,75,66,16,18
Detroit Lions,D.J. Reed,CB,21,88,Normal,911,8,Kansas State,"5'9""",188,17080000,19700000,17860000,2,0,92,90,86,52,91,22,15,10,5,76,64,14,21,15,11,57,61,76,29,35,35,35,35,47,29,37,53,77,75,53,88,81,92,87,14,10
Detroit Lions,Sam LaPorta,TE,25,88,Superstar,1077,3,Iowa,"6'3""",245,9210000,3970000,6730000,1,0,86,88,85,74,87,31,25,22,17,95,84,78,82,78,68,74,72,77,72,62,62,60,59,65,48,43,57,61,59,61,43,31,36,29,17,12
Detroit Lions,Tyreek Hill,WR,32,88,Star,746,10,West Alabama,"5'10""",191,23400000,3000000,5110000,2,0,96,95,93,64,85,41,31,28,23,90,90,84,87,87,87,77,83,92,37,53,14,33,19,40,10,10,21,33,27,25,26,10,20,30,13,15
Detroit Lions,Jameson Williams,WR,25,87,Star,1025,4,Alabama,"6'2""",180,6830000,54020000,8260000,4,0,98,96,95,63,86,31,15,10,6,84,84,89,80,88,85,68,76,90,44,45,20,25,19,42,10,10,25,33,26,22,16,15,22,14,18,17
Detroit Lions,Kevin Zeitler,LG,36,85,Normal,450,14,Wisconsin,"6'4""",332,15400000,3000000,4220000,2,0,72,66,56,91,87,12,6,6,6,15,15,15,15,5,5,40,6,10,20,82,83,88,89,92,10,10,15,21,25,20,13,13,15,10,18,16
Detroit Lions,Alim McNeill,DT,26,83,Star,578,5,N.C. State,"6'2""",315,71450000,25950000,28960000,3,0,74,80,63,93,89,21,6,6,6,48,33,29,27,22,17,46,33,36,56,50,47,47,45,86,82,73,82,80,83,79,89,19,27,19,23,19
Detroit Lions,Derrick Moore,REDG,23,81,Superstar,1227,0,Michigan,"6'4""",255,6640000,4760000,2070000,4,0,82,88,78,85,74,16,14,20,13,33,31,16,17,15,10,51,43,31,36,45,45,45,45,83,80,70,87,86,85,90,77,42,49,30,26,20
Detroit Lions,DaQuan Jones,DT,34,81,Normal,402,12,Penn State,"6'4""",320,6300000,500000,6800000,1,0,70,64,62,88,91,16,6,6,6,24,15,15,15,8,4,39,10,10,15,45,45,45,45,89,84,69,82,82,84,80,94,24,36,19,7,17
Detroit Lions,Jack Fox,P,30,79,Normal,247,8,Rice,"6'2""",218,10390000,4450000,3970000,1,0,87,83,63,50,68,53,47,29,15,23,15,15,15,15,15,39,5,10,10,16,16,17,17,16,10,10,29,32,29,12,24,11,20,10,95,83
Detroit Lions,Chuck Clark,FS,31,78,Normal,395,9,Virginia Tech,"6'0""",210,1300000,180000,1480000,1,0,87,89,84,67,82,30,15,10,10,68,62,15,20,10,10,61,44,61,52,35,35,35,35,65,38,49,53,78,76,84,80,72,74,65,25,25
Detroit Lions,Blake Miller,RT,22,78,Star,498,0,Clemson,"6'6""",317,9480000,12360000,3970000,4,0,71,75,60,92,84,15,6,6,6,22,14,18,19,5,5,25,11,10,28,79,79,84,82,85,31,30,31,33,34,44,23,11,12,10,10,12
Detroit Lions,Jake Bates,K,27,77,Normal,351,3,Arkansas,"5'10""",202,1070000,0,1070000,1,0,72,74,61,35,60,32,28,22,13,31,12,12,10,10,10,32,18,10,10,20,15,20,15,15,10,10,10,25,26,24,15,10,10,10,97,87
Detroit Lions,Hogan Hatten,LS,26,77,Normal,322,2,Idaho,"6'1""",238,2820000,0,1070000,1,0,78,83,79,68,57,29,6,6,6,59,45,24,39,35,29,54,25,55,45,45,40,47,50,72,58,48,65,70,75,79,43,48,55,53,17,20
Detroit Lions,Tate Ratledge,RG,25,77,Star,534,1,Georgia,"6'7""",315,5430000,2200000,1730000,3,0,73,78,71,88,80,10,6,6,6,42,29,26,26,19,13,41,27,23,40,79,80,76,77,84,35,30,35,34,38,37,35,20,27,15,59,56
Detroit Lions,Tyleik Williams,DT,23,76,Normal,413,1,Ohio State,"6'3""",329,5920000,10540000,3740000,3,0,75,78,68,91,74,18,15,10,7,28,20,18,18,14,10,39,26,24,32,45,45,45,45,87,72,69,82,77,79,76,73,13,19,18,18,18
Detroit Lions,D.J. Wonnum,REDG,28,76,Normal,562,6,South Carolina,"6'5""",258,1370000,1590000,2960000,1,0,81,80,75,82,81,18,6,6,6,48,31,16,13,6,3,46,22,34,39,45,45,45,45,80,75,68,78,81,84,80,79,45,53,31,17,15
Detroit Lions,Roger McCreary,CB,26,76,Normal,616,4,Auburn,"5'11""",190,1210000,180000,1390000,1,0,88,90,86,65,75,39,31,28,24,72,58,37,38,33,29,63,54,72,32,35,35,35,35,54,38,47,58,74,68,65,74,77,76,84,42,36
Detroit Lions,Isiah Pacheco,HB,27,76,Normal,411,4,Rutgers,"5'10""",216,1810000,0,1810000,1,0,93,95,85,80,72,38,34,27,22,70,46,50,63,56,49,95,77,82,84,34,20,54,38,42,13,18,37,40,37,42,26,19,32,23,22,14
Detroit Lions,Greg Dortch,WR,28,75,Normal,513,8,Wake Forest,"5'7""",175,1210000,130000,1340000,1,0,90,90,86,43,78,38,28,23,17,87,82,63,78,75,71,68,70,86,35,37,13,25,10,38,10,10,22,26,23,16,16,18,25,12,19,14
Detroit Lions,Cade Mays,C,27,75,Normal,349,4,Tennessee,"6'6""",325,10200000,9160000,2760000,3,0,64,68,60,82,78,20,6,6,6,21,15,15,15,5,5,19,7,10,20,77,75,83,81,83,21,15,24,22,21,23,22,10,10,10,11,10
Detroit Lions,Christian Izien,SS,26,75,Normal,393,3,Rutgers,"5'9""",200,1250000,700000,1950000,1,0,92,90,85,52,76,25,26,25,22,68,63,32,48,45,39,57,44,70,31,30,30,30,30,45,34,44,46,80,66,77,77,71,74,64,12,11
Detroit Lions,Isaac TeSlaa,WR,24,74,Normal,536,1,Arkansas,"6'4""",214,5080000,1550000,1500000,3,0,91,91,88,65,76,69,48,48,47,84,86,73,75,76,69,70,69,73,54,48,29,23,21,39,31,35,41,43,28,43,29,23,30,21,18,32
Detroit Lions,Levi Onwuzurike,DT,28,74,Normal,455,5,Washington,"6'3""",304,1210000,0,1210000,1,0,78,81,73,87,74,25,6,6,6,28,16,13,15,8,4,32,21,29,29,45,45,45,45,83,68,76,76,77,83,79,72,21,30,19,15,10
Detroit Lions,Derrick Barnes,SAM,27,74,Normal,244,5,Purdue,"6'1""",245,10000000,11520000,9260000,2,0,85,82,71,79,78,25,15,12,6,59,56,26,38,24,10,69,50,64,68,45,45,46,46,79,72,66,73,83,84,85,74,58,66,42,21,20
Detroit Lions,Malcolm Rodriguez,WILL,27,74,Normal,402,4,Oklahoma State,"5'11""",225,1400000,0,1400000,1,0,86,89,78,80,68,45,47,44,40,58,37,15,20,10,6,58,47,52,39,45,45,45,45,86,48,53,72,86,84,81,69,53,62,36,20,19
Detroit Lions,Jakorian Bennett,CB,26,74,Normal,584,3,Maryland,"5'11""",195,3830000,0,1140000,1,0,95,97,89,54,66,29,23,21,20,75,73,25,21,14,11,58,65,74,29,35,35,31,31,39,29,37,38,68,55,60,65,73,72,65,14,14
Detroit Lions,Avonte Maddox,FS,30,73,Normal,282,8,Pittsburgh,"5'9""",191,1300000,180000,1480000,1,0,91,91,91,55,72,27,6,6,6,71,67,27,37,27,24,62,48,83,25,40,35,35,40,45,25,39,44,71,59,61,72,72,77,74,19,10
Detroit Lions,Ennis Rakestraw Jr,CB,24,73,Normal,469,2,Missouri,"6'0""",183,4720000,1730000,1760000,2,0,89,93,87,57,69,26,21,14,11,58,54,25,16,14,10,53,65,72,32,35,27,35,21,44,29,37,45,68,67,61,70,76,74,70,11,10
Detroit Lions,Devin White,WILL,21,73,Normal,459,7,LSU,"6'0""",252,1080000,0,1080000,1,0,87,88,80,76,71,23,6,6,6,69,46,26,24,19,12,62,34,65,47,45,45,45,45,80,62,68,68,84,83,84,68,60,68,53,18,14
Detroit Lions,Payton Turner,LEDG,27,73,Normal,595,5,Houston,"6'6""",270,1140000,0,1140000,1,0,79,83,82,82,68,28,6,6,6,37,21,16,15,7,4,39,16,36,30,45,45,45,45,86,75,66,73,82,84,86,63,23,34,16,15,15
Detroit Lions,Tyler Conklin,TE,31,72,Normal,345,8,Central Michigan,"6'3""",254,1300000,0,1300000,1,0,83,83,77,66,74,30,20,15,10,87,82,67,66,58,54,74,70,67,74,63,58,59,58,66,20,18,24,26,28,27,12,15,17,10,19,17
Detroit Lions,Christian Mahogany,LG,25,72,Normal,380,2,Boston College,"6'3""",327,3860000,130000,1100000,2,0,68,76,60,89,65,26,7,6,5,28,22,14,15,11,9,21,23,22,31,77,78,74,75,85,34,23,32,25,27,38,24,8,9,10,19,12
Detroit Lions,Ben Bartch,LG,28,72,Normal,349,6,St. John's,"6'6""",309,1210000,0,1210000,1,0,67,60,68,85,75,25,6,6,6,54,44,34,40,33,24,56,40,36,46,76,74,72,71,83,15,10,15,22,29,35,15,12,15,10,37,27
Detroit Lions,Thomas Harper,SS,25,71,Normal,395,2,Notre Dame,"5'10""",195,2820000,0,1070000,1,0,89,94,80,60,66,25,20,15,10,57,61,20,22,18,15,59,52,67,42,35,35,35,35,47,36,42,44,73,68,55,65,76,71,66,20,15
Detroit Lions,Rock Ya-Sin,CB,30,71,Normal,251,7,Temple,"5'11""",192,1640000,1560000,3200000,1,0,89,87,84,68,67,27,6,6,6,69,63,17,22,12,10,59,55,71,25,35,35,35,35,52,24,36,51,75,52,55,63,77,75,83,20,18
Detroit Lions,Damone Clark,MIKE,26,71,Normal,319,4,LSU,"6'3""",240,1210000,180000,1390000,1,0,89,89,79,67,67,24,19,13,10,57,52,31,32,29,25,58,44,61,40,45,45,45,45,81,49,46,68,81,91,81,63,65,65,46,16,15
Detroit Lions,Tyre West,LEDG,23,70,Normal,551,0,Tennessee,"6'2""",283,4370000,160000,920000,4,0,78,82,71,83,63,21,17,18,10,35,31,16,17,15,10,50,46,31,39,45,45,45,45,81,69,62,79,80,82,84,63,17,23,27,27,20
Detroit Lions,Mekhi Wingo,DT,23,70,Normal,361,2,LSU,"6'1""",288,4010000,130000,1110000,2,0,77,86,73,79,66,27,6,6,6,45,39,12,10,3,2,40,10,10,50,45,45,45,45,86,72,67,76,79,83,82,64,15,20,10,35,25
Detroit Lions,Jimmy Rolder,WILL,22,70,Normal,336,0,Michigan,"6'2""",238,4370000,1120000,1160000,4,0,86,90,83,69,70,39,6,6,6,60,58,31,42,37,32,55,33,35,42,44,59,60,45,68,51,49,67,83,81,80,69,61,61,48,11,14
Detroit Lions,Juice Scruggs,C,26,70,Normal,241,3,Penn State,"6'3""",308,4650000,1410000,1930000,1,0,65,74,60,87,75,17,6,6,6,36,15,14,15,7,5,31,15,10,25,71,69,79,77,85,51,39,46,47,48,52,45,10,10,10,28,24
Detroit Lions,Kendrick Law,WR,22,70,Normal,630,0,Kentucky,"5'11""",203,0,0,0,0,0,91,92,92,66,55,31,22,18,15,80,77,71,69,69,68,72,76,81,55,49,34,30,28,39,19,21,22,22,24,23,29,18,20,20,33,30
Detroit Lions,Miles Frazier,RG,24,69,Normal,306,1,LSU,"6'6""",325,3950000,320000,1080000,3,0,64,71,59,89,70,21,6,6,6,43,46,28,34,30,26,37,30,24,28,72,73,71,72,83,42,38,42,28,28,36,29,22,24,10,16,14
Detroit Lions,Joshua Dobbs,QB,31,68,Normal,520,9,Tennessee,"6'3""",220,1430000,0,1430000,1,0,87,85,84,74,59,85,83,81,76,52,40,28,30,20,10,57,74,74,73,20,15,24,20,36,10,10,27,34,33,39,18,18,25,15,20,15
Detroit Lions,Sione Vaki,HB,25,68,Normal,398,2,Utah,"6'0""",216,0,0,0,0,0,89,91,83,74,69,48,47,42,35,69,55,58,64,56,49,84,75,81,77,42,38,53,39,65,43,52,61,77,69,78,64,57,70,59,35,33
Detroit Lions,Keith Abney II,CB,21,68,Normal,548,0,Arizona State,"5'10""",188,0,0,0,0,0,91,91,86,57,64,26,6,6,6,65,64,39,39,38,33,59,57,71,36,35,35,35,35,44,37,35,45,68,56,60,65,71,72,65,17,15
Detroit Lions,Ahmed Hassanein,REDG,24,68,Normal,559,1,Boise State,"6'3""",275,0,0,0,0,0,80,81,76,83,72,25,14,8,7,36,23,15,15,10,7,43,22,32,27,45,45,45,45,79,71,69,71,75,73,76,71,24,31,26,23,18
Detroit Lions,Jha'Quan Jackson,WR,26,68,Normal,491,2,Tulane,"5'9""",188,0,0,0,0,0,92,92,85,54,65,22,15,10,6,80,76,66,71,70,68,73,70,78,36,37,23,29,20,36,10,10,20,35,26,12,14,12,19,15,18,14
Detroit Lions,Giovanni Manu,LT,25,67,Normal,316,2,Univ. British Columbia,"6'7""",354,3680000,730000,1250000,2,0,70,75,50,86,49,29,15,12,9,37,35,28,24,23,22,44,37,23,45,76,77,69,74,82,41,23,39,42,43,49,16,7,7,8,21,15
Detroit Lions,Dominic Lovett,WR,23,67,Normal,491,1,Georgia,"5'10""",185,0,0,0,0,0,92,92,80,62,66,12,12,10,10,82,76,70,69,68,69,73,71,72,55,38,17,24,21,31,21,24,28,27,33,23,44,67,50,30,21,21
Detroit Lions,Luke Altmyer,QB,23,66,Normal,661,0,Illinois,"6'1""",210,3090000,0,880000,3,0,82,86,82,61,40,88,83,77,76,56,32,16,44,24,26,53,69,63,61,34,30,41,28,34,25,26,22,35,23,23,66,23,24,21,19,17
Detroit Lions,Nick Whiteside,CB,26,66,Normal,416,1,Saginaw Valley,"6'1""",200,0,0,0,0,0,89,90,81,54,63,25,6,6,6,67,66,23,25,19,13,58,51,71,28,35,35,33,35,50,25,31,42,69,52,57,61,67,74,69,15,15
Detroit Lions,Dan Jackson,SS,25,66,Normal,337,1,Georgia,"6'0""",194,0,0,0,0,0,91,93,80,62,62,24,6,6,6,64,58,26,29,22,18,64,53,65,46,35,35,35,35,55,34,33,52,78,63,77,58,64,68,65,19,15
Detroit Lions,Blake Watson,HB,26,66,Normal,320,2,Memphis,"5'9""",195,0,0,0,0,0,91,91,80,72,67,37,25,20,16,70,57,55,65,58,52,84,75,76,76,44,24,50,32,39,10,10,33,43,34,28,26,18,25,22,29,18
Detroit Lions,Brandon Codrington,CB,25,66,Normal,438,2,North Carolina Central,"5'9""",185,0,0,0,0,0,93,92,82,61,63,26,6,6,6,57,56,15,25,22,19,62,55,76,32,35,35,35,35,54,36,26,52,74,64,68,64,63,66,67,15,12
Detroit Lions,Brock Wright,TE,27,65,Normal,175,5,Notre Dame,"6'4""",255,5530000,3570000,4730000,1,0,85,88,72,79,74,26,15,10,6,79,76,60,64,58,53,73,45,58,55,59,60,58,58,68,10,10,35,34,43,26,16,11,14,13,22,21
Detroit Lions,Skyler Gill-Howard,DT,23,65,Normal,325,0,Texas Tech,"6'1""",280,0,0,0,0,0,70,70,67,81,65,13,6,6,6,50,28,27,17,15,2,52,14,26,44,45,45,45,45,86,71,68,74,76,79,77,62,27,22,28,13,14
Detroit Lions,Deven Eastern,DT,23,64,Normal,300,0,Minnesota,"6'5""",315,0,0,0,0,0,67,75,56,85,60,17,6,6,6,34,29,25,19,17,2,42,15,29,43,45,45,45,45,88,73,66,75,76,75,77,58,23,24,21,17,27
Green Bay Pack,Micah Parsons,REDG,27,98,X-Factor,2105,5,Penn State,"6'3""",245,63250000,108800000,19190000,4,0,89,94,89,91,98,30,6,6,6,62,47,36,40,36,31,69,57,71,62,45,45,45,45,84,93,97,80,94,89,84,96,59,64,57,20,20
Green Bay Pack,Josh Jacobs,HB,21,93,Superstar,1173,7,Alabama,"5'10""",220,51200000,27440000,14540000,6,0,93,89,85,83,92,36,37,31,23,72,55,51,62,55,41,95,94,92,91,39,33,56,40,54,10,10,28,36,34,25,20,22,30,20,15,10
Green Bay Pack,Xavier McKinney,SS,27,93,X-Factor,1230,6,Alabama,"6'0""",201,20310000,42290000,9850000,2,0,88,89,87,67,94,25,6,6,6,79,72,20,10,10,10,62,38,71,37,35,35,35,35,64,46,54,64,91,84,86,96,81,88,77,15,12
Green Bay Pack,Jordan Love,QB,27,87,Superstar,1846,6,Utah State,"6'4""",219,80100000,123140000,36120000,3,0,85,86,77,62,87,92,90,92,86,21,16,14,15,14,13,67,53,65,51,19,18,18,15,21,10,10,26,31,26,23,16,16,20,12,42,27
Green Bay Pack,Zach Tom,RT,27,87,Star,678,4,Wake Forest,"6'4""",304,44400000,46920000,11880000,4,0,74,83,73,81,90,19,6,6,6,26,23,15,15,10,5,24,20,10,23,87,82,89,83,82,12,10,28,27,28,24,25,9,9,10,13,14
Green Bay Pack,Javon Hargrave,DT,21,86,Superstar,953,10,South Carolina State,"6'2""",305,7700000,15250000,7700000,2,0,74,77,66,87,87,23,6,6,6,28,16,15,13,5,3,30,10,16,29,45,46,44,44,81,79,94,88,89,90,83,89,18,26,13,17,17
Green Bay Pack,Tucker Kraft,TE,25,85,Star,881,3,South Dakota State,"6'5""",259,14720000,18300000,3920000,4,0,88,89,82,76,90,52,44,39,35,91,78,72,79,74,67,72,77,72,75,63,63,62,62,68,35,41,49,53,53,52,37,26,35,27,29,18
Green Bay Pack,Edgerrin Cooper,WILL,24,81,Star,717,2,Texas A&M,"6'2""",230,5500000,3050000,2330000,2,0,89,92,80,72,78,22,26,22,20,70,59,26,35,30,21,65,51,68,53,45,44,40,35,75,55,66,71,86,85,83,79,74,78,67,21,19
Green Bay Pack,Jayden Reed,WR,26,81,Star,723,3,Michigan State,"5'11""",187,21620000,30890000,6770000,4,0,94,94,89,58,77,52,39,35,31,83,85,75,84,84,82,74,75,86,37,46,17,22,13,41,14,25,26,49,31,18,30,29,35,26,19,14
Green Bay Pack,Zaire Franklin,MIKE,30,79,Normal,385,8,Syracuse,"6'0""",235,12230000,5780000,7130000,2,0,84,89,79,80,81,22,6,6,6,61,43,20,10,6,5,52,21,48,37,45,45,45,45,81,55,64,68,90,86,82,82,56,67,43,20,20
Green Bay Pack,Keisean Nixon,CB,29,79,Normal,453,7,South Carolina,"5'10""",200,6590000,11390000,7160000,1,0,92,91,80,54,81,29,6,6,6,72,68,30,30,20,12,59,52,70,45,35,35,35,35,50,36,45,55,78,77,64,81,78,79,75,16,14
Green Bay Pack,Devonte Wyatt,DT,28,79,Superstar,576,4,Georgia,"6'3""",304,26810000,43120000,8430000,4,0,80,87,69,86,85,25,5,5,5,41,34,22,27,24,19,39,25,23,50,45,45,45,45,89,73,81,80,81,81,83,81,24,29,15,26,21
Green Bay Pack,Christian Watson,WR,27,79,Superstar,644,4,North Dakota State,"6'4""",208,53910000,47950000,10510000,5,0,96,94,84,65,82,26,20,15,10,87,85,72,76,80,80,74,74,80,47,45,20,30,25,42,10,10,26,31,27,20,17,11,18,15,14,17
Green Bay Pack,Quincy Williams,WILL,30,79,Normal,476,7,Murray State,"5'11""",225,2700000,0,2700000,1,0,87,88,77,67,85,25,6,6,6,63,48,18,15,6,5,44,18,38,30,29,44,21,44,73,49,58,68,90,87,89,84,62,70,50,19,19
Green Bay Pack,Matthew Golden,WR,23,78,Star,698,1,Texas,"5'11""",191,4990000,12550000,3980000,3,0,95,97,92,61,75,52,38,31,30,84,80,75,79,77,81,74,73,82,40,51,21,24,22,47,24,28,35,36,24,30,32,31,26,24,30,24
Green Bay Pack,Isaiah McDuffie,SAM,27,78,Normal,417,5,Boston College,"6'1""",227,4300000,5520000,4720000,2,0,88,88,75,73,76,24,21,12,9,60,39,35,33,29,24,74,54,68,71,45,45,45,45,71,48,52,74,87,90,79,76,70,69,42,14,12
Green Bay Pack,Najee Harris,HB,28,78,Normal,436,5,Alabama,"6'1""",242,2310000,0,2310000,1,0,87,90,84,82,74,43,43,36,26,67,60,58,65,59,49,94,83,83,87,50,41,60,37,55,24,21,36,42,44,40,32,21,26,24,18,15
Green Bay Pack,Javon Bullard,SS,23,77,Normal,510,2,Georgia,"5'11""",198,4980000,1690000,1820000,2,0,89,91,85,70,77,30,15,10,10,71,67,31,32,26,23,61,68,72,44,35,33,30,28,59,33,37,55,76,74,87,73,70,78,73,25,25
Green Bay Pack,Benjamin St-Juste,CB,28,77,Star,566,5,Minnesota,"6'3""",200,4100000,5670000,3270000,2,0,90,90,91,60,78,21,6,6,6,63,65,22,21,17,10,56,45,69,35,35,35,35,35,45,29,33,51,72,66,56,77,75,79,84,18,13
Green Bay Pack,Lukas Van Ness,LEDG,25,77,Star,614,3,Iowa,"6'5""",272,17930000,13180000,5520000,2,0,86,91,83,81,72,31,25,20,16,42,35,17,13,6,5,44,23,41,45,40,40,35,35,78,78,66,79,84,82,88,72,35,41,28,23,21
Green Bay Pack,Carrington Valentine,CB,24,77,Normal,572,3,Kentucky,"6'0""",189,6360000,90000,3690000,1,0,91,94,88,49,77,27,23,16,13,61,61,40,21,11,10,55,56,75,32,35,35,25,25,38,30,35,38,68,53,55,75,76,77,74,17,15
Green Bay Pack,Evan Williams,FS,25,76,Normal,512,2,Oregon,"5'11""",200,4010000,800000,1270000,2,0,86,90,81,62,74,25,15,10,10,68,64,30,25,23,18,61,63,70,51,30,30,25,25,63,45,54,61,80,74,80,76,74,75,66,25,23
Green Bay Pack,Trey Smack,K,23,76,Normal,354,0,Florida,"6'1""",188,4370000,200000,930000,4,0,73,80,61,43,63,25,32,29,27,33,15,12,10,10,10,36,10,22,16,15,10,10,13,11,10,10,15,28,20,18,10,18,12,10,94,84
Green Bay Pack,Dani Dennis-Sutton,LEDG,22,75,Normal,717,0,Penn State,"6'6""",256,4370000,1120000,1160000,4,0,84,87,83,83,73,36,22,23,13,59,48,16,18,15,10,60,43,43,36,45,45,45,45,80,77,71,79,80,80,86,71,33,44,45,27,20
Green Bay Pack,Brandon Cisse,CB,21,75,Superstar,795,0,South Carolina,"6'0""",189,6080000,3240000,1690000,4,0,93,93,86,59,72,29,6,6,6,71,61,47,46,41,36,62,57,70,37,35,35,35,35,46,30,44,55,74,67,62,75,74,69,73,18,16
Green Bay Pack,Daniel Whelan,P,27,75,Normal,204,3,UC Davis,"6'5""",216,4730000,2500000,2350000,2,0,77,78,57,57,61,42,38,32,24,23,15,12,15,14,10,26,9,10,12,20,15,20,15,22,10,10,15,25,28,26,15,10,12,10,94,83
Green Bay Pack,Chris McClellan,DT,22,74,Star,530,0,Missouri,"6'4""",313,5310000,1750000,1280000,4,0,71,70,61,87,75,29,6,6,6,46,36,24,16,14,3,45,11,36,31,45,45,45,45,82,74,70,79,78,84,82,73,27,25,22,15,24
Green Bay Pack,Aaron Banks,LG,28,74,Normal,466,5,Notre Dame,"6'5""",325,4000000,0,1000000,1,0,60,57,59,87,84,25,6,6,6,30,12,12,10,5,5,31,5,10,23,77,76,74,78,84,10,10,15,25,25,29,10,12,15,10,19,22
Green Bay Pack,MarShawn Lloyd,HB,25,73,Normal,368,2,USC,"5'9""",215,4570000,1080000,1540000,2,0,90,92,88,73,74,26,22,16,12,63,49,50,60,55,52,81,80,80,71,29,23,53,32,32,10,10,25,33,30,24,16,10,17,14,18,12
Green Bay Pack,Anthony Belton,RG,25,73,Normal,327,1,N.C. State,"6'6""",336,5530000,2450000,1810000,3,0,64,68,59,86,74,15,6,9,6,22,21,16,16,5,5,24,11,14,31,76,77,75,77,84,39,32,44,30,31,39,12,13,15,10,11,15
Green Bay Pack,Skyy Moore,WR,25,73,Normal,426,4,W. Michigan,"5'10""",195,1210000,1280000,2490000,1,0,88,95,86,69,68,55,42,35,34,83,80,76,73,72,75,79,77,83,60,44,25,31,20,41,10,10,31,34,30,27,28,25,32,24,20,18
Green Bay Pack,Jordan Morgan,LT,25,72,Normal,354,2,Arizona,"6'5""",311,5940000,8220000,3860000,2,0,71,80,62,87,76,23,21,15,11,27,15,15,15,13,9,40,18,21,29,75,73,78,80,85,25,21,31,22,35,37,29,16,18,10,19,12
Green Bay Pack,Savion Williams,WR,24,71,Normal,424,1,TCU,"6'4""",222,4890000,1350000,1420000,3,0,90,90,86,71,76,55,47,48,49,80,82,69,70,71,68,75,75,78,59,45,30,24,21,41,33,36,42,41,26,40,29,35,37,22,26,32
Green Bay Pack,Barryn Sorrell,REDG,23,71,Normal,496,1,Texas,"6'3""",256,4190000,920000,1230000,3,0,83,85,80,82,72,13,15,10,7,47,45,34,37,32,27,47,28,32,28,45,45,45,45,79,73,67,73,76,76,80,71,36,46,32,24,19
Green Bay Pack,Jager Burton,RG,24,71,Normal,386,0,Kentucky,"6'4""",312,4370000,480000,1000000,4,0,72,74,63,86,72,16,6,6,6,31,15,14,10,5,5,33,10,19,35,78,74,79,75,80,36,33,43,40,44,42,38,16,15,10,15,15
Green Bay Pack,Luke Musgrave,TE,25,71,Normal,288,3,Oregon State,"6'6""",253,5300000,3160000,2690000,1,0,89,90,82,75,65,23,15,10,6,87,78,62,66,64,64,73,56,58,63,61,59,58,58,67,43,47,50,46,60,50,38,14,23,24,18,14
Green Bay Pack,Karl Brooks,DT,26,71,Normal,249,3,Bowling Green State,"6'3""",296,6360000,210000,3720000,1,0,70,79,67,84,74,23,8,7,6,44,37,11,12,6,5,41,14,26,26,45,45,45,45,84,75,66,76,73,78,86,75,22,30,27,10,9
Green Bay Pack,Damien Martinez,HB,22,70,Normal,419,1,Miami,"6'0""",217,880000,0,880000,1,0,89,91,78,74,68,26,16,23,19,64,52,45,55,51,46,92,81,78,83,42,36,46,45,49,32,24,37,41,41,38,33,24,29,24,31,32
Green Bay Pack,Collin Oliver,REDG,23,70,Normal,540,1,Oklahoma State,"6'2""",240,3750000,400000,980000,3,0,87,91,82,77,66,29,22,13,15,50,42,32,34,29,26,49,33,47,41,45,45,45,45,78,69,72,77,75,73,75,64,51,58,42,25,24
Green Bay Pack,Sean Rhyan,C,25,70,Normal,191,4,UCLA,"6'5""",321,9200000,23780000,6660000,3,0,63,72,65,84,76,28,21,15,12,35,28,15,18,14,10,45,27,14,31,75,74,73,76,87,10,10,25,35,43,42,21,10,10,10,26,22
Green Bay Pack,Josh Whyle,TE,26,70,Normal,285,3,Cincinnati,"6'7""",248,1260000,590000,1850000,1,0,83,85,83,71,70,30,15,10,6,84,80,64,65,63,55,71,60,71,66,63,56,60,57,66,10,10,41,43,37,38,18,10,15,17,18,14
Green Bay Pack,Jaden Crumedy,DT,26,70,Normal,473,2,Mississippi State,"6'4""",301,0,0,0,0,0,73,81,61,84,61,23,6,6,6,34,28,15,13,5,3,37,13,21,32,45,45,44,44,86,68,69,77,77,82,82,63,29,45,13,17,17
Green Bay Pack,Domani Jackson,CB,23,68,Normal,438,0,Alabama,"6'1""",194,4370000,240000,940000,4,0,93,93,89,65,61,27,6,6,6,64,65,30,27,28,27,58,55,70,35,35,35,35,35,46,30,38,45,70,54,59,60,68,69,66,14,12
Green Bay Pack,Darian Kinnard,RT,26,68,Normal,176,4,Kentucky,"6'5""",322,1310000,1440000,2750000,1,0,61,71,49,86,60,21,6,6,6,23,12,12,10,5,5,24,17,13,31,78,79,69,72,87,19,12,29,19,32,37,10,8,8,10,14,12
Green Bay Pack,Will Sheppard,WR,24,68,Normal,525,1,Colorado,"6'3""",196,0,0,0,0,0,86,91,80,68,67,28,15,10,12,79,82,68,74,72,71,71,75,78,51,47,24,29,28,45,21,22,27,28,29,24,29,21,28,22,23,17
Green Bay Pack,Shemar Bartholomew,CB,26,68,Normal,491,2,Georgia Southern,"6'0""",200,0,0,0,0,0,91,93,79,60,71,27,8,8,8,71,61,19,24,16,12,61,52,71,33,35,35,30,30,49,31,38,52,76,54,63,71,66,68,60,21,19
Green Bay Pack,Kaden Davis,WR,27,68,Normal,465,1,NW Missouri State,"6'1""",193,0,0,0,0,0,91,94,87,66,61,22,15,15,12,81,77,66,72,70,71,74,71,76,35,44,19,25,21,43,10,10,27,32,27,29,18,15,20,14,22,20
Green Bay Pack,Ty'Ron Hopper,WILL,25,67,Normal,202,2,Missouri,"6'2""",228,4560000,1080000,1540000,2,0,83,87,77,66,73,35,31,26,25,58,54,13,15,7,5,55,21,56,44,45,45,40,40,67,72,66,67,86,72,79,75,52,64,52,15,14
Green Bay Pack,Warren Brinson,DT,24,67,Normal,292,1,Georgia,"6'5""",315,4190000,200000,1050000,3,0,70,75,65,83,66,24,6,6,6,19,18,13,17,15,12,39,21,18,32,45,45,45,45,82,77,72,79,73,77,77,63,10,14,11,14,25
Green Bay Pack,Kamal Hadden,CB,25,67,Normal,476,2,Tennessee,"6'1""",192,0,0,0,0,0,87,94,81,65,64,35,15,10,6,72,67,24,26,21,16,58,64,71,47,32,28,30,25,44,31,39,47,64,51,65,61,63,74,73,20,19
Green Bay Pack,Kitan Oladapo,SS,25,67,Normal,367,2,Oregon State,"6'2""",216,0,0,0,0,0,86,89,79,68,62,27,9,8,6,66,61,12,15,13,10,65,55,66,57,35,33,25,23,65,47,36,63,84,73,85,58,67,68,66,28,26
Green Bay Pack,Jacob Monk,C,25,66,Normal,217,2,Duke,"6'3""",308,3860000,290000,1140000,2,0,69,76,67,83,73,25,15,11,10,27,26,12,15,8,5,25,5,10,15,70,65,70,68,80,23,21,21,36,28,39,26,11,10,9,25,19
Green Bay Pack,Kyle McCord,QB,23,66,Normal,661,1,Syracuse,"6'3""",220,880000,0,880000,1,0,75,76,76,62,68,87,84,78,77,29,31,26,24,18,18,58,51,43,30,24,27,20,27,23,36,36,35,51,36,31,40,16,15,17,21,29
Green Bay Pack,Jaylin Simpson,FS,26,66,Normal,253,2,Auburn,"6'0""",179,2010000,0,1000000,1,0,90,92,83,53,60,35,34,23,21,74,67,33,33,23,15,62,67,69,41,35,31,30,26,51,37,43,49,73,60,63,59,70,72,74,22,21
Green Bay Pack,Nick Niemann,MIKE,28,66,Normal,164,5,Iowa,"6'3""",234,1310000,790000,2100000,1,0,88,90,86,71,66,21,6,6,6,57,52,41,31,28,21,52,33,37,37,45,45,45,45,69,39,41,60,78,82,74,68,55,63,38,20,20
Green Bay Pack,Brenton Cox,LEDG,26,66,Normal,262,3,Florida,"6'4""",250,1140000,330000,1470000,1,0,78,88,65,81,64,25,6,6,6,48,43,20,15,7,5,42,29,45,47,45,45,40,40,72,71,65,75,76,73,84,60,41,46,51,20,14
Green Bay Pack,MJ Devonshire,CB,25,66,Normal,438,2,Pittsburgh,"5'11""",186,0,0,0,0,0,91,93,83,51,64,24,16,12,8,73,61,29,35,33,25,55,72,84,30,25,21,20,15,39,21,35,38,64,42,56,65,62,67,69,22,18
Green Bay Pack,Kaden Prather,WR,23,66,Normal,451,1,Maryland,"6'4""",210,0,0,0,0,0,90,90,87,67,70,11,12,10,10,79,78,65,67,66,65,70,70,71,54,43,27,25,29,35,32,33,42,52,46,42,24,30,33,20,30,26
Green Bay Pack,Nazir Stackhouse,DT,24,66,Normal,351,1,Georgia,"6'4""",327,0,0,0,0,0,67,70,63,85,66,20,6,6,6,38,18,15,16,7,5,36,17,18,32,45,45,45,45,84,66,58,72,74,80,78,65,18,21,18,16,12
Green Bay Pack,Ramel Keyton,WR,25,66,Normal,438,2,Tennessee,"6'2""",197,0,0,0,0,0,90,91,81,62,66,21,15,10,6,77,77,68,67,66,68,73,76,78,48,44,13,32,19,42,10,10,29,34,27,27,14,18,24,10,20,15
Green Bay Pack,Brant Banks,LT,26,65,Normal,321,1,Rice,"6'7""",306,1000000,0,1000000,1,0,65,72,59,83,64,15,6,6,6,25,15,12,15,5,5,25,9,10,21,71,71,73,73,80,16,10,24,22,26,25,13,11,12,10,15,13
Green Bay Pack,Travis Glover,RT,26,64,Normal,262,2,Georgia State,"6'6""",317,0,0,0,0,0,63,69,50,86,69,19,11,8,6,25,12,12,10,7,5,22,11,10,21,73,68,69,70,80,42,35,37,38,44,40,24,9,8,10,9,8
Green Bay Pack,John Williams,LG,24,63,Normal,198,1,Cincinnati,"6'4""",322,3720000,80000,900000,3,0,67,71,54,87,65,20,6,6,6,22,17,18,11,5,5,21,8,11,27,68,67,70,68,78,29,14,27,21,29,26,29,10,10,10,18,13
Green Bay Pack,Cal Adomitis,LS,28,61,Normal,80,4,Pittsburgh,"6'2""",238,1080000,0,1080000,1,0,73,81,66,69,50,27,29,14,12,64,59,49,55,52,47,65,33,44,34,50,40,52,45,59,24,16,43,50,54,53,13,15,13,10,12,11
Green Bay Pack,Messiah Swinson,TE,26,60,Normal,233,2,Arizona State,"6'7""",259,0,0,0,0,0,77,75,66,72,61,23,13,10,6,76,76,65,62,55,51,73,52,65,64,57,53,61,60,62,18,13,42,44,41,46,45,28,35,35,24,22
Minnesota Vikes,Justin Jefferson,WR,27,95,X-Factor,1613,6,LSU,"6'1""",195,65980000,81970000,21210000,3,0,91,92,95,64,90,43,35,30,24,92,97,96,94,96,96,73,81,95,65,48,26,25,18,52,18,24,24,41,36,43,19,18,26,18,18,12
Minnesota Vikes,Christian Darrisaw,LT,27,90,Superstar,1303,5,Virginia Tech,"6'5""",315,71210000,52260000,13520000,4,0,73,72,67,92,93,13,6,6,6,26,15,15,15,5,5,25,8,10,33,86,84,91,93,97,21,16,34,25,29,33,15,12,13,10,17,13
Minnesota Vikes,Brian O'Neill,RT,30,87,Star,596,8,Pittsburgh,"6'7""",310,35730000,21410000,23110000,3,0,76,75,75,86,96,18,6,6,6,37,15,16,18,14,10,51,18,31,36,87,85,88,88,85,10,10,27,28,29,28,10,12,13,10,19,13
Minnesota Vikes,Jordan Addison,WR,24,85,Star,1047,3,USC,"5'11""",175,23690000,7750000,4360000,2,0,90,92,88,52,88,58,47,39,32,89,88,76,85,89,88,82,75,89,31,39,16,27,13,36,14,22,30,47,37,31,27,28,34,29,23,17
Minnesota Vikes,Byron Murphy Jr,CB,28,84,Star,752,7,Washington,"5'11""",190,20110000,29650000,8320000,2,0,92,92,88,60,86,25,6,6,6,78,66,39,43,33,26,61,56,75,30,18,35,10,35,54,26,32,48,79,59,76,87,79,85,81,10,11
Minnesota Vikes,Andrew Van Ginkel,REDG,21,84,Superstar,1052,7,Wisconsin,"6'4""",242,25390000,22660000,19250000,2,0,86,87,81,76,94,25,6,6,6,70,43,33,15,5,5,58,12,30,51,45,45,45,45,77,70,85,77,86,82,79,92,62,70,46,15,19
Minnesota Vikes,Will Reichard,K,25,83,Normal,458,2,Alabama,"6'1""",194,4010000,170000,1110000,2,0,78,79,64,42,69,32,31,29,20,22,14,9,10,8,7,30,15,28,20,15,10,12,8,12,10,10,13,25,29,12,15,10,10,10,96,93
Minnesota Vikes,T.J. Hockenson,TE,29,83,Star,601,7,Iowa,"6'5""",248,20440000,23980000,15600000,1,0,83,85,81,80,88,28,20,15,10,85,88,76,75,73,67,79,71,70,68,63,61,59,57,66,37,46,47,56,46,51,34,27,36,26,38,34
Minnesota Vikes,Josh Metellus,SS,28,82,Star,539,6,Michigan,"5'11""",207,26870000,13810000,5950000,3,0,88,87,82,66,83,20,15,10,10,68,58,12,15,13,10,62,44,72,25,35,35,35,35,62,40,47,64,87,83,85,82,70,74,64,25,15
Minnesota Vikes,Jordan Mason,HB,27,82,Star,573,4,Georgia Tech,"5'11""",230,13850000,12870000,5790000,4,0,89,92,77,78,84,36,28,21,14,60,55,56,50,42,35,91,87,84,88,48,35,47,35,43,17,20,37,45,42,48,24,30,35,33,12,11
Minnesota Vikes,Blake Cashman,MIKE,30,81,Normal,432,7,Minnesota,"6'1""",237,15610000,15550000,8930000,3,0,87,89,83,70,80,25,6,6,6,50,27,18,15,5,5,52,12,29,25,45,45,45,45,82,58,63,75,89,89,83,79,67,72,48,19,14
Minnesota Vikes,Jauan Jennings,WR,29,81,Star,577,6,Tennessee,"6'3""",212,1630000,7900000,9530000,1,0,88,86,78,78,91,68,56,51,45,87,88,81,82,79,75,72,84,78,66,67,40,34,25,59,10,10,30,33,30,31,14,11,17,21,18,17
Minnesota Vikes,Isaiah Rodgers Sr,CB,28,81,Normal,541,6,Massachusetts,"5'10""",180,14330000,15220000,8910000,3,0,96,94,88,50,80,26,15,10,10,70,68,22,38,33,27,56,49,82,34,25,35,25,35,48,36,42,55,76,64,54,79,74,80,71,44,34
Minnesota Vikes,Aaron Jones Sr,HB,31,80,Star,358,9,UTEP,"5'9""",208,5000000,5210000,10210000,1,0,88,91,90,71,81,30,35,30,20,73,63,64,70,65,61,86,80,85,83,25,15,59,36,42,10,10,23,35,27,24,18,15,20,20,21,20
Minnesota Vikes,Andrew DePaola,LS,39,79,Normal,253,14,Rutgers,"6'1""",229,1530000,180000,1710000,1,0,74,71,79,75,70,38,9,9,9,66,61,48,49,45,40,63,19,40,31,69,61,58,51,67,44,40,55,62,62,59,39,15,20,15,11,11
Minnesota Vikes,Jalen Redmond,DT,27,79,Normal,697,3,Oklahoma,"6'2""",305,1070000,0,1070000,1,0,79,85,74,85,80,22,6,6,6,37,35,15,10,6,5,42,10,27,35,45,45,40,40,85,74,80,80,82,85,80,81,18,24,25,14,12
Minnesota Vikes,Xavier Woods,FS,31,79,Normal,350,9,LA. Tech,"5'11""",200,3860000,0,3860000,1,0,88,88,87,71,78,21,6,6,6,78,69,20,24,14,10,71,54,78,42,35,35,35,35,66,55,43,60,81,78,86,78,70,79,66,17,19
Minnesota Vikes,Dallas Turner,LEDG,23,78,Superstar,851,2,Alabama,"6'3""",247,4360000,11390000,4290000,2,0,90,92,84,76,68,18,6,6,6,45,15,18,15,8,4,35,29,36,35,45,45,45,45,81,77,79,77,83,83,78,67,49,54,29,14,15
Minnesota Vikes,Caleb Banks,DT,23,78,Superstar,653,0,Florida,"6'6""",327,4370000,16880000,3860000,4,0,71,74,70,87,79,25,16,14,12,26,24,33,19,17,15,59,15,24,52,51,52,53,51,84,76,71,80,80,87,81,80,29,21,19,13,22
Minnesota Vikes,James Pierre,CB,29,78,Normal,511,6,FAU,"6'2""",185,4770000,3630000,2980000,2,0,94,90,83,60,73,27,6,6,6,71,65,49,52,42,35,56,53,75,25,34,35,26,35,43,29,37,47,73,68,68,75,82,84,71,11,15
Minnesota Vikes,Will Fries,RG,28,78,Normal,317,5,Penn State,"6'6""",321,64670000,23050000,17220000,4,0,58,67,58,87,82,25,6,6,6,23,12,12,10,5,5,29,5,10,15,82,80,78,80,86,36,21,29,42,38,41,28,12,11,10,21,22
Minnesota Vikes,Jakobe Thomas,SS,23,77,Star,680,0,Miami,"6'1""",214,5340000,1320000,1210000,4,0,87,87,84,66,77,24,6,6,6,70,61,38,41,39,35,53,55,68,57,35,35,35,35,50,46,49,66,80,74,76,78,73,81,69,25,23
Minnesota Vikes,Jake Golday,MIKE,23,77,Star,574,0,Cincinnati,"6'5""",239,6140000,3440000,1740000,4,0,92,90,83,76,78,24,6,6,6,53,56,35,43,33,28,63,31,52,48,43,57,54,45,75,61,63,74,84,81,80,79,64,70,44,15,13
Minnesota Vikes,Eric Wilson,WILL,31,77,Normal,290,9,Cincinnati,"6'1""",230,10370000,0,10370000,1,0,88,89,82,77,80,24,6,6,6,64,50,15,23,13,7,50,37,65,41,45,45,45,45,70,62,68,72,83,85,78,81,59,66,49,26,19
Minnesota Vikes,Kyler Murray,QB,21,77,Superstar,1747,7,Oklahoma,"5'10""",207,1300000,0,1300000,1,0,93,90,89,59,53,90,88,82,79,50,21,11,17,15,13,69,73,86,25,13,13,12,12,10,10,10,14,29,34,12,17,17,23,10,19,15
Minnesota Vikes,Johnny Hekker,P,36,76,Normal,220,14,Oregon State,"6'5""",225,1300000,180000,1480000,1,0,74,67,60,55,63,67,63,53,43,39,43,15,15,15,15,40,15,10,15,29,16,25,15,22,10,10,17,35,25,21,20,15,15,10,92,84
Minnesota Vikes,Donovan Jackson,LG,23,76,Star,419,1,Ohio State,"6'4""",324,5140000,12010000,3890000,3,0,67,72,62,90,78,13,6,6,6,23,12,10,10,5,5,25,8,14,12,77,76,80,77,87,16,20,35,22,31,40,25,10,10,10,14,12
Minnesota Vikes,Ivan Pace Jr,WILL,25,76,Normal,392,3,Cincinnati,"5'11""",231,3520000,0,3520000,1,0,85,83,78,72,75,22,6,6,6,63,45,20,10,6,5,53,31,52,44,40,40,35,35,74,61,73,71,92,84,85,79,62,67,42,21,19
Minnesota Vikes,Domonique Orange,DT,22,75,Star,580,0,Iowa State,"6'2""",322,5420000,1520000,1260000,4,0,67,74,60,86,77,25,6,6,6,25,25,27,12,10,2,49,16,23,41,45,45,45,45,86,73,66,82,78,82,81,77,17,19,19,14,29
Minnesota Vikes,E.J. Speed,SAM,31,75,Normal,347,7,Tarleton State,"6'3""",224,2060000,0,2060000,1,0,89,87,82,74,73,24,6,6,6,66,64,40,41,32,27,66,52,70,26,45,45,45,45,76,53,61,72,85,84,87,74,57,63,37,18,16
Minnesota Vikes,Caleb Tiernan,LT,23,74,Star,714,0,Northwestern,"6'8""",323,5340000,1320000,1210000,4,0,65,72,54,87,78,18,6,6,6,26,15,15,15,5,5,23,17,10,23,79,77,80,80,83,34,35,33,32,28,42,22,12,16,10,10,12
Minnesota Vikes,Jamal Adams,WILL,30,73,Star,459,9,LSU,"6'1""",213,1080000,0,1080000,1,0,87,86,82,77,73,25,15,10,10,68,61,12,35,25,20,60,25,65,45,35,35,35,35,74,59,61,69,85,75,90,72,69,75,63,25,25
Minnesota Vikes,J.J. McCarthy,QB,23,73,Normal,584,2,Michigan,"6'3""",219,4010000,17820000,5950000,2,0,85,88,88,68,61,91,86,84,80,36,12,15,15,14,12,63,67,69,56,23,22,15,18,27,10,10,24,33,29,23,15,12,14,10,31,29
Minnesota Vikes,Tai Felton,WR,23,72,Normal,475,1,Maryland,"6'1""",183,5040000,1120000,1400000,3,0,93,93,84,59,62,22,24,15,22,84,79,75,74,71,79,71,73,82,52,37,19,26,24,35,23,25,28,30,49,24,36,33,46,25,18,27
Minnesota Vikes,Jay Ward,FS,26,72,Normal,348,3,LSU,"6'1""",188,3830000,650000,1300000,1,0,87,93,79,58,73,23,15,10,10,70,69,34,33,30,27,64,63,73,40,35,35,35,35,49,27,32,60,77,66,77,76,69,73,73,19,16
Minnesota Vikes,Zavier Scott,HB,27,71,Normal,371,2,Maine,"6'1""",219,1000000,0,1000000,1,0,89,92,84,74,69,30,20,17,12,72,60,60,67,62,59,87,76,82,67,35,30,55,30,34,19,25,28,33,31,30,14,16,23,25,17,15
Minnesota Vikes,Max Bredeson,FB,23,71,Normal,324,0,Michigan,"6'2""",252,4370000,480000,1000000,4,0,78,82,76,79,58,52,42,37,30,71,64,58,62,56,50,72,60,61,74,65,58,65,47,71,18,15,32,35,35,34,32,15,22,18,32,30
Minnesota Vikes,Blake Brandel,C,29,71,Normal,199,6,Oregon State,"6'7""",315,7050000,2430000,4160000,1,0,68,62,52,87,81,25,6,6,6,23,12,12,10,5,5,29,5,10,15,74,71,75,79,83,15,10,15,22,29,35,15,12,15,10,37,27
Minnesota Vikes,Charles Demmings,CB,23,70,Normal,509,0,Stephen F. Austin,"6'1""",193,4370000,440000,990000,4,0,92,92,82,59,64,24,6,6,6,64,62,41,47,42,37,59,55,74,35,35,35,35,35,42,34,37,47,70,56,54,66,71,65,69,15,13
Minnesota Vikes,Theo Jackson,FS,27,70,Normal,222,4,Tennessee,"6'1""",205,5870000,3410000,2470000,2,0,90,91,76,58,73,25,6,6,6,65,57,24,10,10,10,55,45,65,44,35,35,35,35,63,44,48,58,74,67,74,70,63,69,67,15,15
Minnesota Vikes,Bo Richter,REDG,26,70,Normal,500,2,Air Force,"6'1""",248,1070000,0,1070000,1,0,87,92,81,72,58,27,6,6,6,44,20,25,15,5,5,32,15,33,27,45,45,45,45,77,62,72,72,79,80,79,57,42,49,34,25,24
Minnesota Vikes,Dillon Bell,WR,22,69,Normal,497,0,Georgia,"6'1""",210,2830000,280000,890000,3,0,89,91,86,66,48,59,55,50,50,79,81,73,73,73,73,73,78,82,59,52,21,23,32,46,33,36,41,43,41,48,36,32,39,37,32,34
Minnesota Vikes,Carson Wentz,QB,33,68,Normal,400,10,North Dakota State,"6'5""",237,1540000,1300000,2840000,1,0,82,83,77,72,72,89,80,79,76,38,20,19,18,17,15,52,64,62,62,27,10,17,14,46,9,9,21,28,30,11,21,12,18,9,24,18
Minnesota Vikes,Chaz Chambliss,REDG,23,67,Normal,415,1,Georgia,"6'1""",242,2960000,10000,1000000,2,0,81,84,82,79,62,25,6,6,6,51,45,25,27,24,21,58,38,41,42,45,45,45,45,76,69,69,70,78,78,78,60,54,60,43,20,16
Minnesota Vikes,Dwight McGlothern,CB,24,67,Normal,367,2,Arkansas,"6'2""",185,2030000,0,1070000,1,0,90,92,75,59,64,33,30,25,18,62,64,24,20,18,16,55,66,75,44,22,22,20,20,47,35,41,36,60,55,48,86,62,68,60,25,21
Minnesota Vikes,Tyrion Ingram-Dawkins,LEDG,23,67,Normal,371,1,Georgia,"6'5""",290,4190000,450000,1110000,3,0,77,86,75,83,65,28,14,12,10,47,47,40,40,35,30,64,41,57,57,45,45,45,45,74,72,67,74,72,74,77,65,12,13,12,26,22
Minnesota Vikes,Myles Price,WR,24,66,Normal,445,1,Indiana,"5'9""",178,0,0,0,0,0,92,92,81,53,67,36,25,20,18,80,76,64,69,68,69,70,72,74,39,37,23,29,20,34,10,10,20,34,26,20,14,12,19,15,18,14
Minnesota Vikes,Gavin Bartholomew,TE,23,65,Normal,256,1,Pittsburgh,"6'5""",246,3840000,200000,1050000,3,0,82,87,82,70,67,39,26,24,19,76,76,63,63,56,53,71,65,64,64,59,53,58,59,65,39,35,43,46,36,32,26,27,33,14,27,26
Minnesota Vikes,Taki Taimani,DT,26,65,Normal,316,2,Oregon,"6'2""",325,0,0,0,0,0,62,66,52,80,69,17,6,6,6,24,15,10,12,7,4,32,25,10,36,45,45,45,45,87,65,52,76,75,76,79,69,10,11,12,13,12
Minnesota Vikes,Zemaiah Vaughn,CB,24,65,Normal,409,1,Utah,"6'3""",180,0,0,0,0,0,91,92,73,66,57,25,6,6,6,68,66,23,24,16,12,57,51,70,29,35,35,30,30,54,30,33,43,69,53,56,56,67,67,75,15,15
Minnesota Vikes,Trevor Nowaske,SAM,27,64,Normal,185,3,Saginaw Valley,"6'3""",235,1140000,0,1140000,1,0,88,89,86,74,59,24,19,16,12,62,53,12,18,9,5,48,34,48,47,35,35,35,35,67,62,53,64,80,74,86,58,50,55,45,22,21
Minnesota Vikes,Vershon Lee,LG,24,63,Normal,204,1,South Carolina,"6'4""",318,880000,0,880000,1,0,67,77,52,85,60,13,6,6,6,21,14,12,10,5,5,21,9,10,28,71,71,68,68,78,15,10,27,27,24,22,13,12,13,10,11,11
Minnesota Vikes,Delby Lemieux,RG,22,63,Normal,204,0,Dartmouth,"6'5""",305,3030000,80000,890000,3,0,72,79,67,85,60,15,6,6,6,36,15,12,11,5,5,29,17,10,37,73,69,73,71,74,33,27,34,29,38,42,26,12,15,10,12,15
Minnesota Vikes,Walter Rouse,RT,25,63,Normal,162,2,Oklahoma,"6'6""",330,4010000,210000,1120000,2,0,64,66,55,83,64,22,10,7,6,38,15,20,10,5,5,25,10,20,35,71,70,72,71,81,15,15,22,21,37,38,10,8,8,9,25,21
Minnesota Vikes,Baylon Spector,SAM,27,63,Normal,156,4,Clemson,"6'0""",233,1210000,0,1210000,1,0,85,91,84,67,63,43,38,33,27,54,52,20,29,13,7,60,53,57,47,45,45,45,45,71,44,47,60,81,73,75,67,55,63,39,19,19
Minnesota Vikes,Smith Vilbert,DT,25,63,Normal,271,0,North Carolina,"6'6""",282,0,0,0,0,0,69,79,60,79,62,19,6,6,6,34,27,12,15,7,7,32,19,29,40,45,45,45,45,81,65,57,72,74,77,79,61,16,18,18,15,17
Minnesota Vikes,Tyler Batty,LEDG,27,63,Normal,359,1,BYU,"6'6""",271,0,0,0,0,0,80,81,77,83,52,20,6,6,6,36,21,15,13,7,5,35,21,31,29,45,45,45,45,62,66,67,69,77,77,77,54,35,44,31,15,13
Minnesota Vikes,Gavin Gerhardt,C,24,62,Normal,181,0,Cincinnati,"6'4""",309,4370000,120000,910000,4,0,65,66,63,84,64,17,6,6,6,31,14,14,10,5,5,32,10,18,35,72,69,71,70,77,24,26,46,36,36,34,39,13,13,10,14,14
Minnesota Vikes,Elijah Williams,DT,23,62,Normal,256,1,Morgan State,"6'3""",298,0,0,0,0,0,65,72,71,84,58,20,6,6,6,37,20,15,15,7,5,35,15,15,25,45,45,45,45,87,67,59,71,71,77,76,56,18,22,15,16,13
Minnesota Vikes,Marcus Allen,CB,22,62,Normal,331,0,North Carolina,"6'1""",197,0,0,0,0,0,89,88,83,57,61,26,6,6,6,68,64,39,20,17,14,60,39,73,39,35,35,35,35,51,33,34,45,69,52,57,60,63,65,62,19,16
Minnesota Vikes,Benjamin Yurosek,TE,24,62,Normal,266,1,Georgia,"6'4""",251,0,0,0,0,0,84,91,78,72,55,25,15,10,6,76,74,66,64,58,54,68,62,62,67,56,52,58,59,61,12,12,31,35,37,35,20,14,16,15,17,14
Minnesota Vikes,Joe Huber,RG,24,62,Normal,228,1,Wisconsin,"6'5""",310,0,0,0,0,0,66,70,61,86,55,14,6,6,6,22,14,12,14,5,5,23,9,10,30,68,68,69,70,79,17,10,25,24,27,28,13,11,12,10,11,12
Minnesota Vikes,Bangally Kamara,WILL,24,61,Normal,227,0,Kansas,"6'2""",235,0,0,0,0,0,83,87,79,69,58,24,6,6,6,60,46,18,15,5,5,56,34,50,44,45,45,45,45,69,59,54,66,79,70,81,54,60,65,45,19,22
Minnesota Vikes,Bryson Nesbit,TE,23,60,Normal,240,1,North Carolina,"6'5""",228,0,0,0,0,0,76,82,74,71,60,23,15,10,6,77,77,62,63,57,52,72,62,63,65,58,55,59,58,61,12,13,32,35,36,33,26,16,18,15,17,15
Minnesota Vikes,Max Brosmer,QB,25,59,Normal,472,1,Minnesota,"6'2""",218,0,0,0,0,0,79,80,77,70,51,87,77,80,70,31,16,25,18,15,13,55,67,63,49,20,22,39,27,28,34,33,36,42,32,29,33,18,14,15,25,33
Chicago Bears,Joe Thuney,RG,21,96,Superstar,1161,10,N.C. State,"6'5""",301,109000000,82000000,21500000,8,0,72,75,67,90,99,25,6,6,6,26,15,15,15,5,5,33,8,14,31,87,83,95,94,91,10,10,33,35,29,48,10,12,12,10,11,11
Chicago Bears,Caleb Williams,QB,24,92,X-Factor,2988,2,USC,"6'1""",226,4010000,35460000,10760000,2,0,91,93,90,65,87,97,88,88,91,41,15,15,15,15,15,61,69,76,54,17,24,12,25,20,10,10,23,31,23,19,27,13,18,10,20,23
Chicago Bears,Jaylon Johnson,CB,27,91,Superstar,1154,6,Utah,"6'0""",195,92900000,48400000,24500000,6,0,93,90,85,67,97,27,6,6,6,74,65,31,26,16,11,60,60,74,40,41,35,35,35,57,27,35,51,74,55,65,97,90,95,89,15,14
Chicago Bears,Devin Bush,MIKE,21,87,X-Factor,1176,7,Michigan,"5'11""",234,17500000,12480000,5660000,3,0,87,90,83,74,94,14,6,6,6,66,57,14,13,5,5,59,19,41,33,45,45,45,45,73,55,62,75,87,89,88,92,76,76,51,12,13
Chicago Bears,D'Andre Swift,HB,27,87,Star,704,6,Georgia,"5'8""",204,17670000,6290000,8800000,1,0,90,90,89,68,92,38,30,25,15,71,59,59,73,66,61,94,83,87,75,32,23,56,32,41,22,16,28,36,31,30,17,16,13,16,18,12
Chicago Bears,Darnell Wright,RT,25,87,Superstar,884,3,Tennessee,"6'6""",325,22900000,17120000,6660000,2,0,72,75,56,96,93,11,5,5,5,38,36,15,21,15,11,35,27,23,32,91,87,88,86,94,57,45,52,51,48,59,45,10,15,10,16,14
Chicago Bears,Colston Loveland,TE,22,85,Star,831,1,Michigan,"6'6""",241,4190000,22420000,6040000,3,0,88,90,82,78,85,23,15,27,10,94,86,77,76,72,70,72,71,63,71,61,59,58,57,68,35,41,36,41,38,43,36,35,36,21,23,31
Chicago Bears,Montez Sweat,LEDG,21,85,Star,926,7,Mississippi State,"6'6""",270,82230000,22800000,25080000,2,0,87,90,81,80,77,22,6,6,6,57,43,39,40,36,33,56,31,50,51,45,45,45,45,84,82,89,86,86,89,85,77,33,44,19,14,16
Chicago Bears,Rome Odunze,WR,24,83,Star,880,2,Washington,"6'3""",214,4010000,18700000,6190000,2,0,93,94,87,65,88,24,17,14,10,84,86,79,87,83,83,73,78,84,47,47,27,28,22,45,10,10,27,33,30,24,14,11,17,21,18,17
Chicago Bears,Kyler Gordon,CB,26,83,Star,1137,4,Washington,"5'11""",200,3520000,0,880000,1,0,88,91,92,66,91,23,20,15,12,71,69,39,42,37,34,58,55,75,35,35,35,35,35,50,38,47,48,78,67,66,93,78,82,75,17,20
Chicago Bears,Grady Jarrett,DT,33,81,Normal,370,11,Clemson,"6'0""",294,28250000,14420000,18920000,2,0,71,75,67,89,85,26,6,6,6,30,15,15,15,7,3,40,10,10,20,45,45,45,45,90,76,67,82,83,86,86,83,25,29,15,25,25
Chicago Bears,T.J. Edwards,WILL,30,81,Star,479,7,Wisconsin,"6'0""",228,17900000,9090000,10830000,2,0,85,84,80,72,84,42,39,36,32,72,48,12,15,5,5,65,31,30,47,45,45,45,45,86,62,57,74,92,89,81,84,65,71,44,20,20
Chicago Bears,Gervon Dexter Sr,DT,24,81,Star,764,3,Florida,"6'6""",326,28960000,9240000,2130000,5,0,76,80,67,85,85,14,6,6,6,52,46,14,13,8,5,45,24,24,44,45,45,40,40,89,85,71,82,83,89,82,82,10,12,14,12,9
Chicago Bears,Luther Burden III,WR,22,80,Star,916,1,Missouri,"6'0""",210,6330000,4600000,2480000,3,0,92,92,93,69,78,11,12,10,10,88,82,76,78,78,77,76,78,84,62,48,29,27,28,44,23,25,24,39,35,32,35,30,41,25,25,30
Chicago Bears,Cairo Santos,K,34,79,Normal,261,12,Tulane,"5'8""",173,15900000,4700000,3760000,2,0,72,73,66,33,67,26,33,15,15,25,15,15,15,15,15,35,15,10,10,17,16,17,17,16,10,10,26,42,22,25,29,20,14,10,94,86
Chicago Bears,Dillon Thieneman,SS,22,79,Superstar,723,0,Oregon,"6'0""",201,10020000,9760000,3570000,4,0,92,93,88,64,79,21,6,6,6,68,60,35,44,41,34,63,61,67,60,35,35,35,35,59,40,45,53,77,73,79,77,76,74,67,22,24
Chicago Bears,Kyle Monangai,HB,24,78,Normal,674,1,Rutgers,"5'8""",207,4190000,120000,1030000,3,0,86,88,81,77,78,24,10,27,21,68,46,46,53,46,37,96,83,82,92,43,32,49,44,41,28,30,33,38,36,35,26,22,24,21,30,22
Chicago Bears,Cole Kmet,TE,27,78,Star,481,6,Notre Dame,"6'6""",257,34940000,18800000,7770000,2,0,85,84,73,76,78,49,39,37,34,88,84,73,71,69,64,73,60,61,75,63,61,61,61,69,42,51,56,58,48,48,38,27,33,27,24,15
Chicago Bears,Jonah Jackson,LG,29,78,Normal,314,6,Ohio State,"6'3""",319,20500000,30760000,12750000,2,0,68,64,56,86,90,11,6,6,6,29,15,15,15,5,5,31,5,10,25,81,79,78,80,85,35,22,29,30,37,20,31,12,13,10,14,12
Chicago Bears,Coby Bryant,FS,27,78,Normal,371,4,Cincinnati,"6'1""",193,25500000,14460000,5960000,3,0,90,90,83,63,80,27,6,6,6,75,70,19,24,16,12,62,49,74,29,15,33,10,33,43,20,25,52,77,67,63,82,70,81,79,21,19
Chicago Bears,Shemar Turner,REDG,23,77,Superstar,970,1,Texas A&M,"6'3""",290,5160000,2020000,1630000,3,0,80,85,72,88,77,27,15,10,8,29,24,12,15,13,10,41,29,30,39,45,45,45,45,76,85,67,77,78,76,82,76,15,20,20,27,19
Chicago Bears,Garrett Bradbury,C,31,76,Normal,293,7,N.C. State,"6'3""",300,3700000,1000000,4700000,1,0,76,80,68,90,81,30,6,6,6,56,40,41,29,21,14,46,38,22,49,78,76,78,78,79,43,34,42,41,44,42,30,12,15,10,21,20
Chicago Bears,Tyrique Stevenson,CB,26,76,Star,536,3,Miami,"6'0""",212,6640000,1830000,4080000,1,0,91,95,82,60,70,26,6,6,6,72,62,23,20,15,10,58,49,67,39,35,35,35,35,52,35,40,52,77,68,78,72,76,79,81,24,22
Chicago Bears,Beanie Bishop Jr,FS,26,75,Normal,502,2,West Virginia,"5'9""",182,1080000,0,1080000,1,0,92,94,84,68,70,35,6,6,6,76,72,19,22,19,17,63,54,65,25,35,24,30,20,49,29,35,51,76,69,58,68,75,71,73,14,13
Chicago Bears,Austin Booker,LEDG,23,74,Normal,662,2,Kansas,"6'5""",245,3810000,330000,1150000,2,0,79,83,74,76,78,25,6,6,6,34,30,24,17,10,6,34,29,46,36,45,45,45,45,80,69,79,77,82,82,75,76,38,45,36,21,22
Chicago Bears,Ozzy Trapilo,C,24,74,Normal,364,1,Boston College,"6'8""",312,5460000,2240000,1750000,3,0,65,74,61,87,77,14,6,6,6,24,20,21,15,5,5,34,6,15,29,78,77,81,77,83,29,23,28,26,21,24,22,14,16,10,22,27
Chicago Bears,Zavion Thomas,WR,22,74,Normal,608,0,LSU,"5'10""",192,5200000,1580000,1230000,4,0,96,93,91,63,58,30,20,15,10,84,79,82,71,74,73,73,78,84,49,50,30,32,31,41,16,17,23,24,23,24,23,21,22,24,29,26
Chicago Bears,Jedrick Wills Jr,LT,27,74,Normal,598,6,Alabama,"6'4""",307,1210000,0,1210000,1,0,72,68,66,92,85,21,6,6,6,33,22,18,23,13,7,27,8,18,27,71,70,79,83,86,10,10,28,27,29,25,26,11,17,12,19,28
Chicago Bears,Cam Lewis,SS,29,74,Normal,294,6,Buffalo,"5'9""",183,3500000,2500000,2250000,2,0,90,90,89,51,80,35,6,6,6,60,58,30,22,12,10,60,52,73,19,35,35,35,35,50,32,35,52,75,59,60,78,72,75,68,14,13
Chicago Bears,Braxton Jones,C,27,74,Normal,278,4,Southern Utah,"6'5""",303,2000000,2340000,4340000,1,0,73,80,64,88,82,22,6,6,6,26,23,13,16,12,10,35,15,10,25,73,76,78,76,86,44,40,46,48,40,35,34,10,12,10,30,26
Chicago Bears,Marcus Davenport,REDG,29,74,Normal,437,8,UTSA,"6'6""",285,3000000,0,3500000,1,0,83,85,75,82,76,23,6,6,6,24,15,12,10,8,5,31,30,36,28,45,45,45,45,83,76,67,78,82,79,78,73,34,42,26,18,16
Chicago Bears,Malik Muhammad,CB,21,73,Normal,593,0,Texas,"6'0""",182,4370000,1080000,1150000,4,0,92,93,85,58,69,27,6,6,6,64,62,42,42,38,35,60,51,70,35,35,35,35,35,46,32,34,46,73,62,61,74,73,70,70,19,17
Chicago Bears,Tory Taylor,P,29,73,Normal,205,2,Iowa,"6'4""",225,4010000,730000,1250000,2,0,81,83,65,61,59,41,28,25,22,45,12,12,10,10,10,51,10,25,25,25,15,20,15,21,10,10,28,44,39,49,15,10,13,15,95,77
Chicago Bears,Logan Jones,C,24,72,Normal,316,0,Iowa,"6'3""",299,5060000,3400000,1550000,4,0,66,68,72,83,78,18,6,6,6,37,14,15,10,5,5,29,10,18,36,78,73,78,76,81,39,34,49,45,42,32,40,15,14,10,15,15
Chicago Bears,D'Marco Jackson,WILL,28,72,Normal,273,4,Appalachian State,"6'1""",233,4420000,3050000,3040000,2,0,87,92,77,69,68,25,6,6,6,62,44,27,27,23,17,53,51,55,54,45,45,45,45,85,58,52,68,83,83,78,73,61,67,41,14,15
Chicago Bears,Neville Gallimore,DT,29,71,Normal,224,6,Oklahoma,"6'2""",302,5370000,4620000,4000000,2,0,79,81,71,80,74,29,6,6,6,34,25,17,15,7,5,38,12,29,27,45,45,45,45,84,71,77,73,77,84,78,71,16,24,15,20,15
Chicago Bears,Jawhar Jordan,HB,27,71,Normal,450,2,Louisville,"5'10""",185,0,0,0,0,0,88,90,85,63,72,24,20,15,10,65,48,45,56,49,39,90,76,79,68,28,18,50,25,30,10,10,27,34,31,23,13,10,16,14,16,10
Chicago Bears,Scott Miller,WR,29,70,Normal,378,7,Bowling Green State,"5'9""",174,1070000,0,1070000,1,0,93,91,84,54,64,35,35,30,18,84,81,67,72,71,74,72,66,76,30,43,12,26,10,36,10,10,24,36,27,18,24,19,26,18,17,13
Chicago Bears,Terell Smith,CB,27,70,Normal,384,3,Minnesota,"6'0""",204,3830000,250000,1200000,1,0,92,95,83,63,64,26,6,6,6,65,63,25,33,26,16,56,67,70,48,35,35,35,35,58,35,45,56,74,64,79,68,65,70,77,19,11
Chicago Bears,Kevin King,SS,31,70,Normal,171,8,Washington,"6'3""",200,2000000,0,2500000,1,0,89,92,90,69,65,35,15,10,6,69,76,40,37,27,20,65,49,74,34,32,32,30,25,55,23,31,59,73,60,48,62,71,67,74,20,22
Chicago Bears,Jahdae Walker,WR,24,69,Normal,462,1,Texas A&M,"6'3""",206,2960000,10000,1000000,2,0,91,91,92,60,62,28,20,15,10,77,78,65,71,72,73,73,74,77,46,35,25,26,19,36,10,10,26,39,30,29,17,14,19,18,19,15
Chicago Bears,Keyshaun Elliott,WILL,22,69,Normal,354,0,Arizona State,"6'2""",233,4370000,440000,990000,4,0,86,86,83,73,67,14,6,6,6,60,64,34,43,38,33,68,37,52,45,41,68,55,46,76,50,56,68,81,81,79,69,55,64,48,18,14
Chicago Bears,Jordan van den Berg,DT,24,68,Normal,341,0,Georgia Tech,"6'3""",310,4370000,200000,930000,4,0,74,84,65,89,63,25,6,6,6,30,26,24,16,13,2,47,13,26,40,45,45,45,45,83,69,61,72,73,77,78,61,29,26,25,15,24
Chicago Bears,Ruben Hyppolite II,SAM,24,68,Normal,268,1,Maryland,"6'0""",236,4190000,850000,1210000,3,0,88,91,84,68,71,24,6,6,6,61,58,29,32,27,24,60,41,54,43,45,45,45,45,72,57,58,66,80,80,79,68,58,64,47,23,19
Chicago Bears,Salvon Ahmed,HB,27,68,Normal,268,6,Washington,"5'11""",197,1080000,0,1080000,1,0,90,90,83,62,68,30,25,20,15,65,44,46,56,53,50,86,77,81,61,30,19,54,35,36,10,12,30,41,31,20,30,31,27,22,16,10
Chicago Bears,Tony Fields II,MIKE,27,68,Normal,286,5,West Virginia,"6'0""",222,1080000,0,1080000,1,0,85,90,77,64,75,25,6,6,6,66,52,41,35,32,31,59,31,45,36,45,44,45,44,75,44,60,62,84,79,84,77,60,62,40,19,19
Chicago Bears,Jelani Woods,TE,27,68,Normal,248,4,Virginia,"6'7""",253,1500000,0,1500000,1,0,85,87,83,78,52,79,67,61,62,79,83,63,64,62,61,72,66,71,70,64,61,61,59,62,15,20,35,40,38,37,15,12,20,35,15,14
Chicago Bears,Daniel Hardy,LEDG,27,67,Normal,251,4,Montana State,"6'3""",255,2720000,2270000,2130000,2,0,82,90,88,71,61,23,6,6,6,33,25,15,15,10,5,38,29,37,35,45,45,45,45,74,61,64,65,75,81,84,59,25,36,32,17,15
Chicago Bears,Theo Benedet,RT,24,67,Normal,343,2,Univ. British Columbia,"6'7""",304,0,0,0,0,0,68,73,61,83,70,11,6,6,6,22,15,12,17,5,5,25,9,10,21,76,76,70,70,79,15,10,25,25,25,25,14,12,12,10,21,11
Chicago Bears,Marcus Harris,DT,25,67,Normal,378,2,Auburn,"6'2""",295,0,0,0,0,0,67,70,59,83,65,19,6,6,6,36,20,24,15,7,3,40,19,24,41,45,45,45,45,86,72,67,75,78,81,83,64,22,31,18,25,21
Chicago Bears,Jordan McFadden,LG,26,66,Normal,197,3,Clemson,"6'2""",303,1140000,100000,1240000,1,0,73,76,61,82,73,11,5,5,5,26,14,12,13,7,5,38,8,11,20,65,62,73,71,75,12,13,15,22,35,22,19,10,11,10,12,13
Chicago Bears,Luke Newman,RG,24,66,Normal,316,1,Michigan State,"6'3""",308,0,0,0,0,0,70,74,61,87,69,13,6,6,6,23,11,11,10,5,5,23,14,11,29,71,70,69,68,79,39,26,35,32,30,36,25,13,15,10,16,14
Chicago Bears,Jacoby Jones,WR,25,66,Normal,438,1,UCF,"6'3""",228,0,0,0,0,0,86,91,82,64,66,30,22,16,10,80,79,68,73,72,70,72,70,72,55,41,21,28,23,43,10,10,26,31,22,23,23,18,24,22,18,19
Chicago Bears,Beau Gardner,LS,24,65,Normal,136,0,Georgia,"6'5""",249,3090000,0,880000,3,0,70,72,75,68,56,23,10,10,10,57,43,24,36,33,30,55,22,55,46,45,45,46,49,74,34,36,41,56,48,57,48,54,56,36,12,13
Chicago Bears,Sam Roush,TE,22,65,Normal,202,0,Stanford,"6'5""",267,4770000,2560000,1340000,4,0,82,89,81,80,65,26,22,18,15,75,72,61,60,53,49,71,60,65,64,62,62,60,61,67,51,47,51,51,51,50,42,23,30,23,36,33
Chicago Bears,Josh Blackwell,CB,27,65,Normal,193,4,Duke,"5'11""",179,3450000,1520000,2600000,1,0,94,92,91,53,56,24,22,20,16,59,52,35,34,30,24,55,55,72,30,35,35,35,35,37,26,32,38,69,47,54,52,65,62,71,13,12
Chicago Bears,Brandon Hill,FS,25,65,Normal,165,3,Pittsburgh,"5'11""",195,3000000,1000000,1720000,2,0,91,95,87,55,60,26,6,6,6,60,55,25,34,31,27,54,57,74,41,30,30,25,25,48,26,37,53,63,67,87,57,62,66,69,23,19
Chicago Bears,Ale Kaho,MIKE,26,65,Normal,300,1,UCLA,"6'2""",230,0,0,0,0,0,86,89,82,66,62,22,6,6,6,52,45,24,23,22,21,56,41,49,45,45,44,45,45,70,49,50,63,80,81,78,60,57,66,46,18,16
Chicago Bears,Case Keenum,QB,38,64,Normal,305,14,Houston,"6'1""",220,2950000,2550000,2200000,2,0,76,71,72,54,65,85,82,79,75,33,10,15,10,10,10,62,54,53,36,17,10,21,27,25,10,10,22,24,14,12,22,10,12,10,22,24
Chicago Bears,Dean Clark,FS,25,64,Normal,286,1,Fresno State,"6'1""",206,0,0,0,0,0,89,90,81,65,58,24,6,6,6,69,62,37,35,34,33,61,51,67,45,35,35,35,35,57,32,36,46,73,63,74,56,64,68,61,19,17
Chicago Bears,Alijah Huzzie,CB,25,64,Normal,372,1,North Carolina,"5'10""",195,0,0,0,0,0,93,94,67,64,65,15,12,22,8,46,25,30,22,23,23,52,32,48,32,46,51,51,41,44,31,23,43,61,43,46,60,68,73,60,35,33
Chicago Bears,Zion Childress,SS,24,63,Normal,267,1,Kentucky,"5'11""",203,0,0,0,0,0,88,91,81,57,60,35,26,20,16,62,62,24,27,19,17,56,49,70,30,35,35,30,30,48,27,33,43,72,55,57,58,70,69,68,14,13
Chicago Bears,Tysheem Johnson,FS,23,63,Normal,271,1,Oregon,"5'10""",195,0,0,0,0,0,86,92,85,59,60,24,6,6,6,64,61,22,28,24,20,61,53,61,30,35,35,35,35,57,31,35,48,72,64,74,57,62,66,62,15,16
Chicago Bears,Jailin Walker,MIKE,23,63,Normal,263,1,Indiana,"6'1""",218,0,0,0,0,0,92,93,73,71,61,21,6,6,6,54,50,23,25,22,19,57,36,47,47,45,45,45,45,69,48,50,61,80,79,81,59,56,61,47,19,19
Chicago Bears,Kyle Hergel,RG,26,62,Normal,223,2,Boston College,"6'3""",315,0,0,0,0,0,59,69,57,88,66,22,10,6,5,26,14,15,13,5,5,27,7,11,22,65,63,69,71,81,10,10,28,29,34,33,25,12,11,8,13,14
Atlanta Falcons,Matthew Stafford,QB,21,99,X-Factor,5126,17,Georgia,"6'3""",214,3210000,0,1070000,1,0,77,73,70,66,99,95,99,99,94,26,15,15,15,14,12,62,52,55,47,22,17,25,24,27,10,10,26,29,28,12,17,10,22,10,28,25
Atlanta Falcons,Bijan Robinson,HB,24,97,X-Factor,1680,3,Texas,"5'11""",215,111360000,42540000,6980000,10,0,93,92,92,81,91,37,36,31,23,75,61,66,72,66,61,93,93,97,84,46,40,51,46,51,10,10,32,37,36,34,22,13,15,18,23,19
Atlanta Falcons,Jessie Bates III,FS,21,95,X-Factor,1445,8,Wake Forest,"6'1""",210,125620000,64220000,24770000,10,0,90,90,87,59,96,25,10,10,10,83,70,13,20,15,10,69,48,78,41,35,35,35,35,61,25,37,56,96,82,85,96,85,95,66,18,12
Atlanta Falcons,Zack Baun,WILL,21,93,Superstar,1545,6,Wisconsin,"6'2""",225,19220000,29020000,1210000,7,0,89,87,83,80,94,47,46,40,33,66,54,18,30,22,16,61,46,68,34,45,44,45,43,87,72,79,77,94,93,86,94,76,87,56,21,19
Atlanta Falcons,Drake London,WR,25,92,Superstar,1486,4,USC,"6'4""",213,65250000,38630000,7990000,5,0,92,92,88,77,94,25,20,15,10,97,96,96,86,85,83,73,83,82,76,47,24,33,25,48,10,10,23,29,42,25,15,11,18,14,14,17
Atlanta Falcons,Jake Matthews,LT,21,89,Star,1111,12,Texas A&M,"6'5""",309,41000000,47550000,16770000,3,0,70,71,67,86,93,25,6,6,6,40,25,35,28,18,10,45,23,10,37,78,76,91,93,85,35,30,40,50,45,40,30,12,15,10,22,20
Atlanta Falcons,Nick Folk,K,41,85,Normal,341,18,Arizona,"6'1""",222,4980000,4020000,3260000,2,0,66,64,54,59,68,55,35,30,25,40,12,12,10,10,10,50,15,25,10,15,21,15,16,20,15,20,25,35,25,12,25,15,20,10,94,98
Atlanta Falcons,Kyle Pitts Sr,TE,25,82,Superstar,847,5,Florida,"6'6""",246,3860000,28430000,4620000,3,0,90,92,80,71,81,48,29,32,23,85,88,77,75,74,66,80,64,74,71,56,53,60,56,63,18,32,39,39,41,36,21,16,23,17,18,14
Atlanta Falcons,Ryan Neuzil,C,29,82,Normal,475,5,Appalachian State,"6'3""",301,8820000,7070000,6220000,2,0,69,71,69,85,91,21,7,6,5,50,48,51,46,44,39,57,45,41,47,89,87,81,78,76,10,10,22,29,22,35,25,6,10,10,57,52
Atlanta Falcons,Jalon Walker,LEDG,22,81,Superstar,1053,1,Georgia,"6'1""",243,4190000,16340000,4660000,3,0,86,92,85,80,73,21,18,18,18,51,40,36,39,33,28,49,30,51,29,45,45,45,45,70,71,84,79,84,85,78,73,36,48,36,27,25
Atlanta Falcons,Divine Deablo,MIKE,28,81,Normal,465,5,Virginia Tech,"6'3""",226,21120000,12360000,8920000,4,0,88,86,83,69,83,23,6,6,6,73,69,56,52,48,45,62,56,70,48,35,35,35,35,68,45,48,67,87,87,89,81,72,78,72,14,11
Atlanta Falcons,James Pearce Jr,REDG,22,80,Star,889,1,Tennessee,"6'5""",245,5580000,11170000,3800000,3,0,90,92,76,76,85,31,20,13,12,53,33,14,15,10,5,48,31,40,35,40,40,40,40,66,72,83,73,81,76,74,77,40,50,31,24,21
Atlanta Falcons,Xavier Watts,SS,24,80,Star,771,1,Notre Dame,"6'0""",205,5040000,1120000,1400000,3,0,86,88,82,62,81,31,25,21,17,76,66,36,40,35,30,65,59,71,52,35,35,35,35,57,36,33,55,81,77,78,80,72,83,67,20,17
Atlanta Falcons,Avieon Terrell,CB,21,79,Superstar,1069,0,Clemson,"5'11""",184,6340000,3920000,1860000,4,0,92,91,92,61,78,25,6,6,6,72,63,43,52,47,42,64,56,72,32,35,35,35,35,48,34,38,51,74,71,67,78,78,74,73,18,16
Atlanta Falcons,Brian Robinson Jr,HB,27,78,Normal,455,4,Alabama,"6'1""",228,1210000,1280000,2490000,1,0,87,90,79,81,75,29,29,20,18,65,44,47,52,45,37,94,85,83,86,38,25,54,40,43,11,12,38,45,39,39,15,12,17,13,19,17
Atlanta Falcons,Matthew Bergeron,LG,26,78,Star,456,3,Syracuse,"6'5""",315,11960000,11390000,4800000,3,0,63,75,71,89,78,23,6,6,6,31,12,19,25,14,10,28,9,17,29,83,78,78,79,86,20,15,25,21,30,35,13,10,9,10,33,31
Atlanta Falcons,Jake Bailey,P,29,77,Normal,241,7,Stanford,"6'2""",212,6230000,2760000,2220000,3,0,81,83,65,43,66,44,26,23,17,39,15,15,15,15,15,40,10,16,12,7,10,9,10,10,10,10,23,24,29,12,26,10,27,10,91,86
Atlanta Falcons,Samson Ebukam,LEDG,31,76,Normal,512,9,Eastern Washington,"6'3""",240,1300000,1330000,2630000,1,0,83,87,78,83,73,25,6,6,6,52,43,17,23,13,7,41,26,57,52,45,45,45,45,84,67,78,80,82,82,83,70,48,61,36,20,20
Atlanta Falcons,Zachariah Branch,WR,22,76,Star,799,0,Georgia,"5'9""",177,5290000,1710000,1270000,4,0,95,95,93,64,55,34,27,23,18,86,83,70,73,76,80,75,77,84,39,45,24,28,27,34,15,18,20,23,22,24,26,22,24,20,28,27
Atlanta Falcons,Tua Tagovailoa,QB,28,76,Normal,1189,6,Alabama,"6'1""",220,1210000,0,1210000,1,0,82,83,78,61,72,87,90,85,85,32,20,16,19,15,11,68,70,70,54,22,20,16,13,27,10,10,23,32,28,25,18,11,17,10,21,14
Atlanta Falcons,Clark Phillips III,CB,24,76,Normal,511,3,Utah,"5'10""",183,15550000,5130000,3860000,5,0,89,94,89,60,75,23,15,12,10,76,67,28,29,24,21,57,65,75,30,35,35,35,35,41,31,39,41,70,55,58,78,80,75,63,13,11
Atlanta Falcons,Mike Hughes,CB,29,75,Normal,330,8,UCF,"5'10""",189,10960000,6750000,5460000,2,0,88,89,90,66,77,23,6,6,6,76,74,24,35,30,26,72,63,81,44,35,35,35,35,57,23,31,47,72,64,69,77,73,78,82,22,24
Atlanta Falcons,Austin Hooper,TE,31,75,Normal,352,10,Stanford,"6'4""",254,1490000,1730000,3220000,1,0,84,83,79,73,80,26,15,10,6,87,82,70,65,61,56,75,64,69,70,62,58,59,59,68,17,17,29,31,34,27,22,14,21,17,21,19
Atlanta Falcons,Jawaan Taylor,RT,28,75,Normal,300,7,Florida,"6'5""",312,2720000,1900000,4620000,1,0,66,59,63,87,82,19,6,6,6,35,12,12,10,5,5,30,6,10,34,70,73,81,83,86,10,10,36,27,38,43,10,12,12,10,22,20
Atlanta Falcons,Brandon Dorlus,DT,25,74,Normal,449,2,Oregon,"6'3""",295,4010000,810000,1270000,2,0,77,82,70,84,73,22,6,6,6,35,20,17,13,6,3,26,12,29,38,44,44,44,45,87,77,72,79,78,82,81,71,22,29,23,21,19
Atlanta Falcons,Azeez Ojulari,LEDG,26,74,Normal,584,5,Georgia,"6'3""",240,1210000,180000,1390000,1,0,85,89,79,77,73,23,6,6,6,50,48,31,29,24,19,53,33,46,33,45,45,45,45,87,68,75,79,82,78,81,76,43,51,32,14,12
Atlanta Falcons,Zach Harrison,DT,25,74,Normal,400,3,Ohio State,"6'6""",272,4500000,1050000,1760000,1,0,83,87,73,81,75,23,20,14,13,46,49,32,29,26,24,35,34,44,45,45,45,40,40,85,79,71,77,77,82,85,71,35,44,44,15,12
Atlanta Falcons,Layden Robinson,LG,25,73,Normal,444,2,Texas A&M,"6'4""",315,1000000,0,1000000,1,0,72,72,60,88,80,21,8,5,5,40,30,15,22,21,11,40,31,25,33,76,75,69,75,84,10,10,16,24,36,39,26,11,11,10,11,10
Atlanta Falcons,Billy Bowman Jr,CB,23,73,Normal,547,1,Oklahoma,"5'10""",192,4050000,970000,1240000,3,0,92,92,89,61,70,24,6,6,6,70,62,34,36,31,27,62,54,64,46,35,35,35,35,58,38,38,52,78,63,75,67,71,76,66,19,15
Atlanta Falcons,Olamide Zaccheaus,WR,29,73,Normal,356,7,Virginia,"5'8""",193,2990000,1490000,2040000,2,0,90,88,84,54,77,31,19,12,7,84,80,72,77,76,76,72,75,82,35,45,23,35,19,44,15,23,35,39,35,25,30,15,23,10,13,15
Atlanta Falcons,Jahan Dotson,WR,26,73,Normal,327,4,Penn State,"5'11""",182,9000000,6000000,5000000,2,0,92,93,84,61,76,48,44,34,30,83,83,70,72,74,75,74,72,82,35,38,15,27,13,40,10,10,21,36,25,21,27,20,28,19,18,15
Atlanta Falcons,Christian Harris,WILL,25,73,Normal,316,4,Alabama,"6'1""",232,1480000,1170000,2650000,1,0,89,93,84,69,73,25,6,6,6,69,62,37,35,31,29,55,37,57,45,45,45,45,45,81,55,62,67,84,78,86,73,66,67,58,22,24
Atlanta Falcons,Bralen Trice,REDG,25,72,Normal,464,2,Washington,"6'4""",274,4460000,1130000,1610000,2,0,82,85,77,76,70,27,6,6,6,28,30,23,15,8,4,30,16,26,35,45,45,45,45,80,73,77,74,80,79,76,71,43,49,24,22,19
Atlanta Falcons,Sydney Brown,SS,26,72,Normal,307,3,Illinois,"5'10""",211,4410000,1320000,1820000,1,0,90,95,83,69,71,42,34,28,24,76,69,35,37,33,24,65,63,72,44,35,35,25,25,51,39,48,58,75,64,85,69,71,66,71,32,31
Atlanta Falcons,Maason Smith,DT,23,71,Normal,277,2,LSU,"6'6""",310,5140000,2850000,2840000,2,0,72,75,64,83,65,28,6,6,6,39,15,20,10,3,2,46,14,35,54,45,45,45,45,84,72,71,79,79,87,81,63,24,47,19,30,20
Atlanta Falcons,Kendal Daniels,WILL,23,71,Normal,394,0,Oklahoma,"6'5""",242,4370000,760000,1070000,4,0,86,88,81,70,71,26,6,6,6,65,65,37,43,38,33,57,39,50,43,48,71,68,44,64,54,54,66,83,81,79,72,60,71,43,18,19
Atlanta Falcons,Cam Sample,REDG,26,71,Normal,532,5,Tulane,"6'3""",272,1080000,0,1080000,1,0,77,80,69,78,70,27,6,6,6,35,24,13,14,6,3,36,15,35,25,45,45,45,45,83,75,67,76,82,84,80,73,38,47,36,30,30
Atlanta Falcons,JD Bertrand,SAM,26,70,Normal,326,2,Notre Dame,"6'1""",235,4010000,330000,1150000,2,0,83,87,75,70,70,25,9,7,6,53,46,25,18,8,6,56,27,54,56,45,45,40,35,78,65,54,75,82,78,81,71,60,64,62,25,24
Atlanta Falcons,Wanya Morris,LT,25,70,Normal,365,3,Oklahoma,"6'5""",307,4350000,1040000,1700000,1,0,69,70,63,83,74,21,7,7,7,23,15,15,16,7,5,20,11,15,28,77,73,72,74,77,10,10,33,36,30,29,10,12,12,13,12,10
Atlanta Falcons,DeMarcco Hellams,FS,26,70,Normal,317,3,Alabama,"6'1""",203,3410000,90000,1160000,1,0,87,92,76,70,69,38,35,31,25,71,71,52,55,49,47,68,67,73,52,35,35,35,35,64,45,49,63,76,75,84,69,67,66,71,25,15
Atlanta Falcons,Tyler Goodson,HB,25,69,Normal,314,4,Iowa,"5'9""",197,1140000,0,1140000,1,0,91,92,87,57,66,30,25,20,15,67,58,43,62,54,45,81,73,83,50,27,17,42,24,35,10,10,20,37,24,22,20,18,20,20,25,21
Atlanta Falcons,Johnny Wilson,WR,25,69,Normal,439,2,Florida State,"6'7""",231,2290000,0,1050000,2,0,88,90,82,70,71,27,15,10,6,79,82,74,71,71,72,72,76,77,63,46,35,46,30,50,10,10,29,30,31,32,13,15,18,20,19,15
Atlanta Falcons,Matthew Hayball,P,29,69,Normal,217,2,Vanderbilt,"6'0""",189,0,0,0,0,0,74,72,63,51,53,39,37,32,26,38,14,12,12,12,12,47,14,18,21,20,18,20,19,22,10,10,28,24,29,33,24,18,26,13,91,77
Atlanta Falcons,Ainias Smith,WR,25,69,Normal,560,2,Texas A&M,"5'9""",176,0,0,0,0,0,87,91,89,60,49,26,15,10,10,81,80,69,75,73,72,75,74,81,51,43,20,25,15,39,10,10,31,38,32,27,24,24,30,23,19,13
Atlanta Falcons,Anterio Thompson,DT,23,68,Normal,343,0,Washington,"6'2""",306,4370000,240000,940000,4,0,78,76,58,88,64,27,6,6,6,36,26,26,14,12,2,43,17,29,46,45,45,45,45,80,69,63,74,75,80,79,61,29,16,45,14,23
Atlanta Falcons,Ethan Onianwa,RG,23,68,Normal,314,0,Ohio State,"6'6""",333,4370000,120000,910000,4,0,65,66,55,84,65,10,6,6,6,27,28,13,14,5,5,25,10,10,24,71,75,70,75,82,31,29,25,32,37,27,27,12,14,10,25,26
Atlanta Falcons,Dylan Drummond,WR,26,67,Normal,361,1,Eastern Michigan,"6'0""",190,1980000,0,1000000,1,0,88,89,88,57,62,28,20,18,13,80,79,70,72,71,72,71,71,74,43,41,19,27,20,42,10,10,29,31,28,25,14,18,23,15,20,20
Atlanta Falcons,Channing Tindall,MIKE,26,67,Normal,238,4,Georgia,"6'2""",232,1210000,0,1210000,1,0,90,93,75,69,64,29,15,10,9,49,45,19,25,20,15,55,32,61,49,45,45,45,45,77,59,54,65,84,82,86,64,57,53,46,19,17
Atlanta Falcons,Nate Carter,HB,24,67,Normal,372,1,Michigan State,"5'10""",202,0,0,0,0,0,91,89,79,74,68,25,21,15,12,67,51,47,59,52,44,85,77,77,78,37,31,45,25,36,20,26,33,38,36,37,29,15,20,22,15,14
Atlanta Falcons,Chase Roberts,WR,25,67,Normal,476,0,BYU,"6'4""",210,0,0,0,0,0,84,89,86,68,64,64,52,47,41,76,79,72,70,72,71,71,75,77,58,53,20,27,25,49,36,39,45,46,49,47,29,34,39,38,31,28
Atlanta Falcons,Michael Jerrell,RT,27,66,Normal,210,2,Findlay,"6'5""",309,4010000,160000,1150000,2,0,74,81,53,82,54,16,5,5,5,23,19,15,12,11,7,24,13,10,25,72,70,74,66,79,12,18,31,34,36,33,15,9,12,10,18,17
Atlanta Falcons,Kristian Wilkerson,WR,29,66,Normal,256,6,SE Missouri State,"6'1""",214,1080000,0,1080000,1,0,87,92,90,60,65,25,21,18,14,78,77,63,69,66,64,67,69,77,49,41,27,32,19,42,16,18,28,40,39,43,29,28,33,31,19,14
Atlanta Falcons,Daequan Hardy,CB,25,66,Normal,438,2,Penn State,"5'10""",179,0,0,0,0,0,93,93,85,53,60,21,24,21,15,70,59,30,40,35,28,64,76,77,43,30,24,26,21,44,28,33,42,64,55,50,55,64,68,60,12,11
Atlanta Falcons,Cooper Rush,QB,32,65,Normal,476,9,Central Michigan,"6'3""",225,1080000,0,1080000,1,0,73,74,69,62,66,85,84,80,75,28,22,19,14,14,12,61,36,42,32,18,20,15,14,26,10,10,23,30,29,18,20,12,18,11,19,15
Atlanta Falcons,James Brockermeyer,C,24,65,Normal,239,0,Miami,"6'3""",298,2870000,260000,890000,3,0,62,70,53,83,74,22,6,6,6,22,15,15,10,5,5,24,9,10,22,74,70,73,70,77,15,10,24,26,25,24,35,11,13,10,18,15
Atlanta Falcons,Charlie Woerner,TE,28,65,Normal,173,6,Georgia,"6'5""",250,7980000,4000000,5750000,1,0,82,82,76,77,72,34,22,16,11,73,74,62,64,56,51,71,54,55,66,62,57,61,59,73,36,42,56,58,58,63,58,50,57,50,17,13
Atlanta Falcons,Cobee Bryant,CB,24,65,Normal,409,1,Kansas,"6'0""",180,0,0,0,0,0,88,92,79,62,60,26,6,6,6,69,68,24,33,27,21,60,50,69,27,35,35,30,30,40,26,31,47,70,48,55,58,69,71,70,13,15
Atlanta Falcons,Ja'Quinden Jackson,HB,24,65,Normal,315,1,Arkansas,"6'2""",236,0,0,0,0,0,83,86,80,74,70,76,61,57,58,64,51,47,54,48,39,86,78,79,80,40,28,49,32,45,20,26,31,38,29,28,30,18,23,23,29,21
Atlanta Falcons,Tanner McLachlan,TE,27,64,Normal,303,2,Arizona,"6'5""",244,0,0,0,0,0,85,90,71,74,61,28,20,15,10,78,77,64,63,60,53,72,66,67,68,57,53,55,51,60,10,10,38,42,40,39,18,15,18,20,18,15
Atlanta Falcons,Liam McCullough,LS,29,63,Normal,76,5,Ohio State,"6'2""",247,4870000,890000,1430000,3,0,75,78,63,64,55,39,24,18,10,55,44,20,45,38,34,66,27,36,38,45,43,55,49,68,10,10,44,48,56,52,35,20,20,15,19,17
Atlanta Falcons,Ethan Downs,REDG,23,63,Normal,373,1,Oklahoma,"6'4""",263,0,0,0,0,0,83,87,65,83,51,21,6,6,6,35,22,15,15,7,5,33,20,32,31,45,45,45,45,64,68,66,68,76,76,79,53,32,42,31,15,13
Atlanta Falcons,Javion Cohen,RG,24,63,Normal,246,2,Miami,"6'4""",305,0,0,0,0,0,61,66,48,83,59,16,31,22,31,29,26,27,18,15,10,23,31,47,47,69,66,73,74,79,42,26,41,27,40,30,18,31,42,35,25,29
Atlanta Falcons,Grayson Murphy,REDG,25,63,Normal,366,2,UCLA,"6'2""",260,0,0,0,0,0,85,88,80,76,52,38,15,10,5,50,37,23,15,5,5,50,46,44,36,33,17,35,21,75,58,66,68,77,70,77,65,34,41,45,17,15
Atlanta Falcons,Dartanyan Tinsley,LG,25,62,Normal,226,1,Cincinnati,"6'3""",320,0,0,0,0,0,56,67,59,88,57,13,6,6,6,23,14,12,10,5,5,24,11,10,25,68,69,67,69,79,25,20,27,34,34,35,14,12,10,10,13,13
Carolina Panthers,Derrick Brown,DT,21,96,Superstar,1355,6,Auburn,"6'5""",320,58120000,42740000,10940000,3,0,75,76,70,98,97,41,35,30,27,53,49,39,42,38,33,56,38,52,60,50,50,48,48,93,86,68,95,86,96,84,95,24,30,23,22,14
Carolina Panthers,Saquon Barkley,HB,29,92,X-Factor,1395,8,Penn State,"6'0""",227,5200000,0,1300000,3,0,95,94,93,81,87,41,41,34,29,74,73,69,75,67,65,96,84,90,84,36,35,60,38,37,17,25,24,36,28,17,21,15,13,10,19,14
Carolina Panthers,Jaycee Horn,CB,26,88,Superstar,1144,5,South Carolina,"6'1""",200,63570000,46520000,10890000,4,0,91,92,87,65,88,30,18,12,8,77,73,27,34,24,17,65,54,74,36,35,35,35,35,50,30,41,48,76,64,68,91,89,85,88,23,14
Carolina Panthers,Devin Lloyd,MIKE,27,88,Superstar,955,4,Utah,"6'3""",235,24710000,17210000,6760000,3,0,86,90,79,78,92,28,16,12,10,75,70,33,32,30,28,65,53,61,47,45,45,45,45,86,58,66,79,92,87,86,93,70,76,51,41,38
Carolina Panthers,Damien Lewis,LG,29,86,Star,605,6,LSU,"6'2""",327,35690000,17240000,16720000,2,0,67,64,55,89,88,26,6,6,6,26,15,15,15,5,5,30,5,10,40,87,90,88,89,88,40,27,38,35,42,47,30,12,15,10,25,25
Carolina Panthers,Taylor Moton,RT,32,85,Normal,437,9,W. Michigan,"6'5""",325,34940000,45140000,21090000,2,0,68,64,61,88,96,20,18,13,6,28,29,12,13,5,5,23,10,15,29,86,84,87,89,91,10,10,34,28,31,36,10,12,12,10,22,21
Carolina Panthers,Tetairoa McMillan,WR,23,85,Superstar,1165,1,Arizona,"6'4""",213,4190000,23720000,6340000,3,0,90,91,90,76,91,79,62,56,54,87,89,88,87,87,82,73,78,77,58,45,35,26,24,49,31,34,39,46,44,41,28,27,26,22,27,17
Carolina Panthers,Darren Waller,TE,21,85,Normal,737,9,Georgia Tech,"6'6""",238,5750000,0,5750000,1,0,87,87,82,70,77,35,15,10,6,87,88,76,76,82,73,74,76,76,78,60,62,61,62,56,10,10,35,37,32,15,15,10,20,15,22,14
Carolina Panthers,Tre'von Moehrig,FS,27,82,Star,489,5,TCU,"6'2""",202,31300000,19600000,21270000,2,0,89,89,81,64,86,22,6,6,6,75,69,45,38,36,32,64,51,70,42,35,35,35,35,54,40,46,58,83,76,89,88,68,77,72,21,21
Carolina Panthers,Robert Hunt,RG,30,81,Star,423,6,UL Lafayette,"6'6""",323,71470000,28520000,24300000,3,0,65,57,60,89,90,25,6,6,6,41,26,12,12,5,5,38,27,30,36,84,82,78,82,87,29,10,30,25,39,39,26,12,15,10,20,20
Carolina Panthers,Jaelan Phillips,REDG,27,81,Superstar,882,5,Miami,"6'5""",263,81220000,38770000,9980000,4,0,87,89,85,83,78,18,6,6,6,39,21,23,22,16,12,39,16,35,30,45,45,45,45,83,79,83,77,84,82,78,78,41,49,27,19,14
Carolina Panthers,Chuba Hubbard,HB,27,81,Star,517,5,Oklahoma State,"6'1""",210,27600000,8840000,7470000,3,0,91,92,87,73,80,31,25,20,15,73,55,47,64,58,48,90,84,85,76,42,29,54,37,41,11,11,27,36,32,23,19,11,18,16,22,17
Carolina Panthers,Ikem Ekwonu,C,25,81,Star,481,4,N.C. State,"6'4""",320,21210000,23900000,17560000,1,0,74,77,57,93,82,23,6,6,6,32,15,12,10,5,5,40,17,10,28,85,83,77,79,94,42,35,44,45,45,55,35,12,14,10,27,23
Carolina Panthers,Demond Claiborne,HB,22,80,Normal,749,0,Wake Forest,"5'10""",188,4370000,0,880000,4,0,93,91,90,73,71,30,25,20,15,65,61,56,66,58,52,82,80,90,72,42,33,49,30,43,18,19,25,28,25,24,22,19,21,22,28,23
Carolina Panthers,Rasheed Walker,RT,26,79,Normal,452,4,Penn State,"6'6""",324,1210000,2780000,3990000,1,0,63,72,62,87,79,22,6,6,6,30,20,12,10,5,5,36,15,27,30,75,72,85,87,87,49,39,46,38,43,42,33,10,12,10,15,14
Carolina Panthers,Monroe Freeling,LT,22,78,Superstar,862,0,Georgia,"6'7""",315,4370000,16530000,3800000,4,0,75,79,68,86,82,15,6,6,6,22,14,15,19,5,5,25,17,10,25,82,77,83,78,83,10,10,24,25,28,43,23,12,15,10,10,12
Carolina Panthers,Bryce Young,QB,25,78,Star,956,3,Alabama,"5'10""",204,29730000,34120000,12070000,2,0,87,89,84,54,76,87,89,83,87,35,19,13,16,12,9,59,69,80,32,16,10,12,10,19,10,10,17,32,20,14,13,9,10,9,23,23
Carolina Panthers,Lee Hunter,DT,24,77,Star,593,0,Texas Tech,"6'4""",330,6270000,3760000,1820000,4,0,66,71,61,88,80,17,6,6,6,25,24,29,12,10,2,47,16,25,45,51,52,55,54,83,73,71,82,81,84,81,80,30,22,24,13,29
Carolina Panthers,Ryan Fitzgerald,K,26,77,Normal,363,1,Florida State,"5'11""",194,2960000,0,1000000,2,0,72,71,58,53,62,23,29,28,26,29,14,12,10,10,10,32,13,11,12,15,20,12,11,13,10,10,12,26,24,18,13,12,14,10,94,88
Carolina Panthers,DeAndre Hopkins,WR,34,77,Normal,286,13,Clemson,"6'1""",212,3600000,1070000,4670000,1,0,88,85,86,75,68,35,15,10,10,87,92,79,72,71,68,72,81,88,59,51,34,44,27,49,30,32,45,30,52,35,28,32,35,40,20,20
Carolina Panthers,Jalen Coker,WR,24,76,Normal,513,2,Holy Cross,"6'1""",210,23220000,11770000,3840000,4,0,91,92,79,63,82,50,42,33,28,89,84,74,78,77,76,75,73,78,51,48,32,40,11,47,11,11,35,37,34,24,21,16,24,16,23,22
Carolina Panthers,Nic Scourton,LEDG,22,76,Star,740,1,Texas A&M,"6'3""",257,5700000,2880000,1950000,3,0,82,90,81,83,76,28,15,10,9,33,22,13,15,8,7,39,29,41,33,45,45,45,45,83,72,79,77,80,78,77,75,43,50,29,26,23
Carolina Panthers,Brady Christensen,RG,29,76,Normal,494,5,BYU,"6'6""",300,1080000,0,1080000,1,0,73,77,70,88,75,21,6,6,6,26,28,22,14,12,11,30,11,11,30,76,79,80,83,80,10,10,17,18,25,24,15,12,15,10,18,12
Carolina Panthers,Trevin Wallace,WILL,23,75,Normal,430,2,Kentucky,"6'2""",241,4570000,1370000,1620000,2,0,89,89,81,70,73,50,47,44,42,66,62,26,38,24,12,64,50,66,67,45,45,40,35,80,62,67,73,84,86,83,72,69,71,65,21,20
Carolina Panthers,Bobby Brown III,DT,26,75,Normal,298,5,Texas A&M,"6'4""",332,14070000,6920000,8030000,2,0,71,78,62,86,73,22,6,6,6,26,14,14,10,6,5,25,14,23,39,45,44,44,44,85,71,63,79,77,86,77,74,16,23,17,18,19
Carolina Panthers,Mitch Wishnowsky,P,34,75,Normal,198,7,Utah,"6'2""",220,6180000,1000000,1790000,3,0,83,85,70,56,58,34,30,30,25,33,18,15,15,15,15,50,29,10,24,7,10,9,10,24,10,10,23,46,52,63,28,10,27,10,94,86
Carolina Panthers,J.J. Jansen,LS,40,74,Normal,174,19,Notre Dame,"6'2""",235,1300000,180000,1480000,1,0,63,70,66,70,71,37,6,6,6,60,44,40,45,40,35,62,20,13,24,54,50,58,50,69,10,10,42,60,55,50,25,14,12,10,15,21
Carolina Panthers,Xavier Legette,WR,25,74,Normal,439,2,South Carolina,"6'1""",227,6530000,5810000,3360000,2,0,93,93,89,73,67,48,38,32,25,81,83,75,72,72,74,75,78,82,59,53,33,47,35,57,11,11,36,41,38,33,23,23,28,22,23,19
Carolina Panthers,Chau Smith-Wade,CB,23,74,Normal,626,2,Washington State,"5'11""",176,4010000,320000,1150000,2,0,88,92,86,57,73,27,17,14,9,69,54,27,26,16,11,50,59,71,26,15,33,10,33,42,26,27,42,73,73,51,73,74,75,65,29,27
Carolina Panthers,John Metchie III,WR,26,74,Normal,472,4,Alabama,"5'11""",187,1140000,750000,1890000,1,0,90,91,87,66,74,24,15,10,6,82,79,78,77,77,74,77,75,82,50,48,26,31,20,46,10,10,22,29,24,17,16,10,17,12,18,15
Carolina Panthers,Kelee Ringo,CB,24,74,Normal,624,3,Georgia,"6'2""",207,3830000,0,1140000,1,0,94,95,84,58,68,35,6,6,6,71,66,49,45,35,41,62,63,68,51,35,35,35,35,47,35,44,44,68,65,64,67,69,76,76,19,22
Carolina Panthers,Devin Duvernay,WR,28,74,Normal,361,6,Texas,"5'11""",202,3000000,750000,3750000,1,0,93,91,85,68,73,44,38,28,23,87,82,70,75,73,72,77,79,81,70,50,31,28,24,49,10,10,36,40,35,28,17,16,20,16,17,12
Carolina Panthers,Trevon Diggs,CB,27,74,Normal,458,6,Alabama,"6'2""",195,11390000,730000,1710000,4,0,91,88,86,69,72,35,6,6,6,86,81,58,60,56,54,74,53,72,41,42,35,35,35,53,30,42,56,75,58,67,67,72,78,82,20,20
Carolina Panthers,Kaytron Allen,HB,23,74,Star,497,0,Penn State,"5'11""",216,5400000,250000,1400000,2,0,89,91,81,79,71,38,31,26,22,66,49,50,57,48,41,92,83,76,83,47,34,56,35,48,23,18,25,21,30,31,23,20,22,23,34,32
Carolina Panthers,Chris Brazzell II,WR,22,73,Normal,552,0,Tennessee,"6'4""",198,5420000,1480000,1250000,4,0,93,94,88,60,66,26,23,18,15,81,82,76,73,75,78,75,72,74,50,47,30,29,24,42,27,30,40,47,40,38,41,33,40,28,26,20
Carolina Panthers,Will Lee III,CB,23,73,Normal,584,0,Texas A&M,"6'2""",189,4370000,1040000,1140000,4,0,92,92,89,62,66,26,6,6,6,63,67,41,46,43,40,60,59,71,34,35,35,35,35,45,37,37,49,69,57,59,68,75,66,74,16,14
Carolina Panthers,Isaiah Simmons,SS,28,73,Normal,331,6,Clemson,"6'4""",238,1210000,180000,1390000,1,0,91,91,83,73,73,24,6,6,6,75,67,43,39,36,32,65,43,68,39,29,45,23,45,67,62,60,63,73,73,83,71,68,66,72,20,20
Carolina Panthers,Tommy Tremble,TE,26,73,Normal,252,5,Notre Dame,"6'4""",250,4840000,7160000,8000000,1,0,86,89,79,75,76,26,15,10,6,80,77,63,69,65,61,74,57,67,66,62,58,58,58,71,10,10,37,36,34,26,23,15,22,21,18,14
Carolina Panthers,Princely Umanmielen,REDG,24,72,Normal,487,1,Ole Miss,"6'4""",244,4970000,1510000,1470000,3,0,82,89,80,79,68,25,19,10,6,32,22,15,15,8,7,39,24,39,25,45,45,45,45,76,70,77,79,78,76,78,64,46,52,39,22,23
Carolina Panthers,Lathan Ransom,SS,24,72,Normal,386,1,Ohio State,"6'0""",203,4190000,930000,1230000,3,0,86,91,83,66,71,24,6,6,6,69,61,33,35,30,25,61,54,65,47,35,35,35,35,53,37,36,53,77,73,82,69,65,73,62,19,16
Carolina Panthers,Patrick Jones II,LEDG,27,72,Normal,305,5,Pittsburgh,"6'4""",264,7570000,7420000,10110000,1,0,76,86,71,78,78,18,6,6,6,38,23,12,10,5,5,41,23,37,27,45,45,45,45,82,75,67,75,80,79,76,76,30,39,26,17,12
Carolina Panthers,Ja'Tavion Sanders,TE,23,71,Normal,373,2,Texas,"6'4""",252,4080000,850000,1280000,2,0,83,90,79,67,75,31,15,10,6,80,78,69,67,65,59,78,71,72,67,54,51,56,54,60,35,25,27,42,49,49,31,16,21,20,18,12
Carolina Panthers,Akayleb Evans,CB,27,71,Normal,385,4,Missouri,"6'2""",198,1210000,180000,1390000,1,0,90,92,81,65,69,24,15,10,10,59,52,27,28,23,17,55,45,65,38,35,35,33,33,55,35,40,49,70,56,66,68,66,76,78,14,13
Carolina Panthers,Luke Fortner,C,28,71,Normal,239,4,Kentucky,"6'6""",300,1210000,1530000,2740000,1,0,65,72,59,87,75,17,6,6,6,24,15,14,12,5,5,25,9,10,21,72,69,78,76,79,19,17,25,27,30,26,20,10,10,10,17,14
Carolina Panthers,Zakee Wheatley,FS,24,70,Normal,385,0,Penn State,"6'3""",202,4370000,480000,1000000,4,0,87,86,84,64,72,27,6,6,6,68,61,50,46,43,36,56,54,67,52,35,35,35,35,58,38,45,56,73,65,72,71,72,73,66,21,24
Carolina Panthers,Mitchell Evans,TE,23,70,Normal,511,1,Notre Dame,"6'5""",253,0,0,0,0,0,81,85,79,73,68,41,30,25,20,81,78,65,68,60,59,69,67,68,67,62,58,57,57,67,30,33,38,38,38,40,34,29,34,19,23,28
Carolina Panthers,Claudin Cherelus,SAM,27,69,Normal,270,3,Alcorn State,"6'2""",230,1140000,150000,1290000,1,0,87,85,70,70,73,41,37,32,27,50,46,12,22,12,6,57,42,61,50,45,45,45,45,69,46,41,67,84,81,79,75,45,54,47,20,15
Carolina Panthers,Haynes King,QB,21,68,Superstar,1084,0,Georgia Tech,"6'2""",212,3090000,0,880000,3,0,90,92,87,70,42,90,82,83,75,47,31,36,34,27,30,59,76,73,71,49,35,52,41,44,40,46,46,24,32,32,27,36,39,16,20,16
Carolina Panthers,Jimmy Horn Jr,WR,23,68,Normal,415,1,Colorado,"5'8""",174,4190000,170000,1040000,3,0,91,91,83,61,69,18,18,15,12,77,77,69,73,74,72,74,70,74,32,38,13,21,23,32,18,20,26,24,24,19,37,64,32,25,24,25
Carolina Panthers,Sam Hecht,C,23,68,Normal,296,0,Kansas State,"6'4""",303,4370000,520000,1010000,4,0,69,77,60,81,72,19,6,6,6,33,15,11,10,5,5,33,10,18,34,76,74,75,75,82,24,22,45,32,37,33,36,15,13,10,15,16
Carolina Panthers,DJ James,CB,25,68,Normal,517,2,Auburn,"6'0""",164,0,0,0,0,0,90,92,90,47,59,24,23,21,11,65,59,31,40,36,28,54,65,72,25,35,30,30,25,39,27,32,40,66,56,55,57,72,74,68,15,13
Carolina Panthers,Kenny Pickett,QB,28,67,Normal,403,4,Pittsburgh,"6'3""",225,1210000,2780000,3990000,1,0,81,86,80,68,62,86,83,82,77,45,39,18,25,15,12,51,72,70,61,20,19,16,15,25,5,5,25,29,29,16,19,9,10,9,51,40
Carolina Panthers,Jackson Kuwatch,MIKE,23,66,Normal,276,0,Miami of Ohio,"6'4""",232,4370000,120000,910000,4,0,84,90,85,69,65,20,6,6,6,55,32,14,34,29,24,53,34,41,43,42,62,62,40,77,53,54,69,81,79,78,62,63,65,46,17,18
Carolina Panthers,Thomas Incoom,LEDG,27,66,Normal,235,3,Central Michigan,"6'2""",265,1140000,850000,1990000,1,0,84,91,78,77,63,24,11,7,6,54,51,44,45,41,35,55,44,47,50,45,45,45,45,85,66,59,66,75,78,76,61,25,31,27,38,36
Carolina Panthers,Jaylen Key,SS,26,66,Normal,320,2,Alabama,"6'2""",210,0,0,0,0,0,87,91,82,53,66,24,26,24,21,66,60,25,20,14,10,59,58,66,52,35,35,30,24,64,47,45,63,80,69,79,56,64,66,70,12,11
Carolina Panthers,Jacolby George,WR,23,66,Normal,451,1,Miami,"5'11""",174,0,0,0,0,0,87,88,91,62,62,26,18,10,6,77,76,68,72,71,71,69,71,73,42,48,22,27,26,42,20,21,29,32,29,28,44,20,27,19,24,21
Carolina Panthers,Tyler Harrell,WR,26,64,Normal,194,2,Miami,"6'0""",193,6000000,2000000,1920000,3,0,95,95,79,55,55,34,28,24,20,76,76,65,66,67,67,70,71,78,45,42,33,45,25,22,10,10,30,31,27,15,22,18,21,24,25,22
Carolina Panthers,Junior Bergen,WR,23,64,Normal,383,1,Montana,"5'10""",184,0,0,0,0,0,88,90,84,59,69,50,41,35,31,83,74,63,66,65,64,73,68,70,42,47,19,22,20,40,27,28,36,31,34,32,28,39,37,25,24,20
Carolina Panthers,Luke Lachey,TE,25,64,Normal,309,1,Iowa,"6'6""",250,0,0,0,0,0,77,81,78,74,70,28,9,20,15,78,77,68,65,59,55,72,64,65,68,55,55,58,57,64,34,31,39,44,45,42,31,25,29,17,24,23
Carolina Panthers,Jackson Woodard,MIKE,24,63,Normal,260,1,UNLV,"6'2""",230,0,0,0,0,0,84,87,77,73,62,21,6,6,6,52,48,27,21,20,19,52,37,47,43,45,45,45,45,73,51,52,62,79,79,77,60,56,62,43,20,20
Carolina Panthers,Dom Jones,CB,26,63,Normal,325,1,Colorado State,"6'2""",192,0,0,0,0,0,87,90,85,60,57,25,6,6,6,66,60,25,23,19,15,54,48,72,32,35,35,35,35,45,26,33,44,71,54,57,55,66,69,70,15,11
Carolina Panthers,Nash Jones,RG,24,62,Normal,228,1,Texas State,"6'5""",314,0,0,0,0,0,62,68,56,87,58,13,6,6,6,25,15,15,15,5,5,26,9,10,35,69,69,68,68,80,16,10,23,25,24,23,11,12,13,10,11,11
Carolina Panthers,Antonio Grier Jr,MIKE,26,62,Normal,236,2,Arkansas,"5'11""",230,0,0,0,0,0,85,90,71,74,60,17,6,6,6,48,23,24,19,13,8,44,22,36,36,45,45,45,45,76,64,53,65,79,78,79,61,48,57,39,16,12
Carolina Panthers,Mike Reid,CB,24,62,Normal,321,1,South Dakota,"6'1""",203,0,0,0,0,0,87,90,80,59,58,26,6,6,6,68,63,25,33,26,20,59,47,70,28,35,35,30,30,43,25,35,43,71,56,59,56,65,67,72,13,11
Carolina Panthers,Hollin Pierce,LT,25,61,Normal,307,1,Rutgers,"6'8""",341,0,0,0,0,0,60,64,51,88,59,12,6,6,6,23,15,13,13,5,5,22,9,10,31,68,69,67,68,79,15,10,25,25,27,25,15,12,13,10,13,12
New Orleans Saints,Erik McCoy,C,21,89,Star,803,7,Texas A&M,"6'4""",303,23600000,27410000,10320000,2,0,73,76,61,89,90,22,6,6,6,30,12,12,10,5,5,30,9,10,20,93,86,91,90,88,15,12,23,25,35,22,28,11,13,10,22,21
New Orleans Saints,Kaden Elliss,WILL,21,87,Superstar,1000,7,Idaho,"6'2""",238,21000000,12000000,5300000,3,0,87,86,85,75,92,66,46,41,37,52,53,20,23,13,7,65,33,56,38,45,45,45,45,78,60,70,79,90,91,86,92,72,79,45,19,15
New Orleans Saints,Chris Olave,WR,26,87,Star,906,4,Ohio State,"6'0""",187,42970000,24760000,15490000,4,0,93,94,91,59,87,25,15,10,6,95,87,85,87,87,86,69,70,75,32,37,15,28,13,39,10,10,20,38,17,16,29,21,29,20,19,19
New Orleans Saints,Justin Reid,FS,29,84,Star,584,8,Stanford,"6'1""",207,12050000,14680000,5190000,2,0,90,90,90,66,86,26,15,10,10,73,61,22,20,10,10,63,24,71,31,35,35,35,35,66,39,46,62,86,75,85,86,73,77,71,90,72
New Orleans Saints,Chase Young,LEDG,27,84,Star,906,6,Ohio State,"6'5""",264,20380000,29250000,9600000,2,0,85,88,84,86,79,32,28,25,20,33,24,17,14,10,5,43,23,38,34,45,45,45,45,88,76,90,81,83,83,82,77,34,47,27,14,22
New Orleans Saints,Joe Mixon,HB,30,84,Normal,486,9,Oklahoma,"6'1""",220,4660000,0,4660000,1,0,90,89,88,82,78,46,38,33,29,75,72,52,65,58,56,98,86,86,85,58,36,55,31,43,11,14,34,38,37,38,15,10,20,12,24,16
New Orleans Saints,Alvin Kamara,HB,21,82,X-Factor,1249,9,Tennessee,"5'10""",215,8270000,330000,1410000,3,0,90,91,87,77,83,41,34,31,23,76,74,78,79,75,68,90,86,87,86,41,29,51,27,39,34,48,29,34,29,33,18,18,24,17,21,16
New Orleans Saints,Cameron Jordan,REDG,37,80,Star,617,15,California,"6'4""",287,1350000,6150000,2580000,1,0,76,76,76,87,85,30,6,6,6,42,15,20,15,8,4,42,14,30,10,45,45,45,45,95,79,69,79,86,87,85,86,31,41,22,33,29
New Orleans Saints,Jordyn Tyson,WR,22,80,Superstar,891,0,Arizona State,"6'2""",203,4370000,28090000,5900000,4,0,92,92,90,73,76,50,40,35,33,85,86,81,76,82,83,71,78,81,57,52,39,42,42,51,28,23,30,34,34,32,26,26,22,25,27,25
New Orleans Saints,David Edwards,LG,29,80,Star,479,7,Wisconsin,"6'6""",308,40000000,21000000,6300000,4,0,67,68,61,82,88,40,40,34,27,46,34,33,26,17,14,45,36,34,43,83,83,84,80,82,31,27,37,35,39,35,30,12,12,10,21,11
New Orleans Saints,Zach Wood,LS,33,79,Normal,284,9,SMU,"6'3""",255,6370000,1270000,1550000,2,0,71,63,63,75,65,39,10,10,10,46,38,22,24,19,15,45,20,36,41,51,39,59,50,63,61,58,61,68,70,71,34,24,33,25,25,24
New Orleans Saints,Kool-Aid McKinstry,CB,23,79,Star,843,2,Alabama,"6'0""",196,5660000,3460000,2480000,2,0,93,92,91,53,73,25,20,15,14,67,66,27,31,25,22,55,67,73,26,21,14,15,10,44,29,39,50,75,69,59,69,81,79,79,13,11
New Orleans Saints,Jonas Sanker,SS,23,79,Star,729,1,Virginia,"6'1""",206,5050000,1160000,1410000,3,0,90,89,82,58,83,31,25,20,17,69,61,28,31,24,20,61,59,70,48,35,35,35,35,59,39,34,56,82,71,81,79,72,78,65,20,17
New Orleans Saints,Carl Granderson,REDG,29,79,Normal,543,7,Wyoming,"6'5""",261,15770000,30290000,9470000,2,0,85,85,74,80,79,24,6,6,6,38,30,14,18,11,7,29,26,30,31,45,46,45,44,79,72,80,82,87,86,76,80,33,44,26,18,14
New Orleans Saints,Juwan Johnson,TE,29,79,Normal,446,6,Oregon,"6'4""",231,9880000,21560000,6850000,2,0,86,86,82,69,88,36,30,25,20,85,87,70,72,67,63,76,74,76,50,62,58,59,58,54,17,14,36,38,34,37,23,19,27,21,29,25
New Orleans Saints,Charlie Smyth,K,25,78,Normal,380,1,No College,"6'4""",210,3100000,0,1000000,2,0,72,71,59,52,64,27,33,25,24,25,12,12,10,10,10,26,10,18,17,13,10,10,10,10,10,10,12,12,15,12,17,15,15,10,96,86
New Orleans Saints,Davon Godchaux,DT,31,78,Normal,357,9,LSU,"6'3""",330,7700000,3290000,7130000,1,0,70,63,57,93,78,15,6,6,6,35,20,12,14,6,3,27,12,34,40,45,45,45,45,84,58,71,78,78,92,76,80,22,31,10,12,11
New Orleans Saints,Taliese Fuaga,RT,24,78,Normal,407,2,Oregon State,"6'6""",324,4010000,13310000,4720000,2,0,68,73,63,93,74,14,9,7,6,22,21,12,12,8,5,33,24,13,44,82,84,74,80,89,35,10,42,15,39,46,15,9,9,10,34,31
New Orleans Saints,Tyler Shough,QB,26,78,Star,1325,1,Louisville,"6'5""",219,6300000,4480000,2450000,3,0,87,86,77,56,74,92,88,93,78,36,25,27,24,20,19,67,66,54,40,11,15,21,17,23,20,21,24,29,16,15,32,25,47,21,30,16
New Orleans Saints,Kelvin Banks Jr,LT,22,78,Star,646,1,Texas,"6'5""",315,4190000,23510000,6290000,3,0,67,72,58,86,79,14,20,18,17,25,12,18,14,5,5,30,11,18,30,84,81,85,82,83,33,10,23,24,30,38,34,13,14,11,14,11
New Orleans Saints,Christen Miller,DT,22,78,Star,633,0,Georgia,"6'4""",321,6740000,5000000,2130000,4,0,68,76,61,88,79,25,6,6,6,51,36,24,16,14,2,45,11,36,42,45,45,45,45,88,75,70,79,82,89,83,78,24,21,25,15,15
New Orleans Saints,Anfernee Jennings,LEDG,29,78,Normal,757,6,Alabama,"6'3""",259,1210000,180000,1390000,1,0,82,85,74,81,77,26,5,5,5,63,58,29,37,29,24,63,28,49,44,45,45,45,45,89,73,63,86,86,85,81,73,54,61,56,22,11
New Orleans Saints,Tyjae Spears,HB,25,78,Normal,517,3,Tulane,"5'10""",200,2200000,0,2200000,1,0,88,92,88,71,71,29,20,15,10,74,57,52,66,58,50,95,83,87,65,45,22,60,26,37,10,10,25,35,30,22,16,12,15,16,21,18
New Orleans Saints,Cesar Ruiz,RG,27,77,Normal,581,6,Michigan,"6'4""",316,4400000,0,880000,1,0,76,74,54,87,85,25,6,6,6,22,15,15,15,5,5,26,9,10,25,75,77,81,83,85,10,10,17,23,27,25,10,12,12,10,11,11
New Orleans Saints,Rasul Douglas,CB,31,77,Normal,367,9,West Virginia,"6'2""",209,4530000,0,4530000,1,0,88,89,82,73,80,14,6,6,6,81,67,24,29,19,12,72,53,71,42,35,35,35,35,59,30,39,45,72,65,74,79,77,82,84,14,16
New Orleans Saints,Bryan Bresee,DT,24,76,Normal,425,3,Clemson,"6'5""",305,18980000,7170000,3250000,2,0,78,85,70,88,77,22,13,10,7,47,43,12,10,5,3,44,35,38,50,45,45,40,40,87,79,64,73,80,81,84,75,24,28,20,24,23
New Orleans Saints,Pete Werner,MIKE,28,75,Normal,332,5,Ohio State,"6'3""",242,10310000,11350000,3930000,2,0,84,88,80,72,77,30,6,6,6,62,48,20,10,5,5,55,15,22,47,45,45,45,45,72,61,54,73,86,86,82,75,66,62,53,20,20
New Orleans Saints,Martin Emerson Jr,CB,25,75,Normal,572,4,Mississippi State,"6'2""",201,1210000,300000,1510000,1,0,88,91,86,65,77,26,16,13,8,67,55,36,35,32,28,60,52,70,35,35,35,35,35,49,31,39,45,73,52,59,81,72,79,85,19,13
New Orleans Saints,Ryan Wright,P,26,75,Normal,215,4,Tulane,"6'3""",245,11500000,2480000,1870000,4,0,80,83,64,62,63,48,45,40,35,31,24,15,15,11,7,45,29,34,36,7,9,16,8,25,10,10,23,32,39,44,23,10,10,10,92,83
New Orleans Saints,Jordan Howden,FS,26,75,Normal,341,3,Minnesota,"6'0""",209,6360000,330000,3750000,1,0,89,93,88,58,71,27,6,6,6,65,60,32,40,37,30,55,51,68,48,30,35,30,30,51,41,35,52,74,76,84,73,69,75,65,10,9
New Orleans Saints,Devaughn Vele,WR,28,74,Normal,524,2,Utah,"6'5""",210,3930000,90000,1120000,2,0,90,90,83,58,76,49,37,30,23,88,83,71,76,75,73,71,69,74,41,40,15,28,20,37,10,10,32,35,33,28,25,20,27,25,20,20
New Orleans Saints,Quincy Riley,CB,25,74,Normal,583,1,Louisville,"5'11""",194,4190000,880000,1220000,3,0,90,90,90,64,73,28,20,12,12,77,71,33,32,33,30,66,45,72,33,35,25,35,25,48,32,32,44,72,48,56,70,78,78,75,22,17
New Orleans Saints,Jeremiah Wright,RG,24,73,Star,470,0,Auburn,"6'5""",331,4370000,1000000,1130000,4,0,61,64,64,87,75,18,6,6,6,26,28,13,19,5,5,23,10,10,26,76,75,80,71,83,30,31,28,34,38,29,25,15,18,10,21,26
New Orleans Saints,Isaac Yiadom,CB,30,73,Normal,311,8,Boston College,"6'1""",188,5170000,3780000,2820000,2,0,88,89,84,54,74,22,6,6,6,66,61,38,31,26,20,61,51,70,32,35,35,35,35,59,28,40,53,73,58,73,75,72,78,77,19,12
New Orleans Saints,Tyree Wilson,LEDG,26,73,Normal,386,3,Texas Tech,"6'6""",263,3830000,17350000,4150000,1,0,81,87,76,85,71,22,6,6,6,49,47,12,10,8,5,45,26,40,48,45,45,40,40,82,74,61,74,80,81,87,71,35,45,44,15,17
New Orleans Saints,Noah Fant,TE,28,73,Normal,323,7,Iowa,"6'4""",249,1810000,1500000,3310000,1,0,87,90,86,72,67,28,20,15,10,84,81,71,68,64,61,76,67,72,64,59,56,59,56,60,16,19,38,38,41,26,28,16,22,19,17,12
New Orleans Saints,Spencer Rattler,QB,25,72,Normal,913,2,South Carolina,"6'1""",211,4010000,330000,1150000,2,0,83,85,77,56,62,90,87,83,75,39,18,18,23,16,10,60,44,62,31,16,14,14,13,18,10,10,21,26,19,15,15,10,14,10,20,20
New Orleans Saints,Dillon Radunz,LG,28,72,Normal,274,5,North Dakota State,"6'6""",301,3910000,2990000,2380000,2,0,69,72,74,84,81,19,6,6,6,28,15,20,15,5,5,29,8,19,25,76,74,73,75,86,25,20,32,29,31,35,18,13,15,15,18,18
New Orleans Saints,Joshua Josephs,REDG,22,72,Normal,748,0,Tennessee,"6'3""",243,0,0,0,0,0,82,86,78,82,67,23,20,18,10,39,45,19,18,15,10,49,34,45,34,45,45,45,45,78,74,76,76,81,80,80,64,35,42,42,27,20
New Orleans Saints,Luke McCaffrey,WR,25,72,Normal,679,2,Rice,"6'2""",198,0,0,0,0,0,90,91,92,55,62,58,53,45,43,83,78,65,76,75,71,76,72,77,55,38,20,28,20,40,10,10,30,37,32,30,16,13,19,10,21,16
New Orleans Saints,Bryce Lance,WR,24,71,Normal,521,0,North Dakota State,"6'3""",204,4370000,760000,1070000,4,0,94,95,83,69,60,38,27,22,18,80,79,73,70,73,78,73,73,75,53,51,25,26,19,40,28,31,42,44,47,43,39,35,41,36,22,17
New Orleans Saints,Danny Stutsman,MIKE,23,71,Normal,344,1,Oklahoma,"6'3""",233,4190000,1010000,1250000,3,0,87,90,79,74,71,23,6,6,6,67,61,34,35,32,29,63,41,57,45,45,45,45,45,73,56,59,72,82,82,80,70,56,61,45,23,20
New Orleans Saints,Xavier Thomas,REDG,26,71,Normal,688,2,Clemson,"6'2""",250,0,0,0,0,0,85,86,76,78,71,25,10,8,6,60,46,21,22,16,11,42,30,50,40,40,40,35,35,78,72,72,69,77,79,74,70,38,42,37,20,17
New Orleans Saints,Khari Blasingame,FB,30,70,Normal,214,7,Vanderbilt,"6'0""",233,1300000,0,1300000,1,0,86,90,82,75,62,25,6,6,6,70,52,56,58,49,41,71,41,71,78,58,50,63,45,67,39,33,44,54,44,43,28,18,26,14,20,20
New Orleans Saints,Mason Tipton,WR,25,70,Normal,603,2,Yale,"5'10""",182,0,0,0,0,0,94,92,82,59,68,35,33,27,23,80,78,68,72,73,74,74,75,77,47,43,26,35,27,48,10,10,33,37,30,31,18,17,21,17,18,12
New Orleans Saints,Vernon Broughton,DT,25,69,Normal,267,1,Texas,"6'5""",311,4840000,1440000,1500000,3,0,72,80,63,86,70,13,12,7,7,51,50,44,45,42,38,62,36,41,46,45,45,45,45,86,76,71,74,74,76,82,68,9,15,15,26,23
New Orleans Saints,Barion Brown,WR,22,69,Normal,482,0,LSU,"5'11""",177,4370000,280000,950000,4,0,92,91,87,56,65,30,28,23,19,76,82,68,68,70,72,69,71,79,43,45,21,25,25,37,20,22,23,24,26,24,26,17,18,19,27,24
New Orleans Saints,Noah Sewell,SAM,24,69,Normal,310,3,Oregon,"6'1""",246,1140000,0,1140000,1,0,82,89,74,80,63,25,6,6,6,63,57,27,34,24,17,64,63,72,65,45,45,45,45,80,71,55,73,77,81,90,65,52,58,53,15,19
New Orleans Saints,Jacob Phillips,SAM,27,69,Normal,287,6,LSU,"6'3""",228,1210000,0,1210000,1,0,82,84,70,73,65,24,6,6,6,56,52,25,31,27,22,47,31,36,35,43,45,50,45,80,47,53,73,82,82,80,70,51,57,48,20,20
New Orleans Saints,Maddux Trujillo,K,23,69,Normal,250,1,Temple,"6'0""",178,0,0,0,0,0,74,74,62,39,51,31,35,30,24,24,13,13,10,10,10,22,10,24,12,10,10,9,9,9,10,10,11,29,13,12,13,13,15,9,96,74
New Orleans Saints,Fadil Diggs,LEDG,24,69,Normal,605,1,Syracuse,"6'4""",257,0,0,0,0,0,87,87,78,78,66,28,17,15,10,39,28,12,15,10,6,46,23,33,24,45,45,45,45,69,68,70,70,79,76,75,64,43,51,34,18,19
New Orleans Saints,Oscar Delp,TE,23,68,Star,322,0,Georgia,"6'5""",245,5490000,1680000,1300000,4,0,88,88,81,75,63,35,30,25,20,82,71,66,65,59,54,71,64,67,65,62,59,59,62,64,46,46,45,47,47,47,40,21,27,25,25,25
New Orleans Saints,Lorenzo Styles Jr.,SS,23,68,Star,381,0,Ohio State,"6'0""",194,4370000,400000,980000,4,0,97,95,90,54,59,25,6,6,6,65,67,37,43,41,36,59,55,72,36,35,35,35,35,44,34,36,44,69,55,59,63,71,69,68,15,13
New Orleans Saints,Zach Wilson,QB,27,68,Normal,558,5,BYU,"6'2""",214,1210000,180000,1390000,1,0,83,87,83,61,54,93,81,79,77,60,31,16,34,22,16,66,63,67,40,18,14,15,15,21,10,10,22,31,23,14,17,12,15,10,57,45
New Orleans Saints,Dominique Hampton,WILL,26,67,Normal,355,2,Washington,"6'3""",220,0,0,0,0,0,91,91,89,70,60,27,19,13,12,64,60,33,35,30,31,62,59,71,59,41,39,31,29,70,40,30,66,78,76,89,59,63,68,73,25,21
New Orleans Saints,Dante Trader Jr,SS,23,67,Normal,378,1,Maryland,"5'11""",200,0,0,0,0,0,84,91,81,62,66,34,22,18,14,69,60,33,35,30,26,61,53,63,45,35,35,35,35,49,37,35,52,76,67,76,63,62,72,69,20,15
New Orleans Saints,Myles Cole,DT,26,66,Normal,344,2,Texas Tech,"6'6""",280,0,0,0,0,0,83,85,63,78,65,22,13,10,7,32,35,32,29,24,23,40,30,41,40,45,45,45,45,81,64,65,75,79,75,75,63,32,34,20,18,16
New Orleans Saints,Isaiah Stalbird,WILL,26,64,Normal,203,1,South Dakota State,"6'1""",215,1070000,0,1070000,1,0,89,95,76,66,57,25,6,6,6,59,45,18,22,20,18,56,34,49,42,45,45,45,45,72,47,50,59,81,78,76,55,57,68,49,19,19
New Orleans Saints,Asim Richards,RT,25,64,Normal,169,3,North Carolina,"6'4""",307,3830000,240000,1200000,1,0,67,73,59,87,73,21,6,6,6,52,54,44,42,40,35,57,40,39,43,64,64,72,72,83,46,35,45,49,45,51,46,11,12,10,12,12
New Orleans Saints,Diego Pavia,QB,23,64,Normal,664,0,Vanderbilt,"5'10""",203,0,0,0,0,0,79,85,87,69,29,86,83,77,73,51,22,25,22,24,26,63,74,76,74,30,28,41,28,33,21,30,35,41,25,22,28,22,31,14,18,15
New Orleans Saints,Garrett Nussmeier,QB,24,63,Normal,607,0,LSU,"6'2""",203,0,0,0,0,0,78,84,74,63,62,88,83,76,73,37,15,17,35,25,30,67,55,44,33,30,27,39,32,35,25,33,22,35,19,21,31,24,34,10,39,32
New Orleans Saints,Barry Wesley,LT,27,62,Normal,262,1,Colorado State,"6'7""",310,1930000,0,880000,2,0,60,66,54,81,65,13,6,6,6,24,15,12,19,9,6,22,8,22,22,72,68,72,70,78,15,10,22,24,26,23,13,11,12,10,15,12
New Orleans Saints,Alan Herron,RT,23,61,Normal,217,0,Maryland,"6'3""",308,0,0,0,0,0,69,67,47,83,59,19,6,6,6,32,11,14,15,5,5,31,19,10,38,67,67,72,72,74,51,29,29,30,38,41,24,11,14,10,14,14
Tampa Bay Bucs,Vita Vea,DT,21,96,X-Factor,1526,8,Washington,"6'4""",347,58800000,23160000,22190000,1,0,79,75,71,99,93,24,20,16,13,40,18,15,26,17,16,68,49,59,68,52,52,45,45,97,89,77,95,86,95,90,95,28,35,22,15,16
Tampa Bay Bucs,Tristan Wirfs,LT,27,95,Superstar,1491,6,Iowa,"6'5""",320,113990000,46290000,36320000,4,0,76,77,65,94,96,11,6,6,6,48,18,32,35,29,20,37,20,16,36,92,87,94,94,95,10,10,25,30,38,38,17,12,13,10,15,12
Tampa Bay Bucs,Antoine Winfield Jr,FS,21,94,X-Factor,1385,6,Minnesota,"5'9""",203,42770000,41310000,27460000,2,0,93,91,88,59,95,35,6,6,6,77,73,33,30,20,15,67,72,83,52,35,35,35,35,64,46,57,63,90,83,86,97,82,89,68,20,20
Tampa Bay Bucs,Baker Mayfield,QB,21,88,Superstar,2024,8,Oklahoma,"6'1""",215,104100000,190110000,39970000,7,0,87,84,82,69,83,95,95,88,88,64,61,15,28,17,13,61,78,74,71,29,15,16,12,32,10,10,28,33,32,25,15,10,12,10,20,16
Tampa Bay Bucs,Bucky Irving,HB,24,88,Superstar,1307,2,Oregon,"5'10""",195,4010000,730000,1250000,2,0,89,91,89,65,83,39,31,20,15,70,59,61,69,64,58,92,87,96,68,28,17,44,34,31,10,10,26,31,31,20,15,15,20,20,25,25
Tampa Bay Bucs,Luke Goedeke,RT,27,85,Superstar,772,4,Central Michigan,"6'5""",312,65780000,27820000,7460000,4,0,66,66,64,88,89,30,6,6,6,54,41,33,44,39,33,48,34,26,37,88,83,89,90,89,32,27,29,34,35,30,33,10,12,10,23,25
Tampa Bay Bucs,Emeka Egbuka,WR,23,83,Star,967,1,Ohio State,"6'1""",205,4350000,13800000,4120000,3,0,93,95,86,60,83,71,26,22,18,85,89,85,88,87,84,76,77,80,44,42,25,22,19,37,29,34,39,38,30,40,33,43,49,44,50,47
Tampa Bay Bucs,Rueben Bain Jr.,LEDG,21,83,Superstar,1212,0,Miami,"6'2""",263,4370000,19370000,4310000,4,0,84,90,81,84,80,46,30,25,20,36,45,12,17,15,10,44,28,37,36,45,45,45,45,88,88,76,82,86,82,89,82,25,32,25,25,20
Tampa Bay Bucs,Alex Anzalone,WILL,31,81,Star,478,9,Florida,"6'3""",240,9300000,7700000,9000000,2,0,88,86,81,74,83,25,6,6,6,61,35,19,22,12,7,47,12,31,34,45,45,45,45,87,65,57,72,88,88,84,82,68,76,43,28,18
Tampa Bay Bucs,Jacob Parrish,CB,22,81,Star,1085,1,Kansas State,"5'10""",198,5070000,1240000,1430000,3,0,94,93,89,65,80,29,15,13,10,73,69,38,38,37,39,56,53,77,40,35,25,35,25,56,32,40,55,77,69,64,79,78,78,79,21,32
Tampa Bay Bucs,Zyon McCollum,CB,27,81,Star,715,4,Sam Houston,"6'2""",199,32690000,16090000,5250000,3,0,93,95,96,60,79,26,15,10,8,72,64,25,28,24,19,63,48,71,40,33,33,29,29,45,30,40,53,73,67,64,78,79,78,68,20,20
Tampa Bay Bucs,Tykee Smith,SS,25,80,Star,734,2,Georgia,"5'10""",202,4720000,930000,1540000,2,0,90,92,83,58,79,33,34,32,25,75,61,12,20,10,10,60,67,72,33,35,30,30,25,56,47,53,54,79,75,85,81,79,81,66,12,10
Tampa Bay Bucs,Benjamin Morrison,CB,22,80,Superstar,1127,1,Notre Dame,"6'0""",193,5590000,2600000,1860000,3,0,93,95,91,57,71,15,9,7,8,77,75,23,24,21,19,67,58,78,37,35,25,35,25,43,25,33,44,69,58,53,69,80,81,81,24,22
Tampa Bay Bucs,Chase McLaughlin,K,30,79,Normal,277,7,Illinois,"6'0""",190,9240000,4560000,3800000,3,0,73,77,64,39,64,41,33,25,20,40,12,12,10,10,10,45,15,15,15,15,16,10,16,15,10,10,15,20,20,12,15,15,20,10,98,87
Tampa Bay Bucs,Kenny Gainwell,HB,27,79,Normal,394,5,Memphis,"5'9""",200,8660000,5340000,7000000,2,0,89,86,87,70,84,47,41,33,23,71,57,57,71,65,58,89,80,87,71,32,19,56,35,33,10,10,25,37,30,23,15,12,16,15,47,45
Tampa Bay Bucs,Yaya Diaby,REDG,27,79,Superstar,914,3,Louisville,"6'4""",270,17410000,15450000,3910000,3,0,89,93,77,74,84,23,6,6,6,45,44,22,25,21,14,47,25,45,31,40,40,35,35,73,82,73,84,84,81,80,82,36,45,40,27,23
Tampa Bay Bucs,Cody Mauch,RG,27,78,Star,465,3,North Dakota State,"6'6""",303,6940000,2440000,4280000,1,0,70,77,73,87,80,46,45,43,41,50,48,49,42,37,33,55,39,41,41,79,79,80,82,86,51,34,44,51,45,51,44,10,11,10,15,15
Tampa Bay Bucs,Josiah Trotter,MIKE,21,77,Star,570,0,Missouri,"6'2""",237,6500000,4360000,1970000,4,0,90,90,82,76,75,12,6,6,6,62,25,16,27,22,17,54,38,55,46,48,69,68,43,81,62,65,75,86,84,84,80,62,65,49,22,17
Tampa Bay Bucs,A'Shawn Robinson,DT,31,77,Normal,307,10,Alabama,"6'3""",320,3150000,6850000,10000000,1,0,64,67,57,85,84,23,6,6,6,42,37,15,13,5,3,39,13,23,33,45,46,44,44,89,76,63,78,79,89,82,87,18,26,13,17,17
Tampa Bay Bucs,Calijah Kancey,DT,25,77,Normal,415,3,Pittsburgh,"6'0""",280,20420000,8510000,4600000,2,0,83,91,82,84,74,25,6,6,6,52,42,21,35,28,24,43,17,42,35,40,40,35,35,75,71,79,81,81,82,83,73,19,29,10,14,12
Tampa Bay Bucs,Al-Quadin Muhammad,REDG,31,76,Normal,427,9,Miami,"6'4""",250,1800000,3450000,5250000,1,0,79,81,72,78,84,34,6,6,6,41,24,12,14,7,3,37,18,39,33,45,45,45,45,83,82,74,78,83,81,79,83,31,42,17,20,19
Tampa Bay Bucs,Graham Barton,C,24,76,Star,418,2,Duke,"6'5""",314,6070000,7930000,3820000,2,0,74,82,73,87,83,21,9,6,5,32,15,18,21,16,12,28,20,29,32,79,79,78,77,85,24,22,33,39,37,44,30,12,11,12,25,17
Tampa Bay Bucs,Ted Hurst III,WR,22,75,Star,747,0,Georgia State,"6'4""",206,5400000,1480000,1250000,4,0,93,92,87,65,78,34,25,21,16,79,85,78,75,77,76,75,74,76,54,51,38,33,28,47,25,32,38,44,45,39,43,41,42,33,25,25
Tampa Bay Bucs,Keionte Scott,CB,25,75,Superstar,875,0,Miami,"5'11""",191,4370000,1160000,1170000,4,0,95,93,87,55,70,27,6,6,6,65,65,46,47,45,39,60,58,71,35,35,35,35,35,49,33,39,51,74,55,58,72,77,72,71,15,13
Tampa Bay Bucs,Cade Otton,TE,27,75,Star,418,4,Washington,"6'5""",247,21210000,8760000,4130000,3,0,81,83,70,77,78,30,25,20,14,87,80,72,70,65,59,72,58,60,69,65,63,62,60,70,28,26,42,45,39,42,41,14,21,12,21,19
Tampa Bay Bucs,Jalen McMillan,WR,24,74,Normal,531,2,Washington,"6'1""",197,4700000,920000,1530000,2,0,90,92,85,60,78,24,20,15,10,82,78,71,78,77,75,75,76,80,50,41,23,30,26,39,10,10,27,31,29,22,12,10,17,14,15,19
Tampa Bay Bucs,Chris Braswell,REDG,24,74,Normal,539,2,Alabama,"6'3""",255,5020000,1730000,1840000,2,0,86,90,78,79,71,31,6,6,6,51,41,12,10,3,2,48,33,46,39,45,45,45,45,81,77,74,78,78,82,78,71,41,47,25,15,17
Tampa Bay Bucs,Ben Bredeson,LG,28,74,Normal,233,6,Michigan,"6'5""",315,15170000,6810000,8760000,2,0,70,59,52,86,78,17,6,6,6,12,10,10,10,5,5,20,14,10,10,72,72,81,83,81,10,10,15,19,20,12,10,10,11,10,19,16
Tampa Bay Bucs,Ifeatu Melifonwu,SS,27,74,Normal,440,5,Syracuse,"6'3""",213,1080000,0,1080000,1,0,88,90,82,64,76,46,41,38,33,73,62,42,34,32,30,59,51,72,50,35,35,35,35,60,34,42,56,76,67,69,74,68,75,70,28,23
Tampa Bay Bucs,Ryan Stonehouse,P,27,74,Normal,229,4,Colorado State,"5'10""",178,13520000,0,1230000,10,0,84,85,58,46,55,28,32,26,23,24,15,14,16,14,12,24,10,24,10,17,16,12,12,12,10,10,19,23,22,16,17,11,12,10,99,80
Tampa Bay Bucs,Tez Johnson,WR,24,73,Normal,617,1,Oregon,"5'10""",165,4190000,120000,1030000,3,0,91,91,93,58,65,63,49,43,44,83,76,66,75,74,75,75,71,83,29,48,14,22,22,43,18,17,22,19,19,18,37,21,28,21,27,22
Tampa Bay Bucs,Demonte Capehart,DT,24,73,Star,573,0,Clemson,"6'5""",313,4370000,480000,1000000,4,0,77,79,62,90,67,26,6,6,6,30,25,25,15,13,3,47,19,25,48,45,45,45,45,82,73,71,80,76,81,79,66,27,23,21,14,29
Tampa Bay Bucs,Christian Rozeboom,WILL,29,73,Normal,337,6,South Dakota State,"6'2""",230,1210000,330000,1540000,1,0,81,85,77,67,83,22,6,6,6,70,37,12,26,5,5,50,30,50,37,45,45,45,45,75,51,57,69,84,83,80,82,61,67,46,16,20
Tampa Bay Bucs,SirVocea Dennis,SAM,26,73,Star,467,3,Pittsburgh,"6'0""",230,3500000,290000,1210000,1,0,85,89,81,66,76,48,46,44,42,63,61,25,15,11,9,61,55,63,44,45,45,45,45,67,64,74,73,82,85,77,78,56,65,65,14,12
Tampa Bay Bucs,Trey Palmer,WR,25,72,Normal,422,3,Nebraska,"6'0""",192,19210000,0,1790000,10,0,95,92,80,54,71,25,15,10,6,83,80,72,73,75,76,72,71,73,46,54,26,30,22,47,13,20,36,46,46,40,31,33,39,37,18,15
Tampa Bay Bucs,Lewis Cine,SS,26,72,Normal,343,4,Georgia,"6'2""",202,20000000,0,1360000,10,0,92,93,83,58,60,21,6,6,6,61,58,12,15,13,10,64,53,69,49,18,35,25,35,65,27,32,59,79,76,89,66,64,75,63,34,35
Tampa Bay Bucs,Sean Tucker,HB,24,71,Normal,253,3,Syracuse,"5'10""",210,3520000,0,3520000,1,0,92,90,82,76,77,26,24,21,17,69,65,46,61,51,43,88,80,77,82,44,45,50,50,49,13,15,30,29,35,44,26,15,21,15,22,21
Tampa Bay Bucs,Mohamed Kamara,LEDG,26,70,Normal,500,2,Colorado State,"6'1""",253,2260000,0,1070000,2,0,87,91,72,73,71,25,10,8,6,25,25,16,10,6,5,30,30,50,40,40,40,35,35,79,69,71,75,77,77,78,69,41,46,37,20,17
Tampa Bay Bucs,Elijah Roberts,DT,24,70,Normal,361,1,SMU,"6'4""",295,4190000,400000,1100000,3,0,80,83,76,83,69,22,13,12,21,28,18,15,15,8,7,40,26,31,26,45,45,45,45,84,76,72,75,74,79,76,68,29,37,24,27,25
Tampa Bay Bucs,Kelvin Joseph,CB,26,70,Normal,313,5,Kentucky,"6'1""",192,18600000,2000000,2230000,10,0,93,93,88,58,58,22,6,6,6,68,65,38,29,22,20,53,51,76,32,35,35,35,35,49,28,40,49,72,62,65,63,71,69,73,19,12
Tampa Bay Bucs,Luke Wysong,WR,23,70,Normal,621,0,Arizona,"5'10""",186,0,0,0,0,0,93,93,90,56,54,38,28,24,20,78,76,72,72,74,71,76,73,80,42,45,22,28,20,38,21,23,29,31,31,28,28,22,26,25,34,29
Tampa Bay Bucs,David Walker,LEDG,26,69,Normal,434,1,Central Arkansas,"6'1""",263,3720000,960000,1120000,3,0,83,85,79,78,71,25,6,6,6,60,55,28,30,26,23,58,42,59,46,45,45,45,45,75,72,65,71,81,75,79,69,56,62,44,24,20
Tampa Bay Bucs,Billy Schrauth,LG,22,69,Normal,334,0,Notre Dame,"6'5""",310,4370000,480000,1000000,4,0,64,69,61,87,68,17,6,6,6,25,25,12,13,5,5,22,10,10,28,75,73,73,74,82,36,37,27,42,35,28,28,15,15,10,21,23
Tampa Bay Bucs,Josh Hayes,CB,27,69,Normal,353,3,Kansas State,"6'0""",190,3830000,200000,1190000,1,0,91,91,81,58,69,27,6,6,6,67,64,39,21,11,10,55,60,67,40,35,35,35,35,44,31,36,45,74,53,79,73,71,69,67,21,15
Tampa Bay Bucs,Elijah Klein,C,26,68,Normal,267,2,UTEP,"6'4""",319,4010000,130000,1100000,2,0,62,64,59,83,75,26,19,15,12,31,23,19,21,13,11,42,22,19,31,73,71,77,77,82,10,10,10,15,33,25,18,12,12,10,29,24
Tampa Bay Bucs,Brandon Smith,MIKE,25,66,Normal,208,4,Penn State,"6'3""",240,14300000,0,1250000,10,0,88,90,84,69,63,24,21,11,11,53,55,13,17,8,5,49,38,47,37,45,45,45,45,68,52,59,64,79,76,84,62,64,64,60,16,13
Tampa Bay Bucs,Desmond Ridder,QB,27,66,Normal,419,4,Cincinnati,"6'3""",207,15000000,0,1510000,10,0,88,89,78,64,54,89,82,79,73,48,21,15,20,15,11,57,56,61,45,18,13,14,15,23,10,10,21,27,27,17,12,10,12,10,19,15
Tampa Bay Bucs,Nadame Tucker,LEDG,26,66,Normal,464,0,W. Michigan,"6'3""",250,0,0,0,0,0,81,87,69,74,58,21,6,6,6,49,46,13,10,10,10,45,34,37,35,45,45,45,45,84,72,71,74,80,77,78,57,32,45,39,17,43
Tampa Bay Bucs,JJ Roberts,FS,24,65,Normal,259,1,Marshall,"5'11""",192,2490000,30000,890000,2,0,91,93,85,62,59,24,6,6,6,63,58,22,25,20,15,62,54,64,51,35,35,35,35,59,33,32,49,71,68,76,55,64,67,58,18,14
Tampa Bay Bucs,John Bullock,SAM,25,65,Normal,231,1,Nebraska,"6'0""",230,3750000,10000,1010000,2,0,85,85,79,69,67,21,6,6,6,58,49,25,25,23,21,56,39,50,45,45,45,45,45,69,51,53,62,80,81,80,62,61,66,48,15,15
Tampa Bay Bucs,Kameron Johnson,WR,24,64,Normal,276,2,Barton,"5'10""",170,2660000,10000,1070000,1,0,90,92,82,63,66,40,33,26,20,77,73,62,67,66,64,69,67,79,38,41,21,24,17,33,10,10,24,32,26,19,25,20,27,21,19,13
Tampa Bay Bucs,Javin Wright,MIKE,26,64,Normal,227,0,Nebraska,"6'4""",232,2980000,130000,890000,3,0,85,88,85,70,52,25,6,6,6,61,50,12,15,5,5,62,38,56,42,45,45,45,45,74,56,52,64,80,81,82,49,63,68,44,22,20
Tampa Bay Bucs,BJ Green II,LEDG,23,64,Normal,405,1,Colorado,"6'1""",270,0,0,0,0,0,82,89,73,80,52,21,7,6,5,35,32,12,10,5,3,27,24,19,35,40,35,35,30,79,64,67,68,79,77,77,52,44,50,20,36,31
Tampa Bay Bucs,Marcus Banks,FS,25,64,Normal,286,2,Mississippi State,"6'0""",190,0,0,0,0,0,91,91,87,63,63,26,16,13,10,65,58,16,25,21,16,62,56,72,46,34,34,34,34,47,35,42,46,64,64,52,55,63,65,63,20,15
Tampa Bay Bucs,Devin Culp,TE,26,63,Normal,192,2,Washington,"6'4""",237,4010000,90000,1090000,2,0,89,92,74,68,69,30,15,10,6,76,72,65,59,53,47,71,67,68,65,51,50,50,49,57,17,17,29,28,33,27,22,14,21,17,18,15
Tampa Bay Bucs,Bauer Sharp,TE,23,63,Normal,227,0,LSU,"6'5""",249,4370000,280000,950000,4,0,85,83,82,71,57,57,40,34,31,77,79,65,63,57,53,66,68,71,59,56,55,55,54,58,20,20,25,28,25,25,29,19,21,18,27,26
Tampa Bay Bucs,Dominic DeLuca,WILL,24,63,Normal,260,0,Penn State,"6'1""",228,0,0,0,0,0,85,87,83,68,56,15,6,6,6,61,47,15,15,5,5,60,24,35,32,45,45,45,45,68,56,51,63,82,75,78,56,61,66,47,14,12
Tampa Bay Bucs,Trevian Thomas,CB,24,63,Normal,347,1,Arkansas State,"5'11""",196,0,0,0,0,0,90,91,81,62,55,25,6,6,6,65,63,24,24,18,12,55,49,69,27,35,35,30,30,43,28,33,43,69,52,57,53,67,68,69,12,18
Tampa Bay Bucs,Blayne Taylor,WR,24,62,Normal,321,1,Abilene Christian,"6'4""",212,0,0,0,0,0,91,87,75,66,68,30,26,22,19,75,79,66,65,67,67,71,69,72,45,42,30,30,20,41,19,22,32,38,31,36,25,21,25,26,23,19
Tampa Bay Bucs,Paul Rubelt,RT,25,61,Normal,213,0,UCF,"6'10""",313,0,0,0,0,0,73,71,52,84,59,19,6,6,6,22,15,14,12,5,5,43,15,10,21,67,67,70,71,73,44,36,31,21,30,38,29,13,15,10,14,10
Tampa Bay Bucs,Evan Deckers,LS,27,58,Normal,71,3,Duke,"6'3""",252,1070000,0,1070000,1,0,67,62,56,62,55,35,6,6,6,67,60,33,43,38,24,65,20,45,46,44,39,50,55,54,10,10,41,24,39,12,34,14,23,32,29,18
Dallas Cowboys,CeeDee Lamb,WR,27,93,X-Factor,1501,6,Oklahoma,"6'2""",200,34740000,80940000,19650000,3,0,89,91,94,70,93,37,31,26,21,88,96,97,93,93,95,76,86,93,71,51,24,39,27,46,10,10,30,31,38,29,16,18,25,17,48,33
Dallas Cowboys,Quinnen Williams,DT,21,92,Superstar,1108,7,Alabama,"6'3""",303,77290000,18250000,21630000,2,0,83,82,78,94,93,23,6,6,6,44,36,15,13,8,5,39,16,29,41,45,46,44,44,91,86,79,93,88,86,85,93,18,30,14,17,17
Dallas Cowboys,Dak Prescott,QB,33,91,X-Factor,3546,10,Mississippi State,"6'2""",238,4400000,0,880000,1,0,84,83,81,75,94,92,93,90,89,42,20,19,18,17,15,68,74,68,72,39,38,21,14,39,9,9,29,40,46,40,21,12,18,9,26,22
Dallas Cowboys,George Pickens,WR,25,89,Superstar,1177,4,Georgia,"6'3""",200,27290000,0,27290000,1,0,91,93,94,61,86,28,15,10,6,92,98,83,88,85,84,71,75,82,37,50,31,32,21,49,11,11,22,31,24,18,15,12,17,16,19,16
Dallas Cowboys,Tyler Smith,LG,25,89,Star,773,4,Tulsa,"6'6""",332,49390000,43530000,10300000,5,0,71,80,59,97,89,24,6,6,6,35,15,12,15,10,5,39,9,10,25,89,89,84,86,92,10,10,20,25,30,32,20,10,12,10,20,18
Dallas Cowboys,Brandon Aubrey,K,31,88,Superstar,618,4,Notre Dame,"6'3""",218,24260000,9500000,3400000,5,0,81,76,74,49,75,37,31,26,21,30,15,15,15,14,12,28,15,34,10,15,12,17,14,21,10,10,15,40,28,29,13,15,18,10,99,97
Dallas Cowboys,Caleb Downs,SS,21,86,Superstar,1000,0,Ohio State,"6'0""",206,4370000,24550000,5250000,4,0,89,93,90,73,84,24,6,6,6,73,65,40,47,44,37,67,65,70,56,35,35,35,35,60,35,46,62,85,78,87,85,76,77,71,22,22
Dallas Cowboys,Javonte Williams,HB,26,86,Star,815,5,North Carolina,"5'10""",220,15000000,8940000,3890000,3,0,88,90,84,82,86,32,10,10,10,69,53,49,65,57,53,91,90,84,94,52,43,63,37,52,10,10,31,38,35,30,15,15,20,17,18,14
Dallas Cowboys,Jalen Thompson,FS,28,85,Star,669,7,Washington State,"5'11""",190,20300000,12580000,4620000,3,0,90,92,83,60,87,22,6,6,6,78,69,15,20,10,10,58,44,70,37,35,35,35,35,58,50,54,58,83,82,70,85,73,82,68,21,21
Dallas Cowboys,Rashan Gary,LEDG,28,84,Star,969,7,Michigan,"6'5""",277,3800000,15600000,5700000,2,0,85,87,78,83,91,23,6,6,6,30,16,14,14,10,6,32,20,33,24,45,45,45,45,86,80,70,83,87,87,78,88,39,49,30,10,10
Dallas Cowboys,DaRon Bland,CB,27,83,Star,690,4,Fresno State,"6'0""",197,29340000,37220000,17010000,4,0,91,92,84,60,83,22,6,6,6,85,59,15,15,11,10,58,62,82,26,35,35,35,35,58,33,40,54,76,67,57,85,83,83,86,18,19
Dallas Cowboys,Bobby Okereke,MIKE,30,83,Normal,575,7,Stanford,"6'1""",235,3720000,0,3720000,1,0,88,87,80,73,80,25,6,6,6,70,41,20,15,5,5,47,19,44,37,45,45,45,45,75,63,57,76,93,89,82,82,73,76,50,17,14
Dallas Cowboys,Malachi Lawrence,LEDG,23,82,Superstar,1187,0,UCF,"6'4""",253,10120000,10080000,3670000,4,0,91,91,82,80,77,26,10,17,10,37,42,19,17,15,10,51,44,41,40,45,45,45,45,82,82,82,83,85,83,87,76,36,43,43,27,20
Dallas Cowboys,Tyler Booker,RG,22,82,Star,622,1,Alabama,"6'5""",321,4190000,18200000,5070000,3,0,60,59,53,94,84,21,6,6,6,23,21,15,10,5,5,20,5,10,29,85,86,81,78,94,48,46,43,41,54,52,21,11,13,10,14,13
Dallas Cowboys,Jake Ferguson,TE,27,82,Superstar,724,4,Wisconsin,"6'5""",244,18900000,34670000,10400000,4,0,81,85,81,69,81,30,25,20,14,89,83,72,78,75,65,69,73,75,74,66,61,65,59,65,31,24,36,40,37,35,36,14,21,12,21,19
Dallas Cowboys,Cobie Durant,CB,28,81,Star,716,4,South Carolina State,"5'11""",180,1750000,2250000,4000000,1,0,92,93,86,50,83,42,43,39,34,78,69,25,30,25,22,63,53,72,30,30,30,25,25,42,29,33,44,73,57,56,82,78,85,64,20,22
Dallas Cowboys,Kenny Clark,DT,21,80,Superstar,622,10,UCLA,"6'3""",314,38450000,37870000,12700000,2,0,74,75,61,91,81,23,6,6,6,24,24,15,13,5,3,34,14,24,35,45,46,44,44,90,78,69,80,82,86,82,82,33,38,13,17,17
Dallas Cowboys,KaVontae Turpin,WR,21,80,Normal,704,5,TCU,"5'9""",160,8400000,5040000,4640000,2,0,97,94,91,48,83,41,35,28,24,84,81,86,75,75,76,72,81,87,36,30,12,22,10,32,9,10,11,24,12,13,17,25,24,10,15,12
Dallas Cowboys,Bryan Anger,P,37,79,Normal,218,14,California,"6'3""",202,4400000,2000000,4100000,1,0,73,74,60,55,68,50,30,30,25,65,35,15,15,15,15,60,26,54,25,25,17,19,19,22,12,14,17,39,34,22,28,11,25,10,92,87
Dallas Cowboys,Malik Hooker,FS,30,79,Normal,332,9,Ohio State,"6'2""",212,2750000,3800000,6550000,1,0,87,88,85,76,84,26,15,10,10,81,76,22,26,16,11,68,48,69,46,18,34,13,34,59,34,38,51,74,77,82,82,67,75,61,20,19
Dallas Cowboys,LT Overton,DT,21,78,Star,818,0,Alabama,"6'3""",274,4370000,760000,1070000,4,0,77,80,65,87,74,21,6,6,6,53,27,29,17,15,2,49,13,49,44,45,45,45,45,85,76,75,84,80,83,81,77,26,21,24,14,22
Dallas Cowboys,DeMarvion Overshown,WILL,26,78,Normal,526,3,Texas,"6'2""",220,23480000,10530000,1710000,8,0,88,92,78,64,82,22,6,6,6,66,66,34,38,33,27,59,51,66,45,40,40,35,35,67,52,67,71,89,82,90,79,70,70,65,18,16
Dallas Cowboys,Trent Sieg,LS,30,77,Normal,262,8,Colorado State,"6'3""",240,3890000,550000,1480000,2,0,75,67,75,72,68,29,6,6,6,47,45,27,30,26,20,58,25,52,45,50,46,53,54,67,24,26,46,49,65,45,46,24,25,16,17,20
Dallas Cowboys,Shavon Revel Jr,CB,25,77,Superstar,920,1,East Carolina,"6'2""",194,4920000,1360000,1470000,3,0,93,94,90,66,63,29,6,6,6,73,71,26,25,22,19,58,49,78,34,35,25,35,25,59,33,34,56,78,68,70,71,76,80,77,25,24
Dallas Cowboys,Jaishawn Barham,WILL,22,77,Star,655,0,Michigan,"6'4""",240,5380000,1400000,1230000,4,0,87,89,82,73,75,21,6,6,6,65,36,13,26,21,16,58,35,49,46,46,63,65,43,77,70,69,77,84,84,81,73,66,70,44,18,17
Dallas Cowboys,Dee Winters,WILL,25,77,Normal,424,3,TCU,"5'11""",227,6360000,130000,3700000,1,0,89,93,81,66,77,30,15,10,10,65,62,40,52,48,45,62,57,71,47,35,35,35,35,62,42,56,64,85,85,87,76,72,71,54,11,11
Dallas Cowboys,Ryan Flournoy,WR,26,76,Normal,715,2,SE Missouri State,"6'1""",200,2030000,0,1070000,1,0,92,92,84,62,78,29,20,15,15,89,82,77,78,77,75,72,76,78,48,52,33,33,28,52,10,10,28,34,31,29,15,13,18,15,19,15
Dallas Cowboys,Cooper Beebe,C,25,76,Normal,435,2,Kansas State,"6'4""",335,4780000,1130000,1610000,2,0,71,75,69,87,78,10,7,6,5,32,24,22,21,16,12,30,14,15,28,82,82,76,75,83,28,21,33,39,40,37,28,9,12,9,14,12
Dallas Cowboys,Jaydon Blue,HB,22,76,Normal,584,1,Texas,"5'9""",195,4190000,410000,1100000,3,0,93,95,89,65,67,31,24,19,15,71,60,60,68,64,59,84,78,86,79,36,27,53,39,40,25,27,30,43,30,27,37,29,31,26,24,25
Dallas Cowboys,Tyler Guyton,LT,24,75,Star,566,2,Oklahoma,"6'7""",327,6750000,6370000,3580000,2,0,67,75,71,85,84,25,12,9,7,33,25,15,21,17,15,39,18,41,25,80,78,79,78,87,23,24,29,39,28,33,33,16,14,13,9,8
Dallas Cowboys,Donovan Ezeiruaku,REDG,22,75,Normal,573,1,Boston College,"6'3""",248,6120000,4010000,2300000,3,0,83,89,85,77,73,22,9,6,6,38,21,14,15,8,7,42,23,34,28,45,45,45,45,81,69,77,78,84,77,77,74,33,43,28,21,15
Dallas Cowboys,Terence Steele,RT,29,75,Normal,251,6,Texas Tech,"6'6""",310,12000000,26760000,8720000,3,0,74,75,57,88,73,22,6,6,6,41,25,14,27,12,10,40,5,10,25,84,83,72,75,83,10,10,25,24,32,20,15,15,20,10,17,12
Dallas Cowboys,Devin Moore,CB,22,74,Normal,626,0,Florida,"6'3""",198,4370000,1160000,1170000,4,0,90,93,86,58,75,21,6,6,6,62,62,33,28,28,35,61,58,68,36,35,35,35,35,57,32,38,51,72,60,59,72,74,77,76,16,14
Dallas Cowboys,P.J. Locke,SS,29,74,Normal,253,7,Texas,"5'10""",210,2000000,1970000,3970000,1,0,90,86,80,66,78,27,15,10,10,67,62,23,20,10,10,58,40,64,31,16,33,25,34,69,52,58,57,78,69,83,77,66,74,64,21,18
Dallas Cowboys,Joe Milton,QB,26,73,Superstar,1413,2,Tennessee,"6'5""",246,4010000,180000,1070000,2,0,88,87,79,64,59,99,88,80,73,27,10,13,10,10,10,60,51,56,60,17,10,12,14,24,10,10,22,24,24,21,16,10,12,10,22,21
Dallas Cowboys,Sam Williams,REDG,27,73,Normal,446,4,Ole Miss,"6'4""",261,1400000,1100000,2500000,1,0,88,90,81,79,70,20,6,6,6,42,30,13,10,7,5,35,19,27,33,45,45,45,45,85,74,64,67,82,79,79,67,30,40,24,12,14
Dallas Cowboys,Markquese Bell,SS,27,73,Normal,286,4,Florida A&M,"6'3""",205,5000000,3760000,2830000,2,0,91,94,77,68,71,36,33,31,28,66,61,27,34,31,29,57,52,64,43,35,35,34,34,63,44,54,67,78,76,85,70,64,69,64,13,11
Dallas Cowboys,Hunter Luepke,FB,26,73,Normal,241,3,North Dakota State,"6'1""",238,5530000,2510000,3000000,2,0,86,91,83,69,71,43,35,31,23,76,62,56,66,66,58,74,58,68,71,62,59,59,52,64,44,35,49,57,49,55,35,21,28,18,20,21
Dallas Cowboys,Caelen Carson,CB,24,72,Normal,535,2,Wake Forest,"6'0""",193,3860000,250000,1130000,2,0,88,93,89,52,70,27,19,11,6,68,56,27,26,16,14,54,59,70,26,25,16,15,12,45,33,27,52,78,68,69,70,67,73,74,18,17
Dallas Cowboys,Anthony Smith,WR,24,72,Normal,601,0,East Carolina,"6'2""",189,4370000,160000,920000,4,0,92,94,85,57,61,60,49,40,42,81,84,77,75,72,76,69,72,78,47,46,27,29,27,38,18,19,24,25,26,23,26,19,24,18,62,60
Dallas Cowboys,Jonathan Mingo,WR,25,72,Normal,525,3,Ole Miss,"6'2""",220,1140000,0,1140000,1,0,90,92,82,71,72,30,15,10,6,80,82,75,81,76,76,71,74,72,58,50,24,32,23,49,10,10,39,45,43,38,27,26,36,28,25,18
Dallas Cowboys,Shemar James,MIKE,22,70,Normal,349,1,Florida,"6'2""",222,4190000,410000,1100000,3,0,83,82,81,73,71,27,6,6,6,60,53,25,27,24,21,64,41,54,43,45,45,45,45,72,56,58,71,82,86,81,68,57,63,46,22,19
Dallas Cowboys,Israel Abanikanda,HB,23,70,Normal,374,3,Pittsburgh,"5'11""",215,2260000,0,1070000,2,0,92,90,83,67,66,24,20,15,10,61,46,53,52,46,37,86,75,81,61,48,25,46,36,38,18,19,37,48,43,30,40,37,45,40,18,13
Dallas Cowboys,Sam Howell,QB,25,69,Normal,507,4,North Carolina,"6'1""",220,2000000,500000,2500000,1,0,82,87,78,64,52,91,84,86,76,61,51,15,15,14,12,66,71,72,53,23,22,15,18,27,10,10,24,33,29,23,13,12,14,10,36,37
Dallas Cowboys,Luke Schoonmaker,TE,27,69,Normal,251,3,Michigan,"6'5""",250,4690000,1530000,1980000,1,0,85,88,89,72,66,37,15,10,6,80,79,63,64,57,52,73,53,60,62,64,63,61,61,66,18,25,43,55,52,47,40,34,39,34,18,14
Dallas Cowboys,Marist Liufau,LEDG,25,69,Normal,599,2,Notre Dame,"6'2""",234,0,0,0,0,0,84,88,78,73,68,26,23,21,19,60,54,29,31,29,24,62,28,57,53,45,45,40,41,78,72,61,75,83,76,88,67,68,66,63,28,24
Dallas Cowboys,Kevin Coleman Jr.,WR,22,69,Normal,586,0,Missouri,"5'10""",178,0,0,0,0,0,89,89,90,59,60,27,20,18,15,84,80,68,70,69,67,77,74,80,45,48,29,31,26,43,17,18,23,25,25,24,24,20,23,24,29,28
Dallas Cowboys,Phil Mafah,HB,23,68,Normal,343,1,Clemson,"6'1""",234,3730000,90000,900000,3,0,88,88,80,75,74,44,37,30,26,67,50,48,58,50,45,90,78,77,81,38,36,53,41,45,34,28,41,46,41,39,35,30,34,30,27,30
Dallas Cowboys,Trikweze Bridges,CB,25,68,Normal,417,1,Florida,"6'3""",196,4190000,0,1000000,3,0,91,94,83,62,65,22,19,19,15,73,68,35,35,33,32,59,50,72,32,35,25,35,25,42,24,37,47,70,52,52,61,71,73,64,23,28
Dallas Cowboys,Drew Shelton,RT,22,68,Normal,264,0,Penn State,"6'5""",313,4370000,1160000,1170000,4,0,67,71,66,83,70,18,6,6,6,21,15,18,14,5,5,25,15,10,26,73,72,75,72,78,33,34,25,33,25,44,20,15,15,10,10,12
Dallas Cowboys,Otito Ogbonnia,DT,26,68,Normal,205,4,UCLA,"6'4""",320,1500000,890000,2390000,1,0,61,64,53,86,74,22,6,6,6,26,18,14,14,8,5,24,17,24,31,45,45,45,45,85,70,63,75,73,79,82,72,20,35,18,18,19
Dallas Cowboys,Trevor Keegan,LG,26,67,Normal,228,2,Michigan,"6'6""",305,3730000,240000,1190000,2,0,64,72,60,85,71,22,15,11,11,31,15,20,10,5,5,25,13,19,29,72,70,73,72,80,15,15,21,23,34,35,21,10,10,10,26,24
Dallas Cowboys,Micah Abraham,CB,25,67,Normal,476,2,Marshall,"5'10""",185,0,0,0,0,0,91,92,80,53,61,25,15,10,6,78,69,25,25,23,21,55,61,70,34,35,31,33,24,38,30,34,45,67,54,51,66,72,68,57,21,22
Dallas Cowboys,Ajani Cornelius,RT,24,66,Normal,239,1,Oregon,"6'5""",312,4050000,200000,1050000,3,0,64,70,51,86,69,13,6,6,6,20,21,13,18,5,5,30,13,14,28,70,71,74,72,83,28,27,29,29,29,33,31,10,12,10,14,12
Dallas Cowboys,Nathan Thomas,LT,25,66,Normal,451,2,UL Lafayette,"6'5""",332,0,0,0,0,0,66,74,52,85,62,25,20,15,10,53,59,50,43,40,35,57,44,41,47,76,72,69,72,85,10,10,32,34,28,31,10,12,12,10,25,15
Dallas Cowboys,Jamal Hill,WILL,25,66,Normal,330,2,Oregon,"6'0""",226,0,0,0,0,0,91,89,78,65,63,28,24,23,21,64,60,20,15,10,5,55,52,65,48,45,40,35,35,65,51,59,63,79,78,77,61,60,69,55,18,11
Dallas Cowboys,Brevyn Spann-Ford,TE,26,65,Normal,246,2,Minnesota,"6'7""",270,2820000,10000,1070000,1,0,80,83,71,72,65,25,15,10,5,77,76,63,63,59,51,70,62,63,67,64,65,61,62,64,46,40,51,59,55,58,31,29,38,31,29,22
Dallas Cowboys,Jay Toia,DT,23,65,Normal,325,1,UCLA,"6'3""",341,0,0,0,0,0,65,72,53,86,72,19,14,10,7,20,18,13,17,15,12,41,28,17,30,45,45,45,45,83,68,60,73,71,73,74,71,11,16,13,21,21
Dallas Cowboys,Reddy Steward,CB,25,65,Normal,403,2,Troy,"5'11""",178,0,0,0,0,0,88,94,76,55,59,24,6,6,6,63,61,24,30,18,15,55,52,69,30,35,35,30,30,43,27,32,43,70,54,56,55,68,72,66,12,18
Dallas Cowboys,Isaiah Johnson,CB,26,65,Normal,383,2,Syracuse,"6'3""",205,0,0,0,0,0,92,91,89,60,57,25,6,6,6,62,61,28,24,23,21,59,45,70,25,35,35,35,35,43,26,28,43,71,55,57,59,66,69,68,15,13
Dallas Cowboys,Julius Wood,SS,25,64,Normal,286,2,East Carolina,"6'1""",193,0,0,0,0,0,88,87,90,63,55,21,6,6,6,70,68,25,35,25,18,68,57,72,48,35,35,35,35,61,35,29,59,80,72,79,57,66,63,67,17,19
Dallas Cowboys,Michael Trigg,TE,24,63,Normal,231,0,Baylor,"6'4""",240,2830000,310000,900000,3,0,85,88,80,73,57,31,20,15,13,75,81,65,63,57,57,70,64,70,61,56,55,55,56,61,43,40,43,40,50,57,44,18,22,18,26,28
Dallas Cowboys,Jahfari Harvey,REDG,25,63,Normal,366,1,SMU,"6'2""",255,0,0,0,0,0,80,84,77,78,53,19,6,6,6,33,24,15,13,7,5,35,23,28,29,45,45,45,45,66,67,66,68,77,77,77,52,36,49,30,15,13
Dallas Cowboys,Jahmal Banks,WR,24,63,Normal,347,1,Nebraska,"6'3""",205,0,0,0,0,0,87,86,77,64,66,61,50,49,46,83,80,71,67,66,62,72,67,71,48,43,29,30,20,40,15,18,27,30,25,27,23,19,24,23,18,16
Dallas Cowboys,Luke Kandra,RG,25,63,Normal,244,1,Cincinnati,"6'5""",320,0,0,0,0,0,67,72,43,93,56,15,6,6,6,20,11,15,14,5,5,25,9,10,32,70,69,69,68,80,16,10,27,26,25,25,13,11,12,10,15,11
Philadelphia Eagles,Lane Johnson,RT,21,99,Superstar,1290,13,Oklahoma,"6'6""",325,5390000,84050000,20290000,3,0,76,77,74,94,99,65,59,54,50,64,57,45,46,33,25,67,30,54,65,98,99,99,99,97,53,60,56,55,60,60,29,12,20,10,25,22
Philadelphia Eagles,DeVonta Smith,WR,27,93,Superstar,1330,5,Alabama,"6'0""",170,6080000,55110000,10720000,3,0,92,95,93,49,96,31,25,19,14,97,92,87,92,92,91,74,75,83,46,42,19,31,21,38,11,14,38,52,36,31,24,29,36,19,18,15
Philadelphia Eagles,Cooper DeJean,SS,23,92,Star,1216,2,Iowa,"6'0""",202,5690000,3570000,2520000,2,0,93,91,90,65,92,55,57,53,47,80,71,58,57,56,53,70,73,74,58,44,35,35,35,58,31,36,61,81,81,74,90,83,91,79,25,26
Philadelphia Eagles,Jordan Mailata,LT,29,91,Superstar,1278,8,No College,"6'8""",365,6320000,74330000,15850000,3,0,76,70,68,97,94,39,6,6,6,57,48,20,30,25,20,64,44,51,74,91,90,89,90,93,15,15,36,57,52,60,16,12,17,10,18,13
Philadelphia Eagles,Dallas Goedert,TE,31,89,Superstar,922,8,South Dakota State,"6'5""",256,1300000,17980000,10180000,1,0,86,85,82,78,94,27,15,10,5,90,85,82,80,74,70,73,76,76,76,74,68,61,58,61,10,10,30,35,37,28,15,10,17,10,19,15
Philadelphia Eagles,Quinyon Mitchell,CB,25,89,Superstar,1473,2,Toledo,"6'0""",195,5530000,9250000,4030000,2,0,94,94,90,66,90,31,23,21,11,78,74,44,28,26,23,75,66,75,45,25,21,26,13,55,25,30,49,75,69,70,89,87,89,80,21,19
Philadelphia Eagles,Jalen Carter,DT,25,89,Superstar,989,3,Georgia,"6'3""",314,38560000,81880000,11780000,6,0,82,88,78,94,90,21,6,6,6,50,40,38,37,34,29,48,25,44,51,55,56,45,45,90,90,75,81,85,82,90,92,22,28,25,51,43
Philadelphia Eagles,Jonathan Greenard,REDG,21,86,Superstar,1322,6,Florida,"6'3""",263,5370000,61320000,6270000,4,0,86,87,82,81,91,23,6,6,6,63,47,29,31,21,19,56,24,47,32,45,45,45,45,86,79,89,86,87,84,82,91,42,52,44,21,18
Philadelphia Eagles,Landon Dickerson,LG,27,85,Star,638,5,Alabama,"6'6""",332,3860000,45940000,9450000,3,0,66,64,66,93,85,24,6,6,6,31,17,16,12,6,7,28,7,11,27,84,86,82,85,91,10,10,39,21,36,40,32,6,10,10,12,12
Philadelphia Eagles,Jordan Davis,DT,26,84,Star,747,4,Georgia,"6'6""",336,5200000,58150000,5060000,4,0,81,86,58,96,80,14,6,6,6,34,28,14,13,5,3,53,29,22,48,45,45,45,45,92,77,65,83,78,88,82,82,11,19,14,15,11
Philadelphia Eagles,Riq Woolen,CB,27,84,Star,945,4,UTSA,"6'4""",210,1260000,6940000,3400000,1,0,96,96,87,60,84,27,15,10,6,82,71,44,44,42,40,62,53,71,39,35,35,35,35,53,29,34,50,71,56,61,83,79,80,86,24,18
Philadelphia Eagles,Nolan Smith Jr,LEDG,25,84,Superstar,1280,3,Georgia,"6'2""",238,20010000,5720000,3810000,2,0,90,92,87,69,84,25,21,15,11,50,42,19,20,15,11,49,36,55,39,40,40,35,35,83,72,81,75,85,88,84,82,47,55,37,20,20
Philadelphia Eagles,Jalen Hurts,QB,28,83,X-Factor,1757,6,Oklahoma,"6'1""",223,53390000,109800000,31960000,3,0,88,90,90,76,81,86,91,87,84,66,54,27,40,31,17,63,81,83,73,33,19,22,18,36,10,10,28,36,37,30,20,16,22,14,23,23
Philadelphia Eagles,Jihaad Campbell,MIKE,22,82,Star,728,1,Alabama,"6'3""",235,6200000,8670000,3380000,3,0,90,91,87,72,74,25,6,6,6,66,60,32,35,30,27,62,38,56,42,45,45,45,45,74,56,62,73,91,87,84,74,72,78,54,22,20
Philadelphia Eagles,Calais Campbell,DT,40,82,Normal,309,18,Miami,"6'8""",315,6900000,500000,7400000,1,0,73,73,73,89,83,35,6,6,6,41,15,12,10,3,2,46,16,15,41,45,45,45,45,91,81,73,89,81,83,83,84,20,27,35,30,30
Philadelphia Eagles,Makai Lemon,WR,22,81,Star,901,0,USC,"5'11""",194,4370000,16410000,3770000,4,0,92,91,92,69,77,62,58,54,57,87,86,84,83,83,80,80,78,86,48,48,31,30,32,43,25,27,33,42,42,38,35,36,40,29,30,29
Philadelphia Eagles,Braden Mann,P,28,80,Normal,319,6,Texas A&M,"5'11""",198,5370000,6080000,1660000,4,0,77,78,77,45,70,28,15,15,15,30,12,12,10,10,10,25,20,10,15,20,23,20,24,23,10,10,26,25,44,12,10,21,29,10,93,88
Philadelphia Eagles,Tank Bigsby,HB,24,80,Normal,635,3,Auburn,"6'0""",213,4310000,1080000,1710000,1,0,92,92,84,75,79,27,20,16,12,62,53,51,56,48,40,89,84,87,85,34,18,54,32,36,10,10,31,39,32,27,14,11,16,15,17,15
Philadelphia Eagles,Mike Jackson,CB,29,80,Normal,542,7,Miami,"6'1""",210,5420000,0,4250000,1,0,90,87,83,61,85,25,6,6,6,69,64,45,29,19,12,57,43,67,31,35,35,35,35,45,32,37,53,75,65,63,84,83,83,74,15,14
Philadelphia Eagles,Jake Elliott,K,31,79,Normal,257,9,Memphis,"5'9""",167,4030000,15200000,4650000,3,0,75,77,64,34,65,28,33,19,15,27,17,16,20,15,12,33,14,16,11,20,16,20,17,18,10,10,26,39,27,25,18,20,14,10,97,87
Philadelphia Eagles,Marquise Brown,WR,29,79,Normal,588,7,Oklahoma,"5'9""",170,1300000,3700000,2040000,1,0,94,92,94,44,73,42,30,20,15,88,84,78,78,78,81,75,72,86,25,38,10,23,10,33,10,10,19,22,18,12,16,17,27,12,19,16
Philadelphia Eagles,Andrew Mukuba,FS,23,78,Star,649,1,Texas,"5'11""",186,5300000,1840000,1620000,3,0,92,91,82,64,74,25,6,6,6,73,64,36,38,33,29,64,57,68,50,35,35,35,35,53,35,33,57,85,80,78,70,72,76,70,20,18
Philadelphia Eagles,Arnold Ebiketie,LEDG,27,78,Normal,724,4,Penn State,"6'3""",256,1300000,3000000,1900000,1,0,83,86,84,76,75,23,6,6,6,45,34,30,24,16,13,45,14,21,24,45,45,45,45,82,71,79,75,84,86,80,72,33,43,27,15,16
Philadelphia Eagles,Cam Jurgens,C,27,78,Star,443,4,Nebraska,"6'3""",303,7800000,38840000,5210000,4,0,74,78,74,83,87,20,6,6,6,47,40,42,39,36,32,45,35,42,39,80,76,78,75,78,20,18,25,35,26,32,15,10,10,12,19,15
Philadelphia Eagles,Markel Bell,RG,22,77,Superstar,701,0,Miami,"6'9""",346,5140000,2200000,1330000,4,0,64,66,64,87,81,12,6,6,6,24,17,18,14,5,5,30,16,10,24,78,80,80,80,87,10,10,25,24,27,42,22,13,15,10,10,12
Philadelphia Eagles,Jonathon Brooks,HB,23,77,Normal,527,2,Texas,"6'0""",207,5460000,0,1560000,2,0,90,91,90,70,69,23,20,15,10,65,50,56,65,58,51,91,80,84,81,32,21,54,43,36,10,10,35,41,38,34,30,23,30,25,28,22
Philadelphia Eagles,Trey Benson,HB,24,77,Normal,527,2,Florida State,"6'1""",220,8000000,1000000,1500000,4,0,93,94,85,77,67,29,25,20,15,70,53,56,65,59,55,95,82,85,79,43,27,55,33,40,26,31,42,47,49,47,37,27,34,29,18,14
Philadelphia Eagles,Dontayvion Wicks,WR,25,76,Normal,567,3,Virginia,"6'1""",206,2400000,7510000,2310000,2,0,89,88,87,60,80,53,45,39,35,83,82,73,79,79,79,71,75,82,46,42,18,23,24,43,10,10,20,31,29,21,16,10,10,16,24,20
Philadelphia Eagles,Michael Penix Jr,QB,26,76,Star,1512,2,Washington,"6'2""",216,4010000,0,1070000,2,0,84,89,78,57,73,92,86,87,81,30,15,15,15,14,12,68,50,58,29,12,12,15,15,12,10,10,18,28,18,12,17,12,15,10,22,21
Philadelphia Eagles,Jalyx Hunt,REDG,25,75,Star,702,2,Houston Christian,"6'3""",252,4550000,1040000,1520000,2,0,84,90,79,77,76,30,6,6,6,30,47,15,10,7,5,27,34,48,44,45,45,40,40,77,77,75,75,82,79,74,75,56,58,46,14,12
Philadelphia Eagles,Carson Steele,FB,23,75,Normal,439,2,UCLA,"6'1""",225,2120000,0,1000000,2,0,86,90,82,80,76,42,39,37,28,69,58,63,68,61,53,85,79,77,82,49,36,50,38,51,13,17,38,48,41,46,24,24,34,26,20,16
Philadelphia Eagles,Eli Stowers,TE,23,75,Star,547,0,Vanderbilt,"6'4""",239,5940000,2920000,1610000,4,0,89,91,85,73,67,86,74,69,67,86,84,70,67,65,63,75,70,71,60,58,53,54,55,54,27,23,25,26,28,28,26,15,20,18,29,28
Philadelphia Eagles,Marcus Epps,SS,30,75,Normal,327,7,Wyoming,"6'1""",198,1300000,250000,1550000,1,0,87,87,87,63,76,27,14,12,10,67,57,28,38,30,26,57,53,70,30,35,33,35,33,55,32,43,61,79,72,84,77,67,72,66,18,17
Philadelphia Eagles,Michael Carter II,FS,27,75,Normal,407,5,Duke,"5'10""",184,1210000,200000,1410000,1,0,91,92,85,55,77,27,6,6,6,68,66,27,22,16,11,54,39,72,28,35,35,35,35,38,30,36,47,71,61,45,79,77,76,72,18,17
Philadelphia Eagles,Tyler Steen,RT,26,75,Normal,320,3,Alabama,"6'6""",321,6550000,1320000,3960000,1,0,64,73,59,91,77,26,10,8,6,24,15,12,10,8,6,23,10,10,22,78,75,80,77,83,51,45,52,53,48,51,47,12,13,10,12,11
Philadelphia Eagles,Mekhi Becton Sr,RG,27,73,Normal,329,6,Louisville,"6'7""",363,3500000,580000,1620000,2,0,70,71,54,93,78,25,6,6,6,35,12,12,12,5,5,40,25,10,39,76,73,72,74,92,10,10,31,12,42,20,15,12,15,10,20,20
Philadelphia Eagles,Will Shipley,HB,24,73,Normal,553,2,Clemson,"5'11""",210,0,0,0,0,0,91,91,87,68,72,36,28,22,15,64,53,58,67,62,55,83,74,83,76,30,25,48,30,32,10,10,25,35,32,26,17,11,18,10,22,17
Philadelphia Eagles,Zah Frazier,CB,25,72,Normal,452,1,UTSA,"6'3""",186,15600000,660000,1460000,6,0,94,96,82,56,66,22,9,20,23,74,69,32,26,25,24,61,42,70,23,35,25,35,25,45,23,24,44,70,70,59,65,72,68,63,28,25
Philadelphia Eagles,Devontez Walker,WR,25,72,Normal,469,2,North Carolina,"6'2""",193,12420000,0,1360000,5,0,94,93,87,63,61,23,15,10,6,82,87,73,73,75,75,70,75,78,52,49,25,38,20,49,10,10,31,29,33,28,17,12,20,10,20,16
Philadelphia Eagles,Ty Robinson,DT,25,71,Normal,515,1,Nebraska,"6'6""",288,0,0,0,0,0,78,80,65,89,69,21,15,12,10,55,52,48,48,45,42,59,39,43,43,45,45,45,45,85,73,65,80,74,73,82,67,21,23,19,22,30
Philadelphia Eagles,Mac McWilliams,CB,24,71,Normal,660,1,UCF,"5'10""",191,0,0,0,0,0,92,93,86,59,67,25,19,27,23,67,64,30,29,31,30,56,49,74,30,35,25,35,25,51,29,26,46,73,51,55,69,72,73,69,24,28
Philadelphia Eagles,Smael Mondon Jr,SAM,23,70,Normal,348,1,Georgia,"6'2""",224,4190000,370000,1090000,3,0,86,92,83,70,69,26,25,22,19,52,48,23,28,25,22,59,37,46,41,45,45,45,45,70,51,53,69,80,81,80,71,56,65,50,21,17
Philadelphia Eagles,Derius Davis,WR,25,70,Normal,343,3,TCU,"5'8""",165,4530000,1040000,1910000,2,0,94,94,82,63,60,23,15,10,6,82,80,59,71,72,73,72,70,80,34,41,16,26,10,32,10,10,25,33,34,24,26,20,26,23,17,16
Philadelphia Eagles,BENTLY Dartson,QB,23,69,Star,759,6,Ole Miss,"6'2""",221,9270000,0,1270000,6,0,80,85,82,63,79,85,84,82,74,44,21,25,23,20,20,64,80,79,57,30,31,25,32,26,16,18,15,19,25,24,28,8,9,9,27,30
Philadelphia Eagles,Darius Cooper,WR,24,69,Normal,569,1,Tarleton State,"5'11""",210,0,0,0,0,0,89,91,81,65,65,32,20,17,12,81,79,70,72,75,76,72,73,77,43,48,30,30,27,44,11,11,24,32,35,34,24,18,26,22,23,22
Philadelphia Eagles,Micah Morris,RT,23,69,Normal,407,0,Georgia,"6'5""",334,0,0,0,0,0,69,77,64,89,64,12,6,6,6,29,25,12,18,5,5,23,10,10,26,73,76,73,74,82,31,30,32,34,37,26,26,14,16,10,27,24
Philadelphia Eagles,Cameron Williams,LG,22,68,Normal,310,1,Texas,"6'6""",317,3750000,240000,950000,3,0,66,72,55,88,65,22,6,6,6,19,18,16,18,5,5,29,33,19,31,74,73,72,73,85,32,11,25,13,32,30,27,12,15,10,16,19
Philadelphia Eagles,Velus Jones Jr,HB,29,68,Normal,213,4,Tennessee,"6'0""",200,2680000,0,1230000,2,0,94,95,79,64,62,28,20,15,10,78,77,73,71,68,72,76,74,79,41,46,26,30,22,44,10,10,21,26,21,19,16,11,16,13,16,11
Philadelphia Eagles,Harold Perkins Jr.,WILL,21,68,Normal,346,0,LSU,"6'1""",220,4370000,0,880000,4,0,88,91,82,68,63,24,6,6,6,60,62,16,25,20,15,68,56,65,51,46,60,64,41,68,57,61,70,83,78,76,66,53,61,46,15,16
Philadelphia Eagles,Keyshawn James-Newby,LEDG,24,68,Normal,559,0,New Mexico,"6'2""",238,0,0,0,0,0,87,86,80,75,61,25,20,15,10,32,30,18,18,15,10,49,40,30,38,45,45,45,45,71,76,66,68,75,77,76,56,22,28,32,28,29
Philadelphia Eagles,Cole Payton,QB,23,68,Normal,924,0,North Dakota State,"6'3""",232,0,0,0,0,0,87,91,80,68,43,85,84,83,77,59,18,21,28,20,16,65,74,75,70,24,17,16,15,25,11,12,20,24,37,18,16,10,13,10,17,13
Philadelphia Eagles,Kiran Amegadjie,LT,24,68,Normal,538,2,Yale,"6'5""",326,0,0,0,0,0,70,74,69,88,69,24,25,21,19,37,32,25,24,21,14,32,20,15,40,73,72,72,72,82,36,21,30,27,33,35,20,15,14,11,25,25
Philadelphia Eagles,Tre Tomlinson,CB,25,67,Normal,268,3,TCU,"5'8""",175,7600000,1000000,1540000,4,0,92,96,94,49,59,24,16,12,8,74,64,29,52,46,42,63,70,87,28,25,25,20,20,33,21,35,35,76,41,58,62,66,70,51,14,13
Philadelphia Eagles,Jeremiah Trotter Jr,SAM,23,67,Normal,366,2,Clemson,"6'0""",230,0,0,0,0,0,78,85,79,69,71,23,13,13,9,67,64,31,31,27,23,59,41,50,42,35,31,35,31,66,61,68,67,79,77,87,73,65,68,55,17,15
Philadelphia Eagles,Myles Hinton,LT,24,66,Normal,369,1,Michigan,"6'7""",325,3720000,210000,930000,3,0,66,69,56,82,67,29,6,6,6,22,15,14,12,5,5,43,20,14,21,73,70,72,71,80,44,36,31,21,30,38,29,13,15,10,14,10
Philadelphia Eagles,Isaiah Bolden,CB,26,66,Normal,219,3,Jackson State,"6'2""",205,5600000,0,1690000,4,0,95,93,80,63,56,26,16,13,8,59,58,36,35,32,28,66,74,80,55,35,35,30,30,50,31,39,44,75,58,69,53,65,71,67,19,13
Philadelphia Eagles,Zaire Barnes,MIKE,26,66,Normal,188,3,W. Michigan,"6'1""",232,2600000,500000,1420000,2,0,88,91,83,67,59,28,24,22,18,60,62,34,37,31,24,56,50,68,48,45,45,45,45,68,48,58,62,83,78,77,55,65,64,48,18,11
Philadelphia Eagles,Drew Kendall,RG,24,66,Normal,316,1,Boston College,"6'4""",308,0,0,0,0,0,71,72,66,81,76,15,6,6,6,22,22,12,18,10,5,23,6,10,21,71,69,71,71,79,25,11,15,31,23,24,24,11,10,10,13,12
Philadelphia Eagles,Cole Wisniewski,FS,24,65,Normal,315,0,Texas Tech,"6'3""",219,0,0,0,0,0,88,91,86,68,61,41,45,43,39,61,62,38,45,42,35,61,52,67,55,35,35,35,35,55,38,43,54,73,64,72,59,65,69,63,20,22
Philadelphia Eagles,Rocco Underwood,LS,24,64,Normal,125,0,Florida,"6'3""",231,3090000,0,880000,3,0,74,78,74,66,54,26,10,10,10,55,41,26,35,34,32,53,22,56,47,44,44,45,48,73,35,37,42,57,50,55,46,55,57,37,13,13
Philadelphia Eagles,Amare Barno,WILL,27,63,Normal,144,4,Virginia Tech,"6'6""",245,3200000,750000,1660000,2,0,91,93,75,74,61,15,6,6,6,35,22,12,10,8,5,34,26,42,28,45,45,45,45,76,61,67,66,81,74,80,58,32,44,24,15,13
Philadelphia Eagles,Willie Lampkin IV,C,24,61,Normal,176,1,North Carolina,"5'11""",290,2490000,0,880000,2,0,65,74,59,82,66,17,6,6,6,20,14,12,10,5,5,22,9,10,30,70,70,69,66,75,15,10,26,27,23,22,15,12,12,10,11,11
Philadelphia Eagles,Uar Bernard,DT,21,61,Normal,194,0,No College,"6'5""",306,4370000,120000,910000,4,0,84,90,54,91,57,22,6,6,6,24,17,17,14,12,2,40,11,22,33,45,45,45,45,86,56,45,63,75,68,77,53,22,29,22,15,19
Philadelphia Eagles,Kyron Johnson,SAM,28,61,Normal,129,4,Kansas,"6'0""",235,6600000,500000,1580000,3,0,92,92,83,66,65,24,6,6,6,32,30,22,20,15,10,35,38,64,34,45,45,45,45,68,56,64,62,79,77,84,56,30,40,26,15,14
Philadelphia Eagles,Jake Majors,C,24,59,Normal,193,1,Texas,"6'3""",304,0,0,0,0,0,65,70,60,83,57,16,6,6,6,23,15,13,15,5,5,21,9,10,29,69,69,67,68,79,15,10,27,29,25,28,13,12,13,10,14,13
New York G-Men,Andrew Thomas,LT,27,93,Superstar,1420,6,Georgia,"6'5""",315,66100000,52460000,19930000,4,0,68,64,63,90,91,23,6,6,6,46,42,19,29,14,10,33,8,22,33,86,85,94,96,93,10,10,27,24,31,30,13,12,15,10,24,22
New York G-Men,Brian Burns,REDG,21,92,Superstar,1497,7,Florida State,"6'5""",250,58550000,84240000,21380000,3,0,88,90,86,76,95,24,6,6,6,48,34,17,15,10,5,41,21,42,28,45,45,45,45,78,87,93,89,90,90,84,95,45,56,22,15,17
New York G-Men,Malik Nabers,WR,23,87,Superstar,1246,2,LSU,"6'0""",199,4010000,25180000,7960000,2,0,96,92,92,63,81,31,15,10,6,87,95,82,85,88,87,76,83,88,53,38,19,23,10,42,11,11,27,31,30,20,19,12,18,15,28,25
New York G-Men,Tremaine Edmunds,MIKE,28,84,Star,685,8,Virginia Tech,"6'4""",251,23050000,12830000,5560000,3,0,85,85,84,75,89,18,6,6,6,74,48,15,15,5,5,48,29,49,28,45,45,45,45,81,61,73,77,88,89,85,87,68,74,37,20,14
New York G-Men,D.J. Reader,DT,32,84,Star,646,10,Clemson,"6'3""",335,6900000,5600000,4500000,2,0,70,61,57,95,89,24,6,6,6,29,16,15,13,5,3,30,10,16,29,45,46,44,44,88,77,64,85,87,86,80,91,18,26,13,17,17
New York G-Men,Jevon Holland,FS,26,84,Star,591,5,Oregon,"6'1""",210,28210000,16920000,18500000,2,0,93,92,83,65,83,23,15,10,10,79,75,46,44,41,40,67,43,77,33,35,35,35,35,64,40,48,59,82,74,82,81,83,85,69,11,15
New York G-Men,Abdul Carter,REDG,22,83,Superstar,1041,1,Penn State,"6'4""",250,4190000,41050000,10280000,3,0,88,92,86,80,85,22,18,18,18,43,33,23,20,15,10,46,39,53,44,40,40,45,45,84,81,84,82,83,79,77,81,50,55,44,23,20
New York G-Men,Darius Slayton,WR,21,83,Superstar,959,7,Auburn,"6'1""",194,22240000,13630000,15910000,2,0,93,91,84,57,90,24,15,10,6,84,90,82,78,81,88,72,73,81,36,39,13,27,10,39,15,19,28,35,30,21,24,23,26,10,17,13
New York G-Men,Cam Skattebo,HB,24,83,Star,934,1,Arizona State,"5'10""",216,4000000,1050000,1210000,3,0,85,90,87,84,80,63,58,55,52,72,57,61,63,55,52,91,91,82,95,50,33,57,46,51,32,35,40,47,45,43,18,19,22,17,66,58
New York G-Men,Patrick Ricard,FB,32,82,Normal,418,9,Maine,"6'3""",305,3680000,3800000,2790000,2,0,72,75,71,88,81,23,6,6,6,70,40,42,54,43,35,68,56,62,68,72,62,70,54,79,74,66,72,72,79,79,74,53,58,36,17,17
New York G-Men,Tyrone Tracy Jr,HB,26,81,Normal,707,2,Purdue,"6'1""",210,4010000,290000,1140000,2,0,93,92,90,72,79,24,20,15,10,67,50,59,68,63,60,92,79,86,75,29,15,50,32,33,10,10,24,32,29,25,18,13,19,20,25,32
New York G-Men,Arvell Reese,WILL,21,81,X-Factor,800,0,Ohio State,"6'4""",241,4370000,31240000,8690000,4,0,90,92,85,80,80,24,6,6,6,65,43,17,23,18,13,55,37,59,47,45,60,64,42,71,73,72,78,87,86,86,79,54,65,50,14,16
New York G-Men,Jermaine Eluemunor,RT,31,80,Normal,391,9,Texas A&M,"6'4""",338,25050000,13920000,5920000,3,0,68,61,56,92,82,24,6,6,6,27,17,12,17,7,5,22,12,25,36,78,79,85,87,82,10,10,15,26,33,37,10,12,12,10,25,25
New York G-Men,Dru Phillips,CB,24,80,Star,1021,2,Kentucky,"5'11""",180,3930000,1120000,1310000,2,0,90,91,90,62,79,25,26,25,22,59,51,32,34,29,21,55,63,72,35,30,25,26,14,52,33,40,57,77,69,66,83,80,81,77,26,27
New York G-Men,Paulson Adebo,CB,27,80,Star,549,5,Stanford,"6'1""",192,29790000,23940000,24190000,2,0,92,91,91,64,78,30,6,6,6,77,70,38,37,34,28,63,51,70,41,35,35,35,35,44,37,44,50,73,74,61,78,73,80,87,32,31
New York G-Men,Greg Newsome II,CB,26,80,Star,658,5,Northwestern,"6'0""",192,4000000,4000000,8000000,1,0,91,92,90,60,83,22,6,6,6,70,60,38,39,32,26,61,53,75,32,35,35,35,35,49,28,40,49,73,45,64,82,80,75,82,19,12
New York G-Men,Francis Mauigoa,RG,21,80,Star,564,0,Miami,"6'6""",315,4370000,18960000,4710000,4,0,68,72,59,91,80,17,6,6,6,23,15,15,18,5,5,23,14,10,24,82,81,87,84,88,41,40,32,45,45,46,24,13,15,10,10,12
New York G-Men,Colton Hood,CB,21,79,Star,878,0,Tennessee,"6'0""",193,7010000,5760000,2320000,4,0,93,93,89,57,77,26,18,15,12,71,62,34,42,39,36,64,57,70,33,35,35,35,35,49,35,43,50,74,66,65,77,79,69,75,17,15
New York G-Men,Kayvon Thibodeaux,REDG,25,79,Normal,546,4,Oregon,"6'5""",258,26600000,17210000,14750000,3,0,88,89,84,81,77,22,10,6,6,46,40,30,26,23,19,48,23,38,34,45,45,45,45,85,81,73,78,85,80,83,76,51,58,43,15,17
New York G-Men,Jaxson Dart,QB,23,79,Superstar,1609,1,Ole Miss,"6'2""",221,7980000,8980000,3560000,3,0,84,88,82,63,78,88,90,87,79,44,21,25,23,20,20,65,80,79,57,30,31,25,32,26,16,18,15,19,25,24,28,8,9,9,27,30
New York G-Men,Theo Johnson,TE,25,78,Normal,643,2,Penn State,"6'6""",264,4010000,810000,1270000,2,0,87,90,79,75,82,29,27,15,10,82,80,71,70,65,63,76,69,69,69,63,59,60,59,65,20,20,27,31,31,15,15,12,14,10,18,12
New York G-Men,Micah McFadden,WILL,26,77,Normal,437,4,Indiana,"6'2""",232,1400000,1640000,3040000,1,0,84,90,83,72,77,22,6,6,6,63,39,12,23,14,8,50,33,47,35,45,45,45,45,88,64,59,75,86,83,84,79,64,67,41,16,16
New York G-Men,Graham Glasgow,C,34,77,Normal,276,10,Michigan,"6'6""",310,5220000,0,5220000,1,0,63,66,62,87,85,24,6,6,6,20,14,15,13,5,5,27,8,17,28,82,80,77,79,79,12,13,26,31,29,31,19,12,14,8,20,20
New York G-Men,Jerome Baker,SAM,29,77,Normal,417,8,Ohio State,"6'2""",232,2930000,0,2930000,1,0,89,86,83,74,79,22,6,6,6,66,65,18,20,15,10,61,33,64,24,45,44,45,43,75,58,69,74,85,86,78,76,66,66,46,18,12
New York G-Men,Tyler Nubin,SS,25,76,Star,505,2,Minnesota,"6'2""",210,5290000,2870000,2220000,2,0,87,85,82,62,80,25,10,8,7,77,72,21,15,15,13,63,61,68,55,45,41,40,36,76,48,49,69,76,70,85,82,74,76,72,20,20
New York G-Men,Devin Singletary,HB,28,76,Normal,362,7,FAU,"5'7""",203,8300000,4250000,2550000,1,0,86,88,88,70,78,24,21,15,12,70,48,50,60,54,47,86,80,87,78,31,24,63,38,41,10,10,25,37,37,21,12,13,15,15,14,10
New York G-Men,Darnell Mooney,WR,28,76,Normal,459,6,Tulane,"5'10""",173,1210000,1780000,2990000,1,0,90,91,83,58,77,23,10,10,10,81,88,82,79,79,78,73,76,84,35,55,34,26,13,46,10,10,28,34,30,27,27,20,28,24,17,15
New York G-Men,Calvin Austin,WR,27,76,Normal,560,4,Memphis,"5'9""",162,1200000,300000,1500000,1,0,94,96,91,53,75,35,35,28,19,82,78,66,74,75,76,72,71,80,34,45,12,26,19,39,10,10,30,41,32,28,30,22,33,21,20,17
New York G-Men,Deonte Banks,SS,25,76,Superstar,502,3,Maryland,"6'2""",205,19320000,6850000,4310000,2,0,94,97,90,60,70,25,17,14,12,66,61,41,39,36,32,55,64,77,48,34,34,29,29,51,33,41,55,74,65,69,68,69,77,76,16,17
New York G-Men,Riley Dixon,P,33,76,Normal,240,10,Syracuse,"6'4""",221,1340000,0,1340000,1,0,76,81,67,56,65,43,37,33,22,38,20,15,10,10,10,50,34,51,41,20,16,10,10,22,10,10,24,62,34,58,25,13,22,10,92,83
New York G-Men,Malachi Fields,WR,23,75,Star,722,0,Notre Dame,"6'4""",218,5480000,1680000,1300000,4,0,87,88,85,73,80,64,56,44,42,83,84,79,75,77,78,69,77,76,61,53,32,33,24,48,17,18,22,26,25,29,25,21,24,24,27,27
New York G-Men,Isaiah Likely,TE,26,75,Star,380,4,Coastal Carolina,"6'4""",241,24850000,15050000,6080000,3,0,84,86,81,66,61,24,21,15,11,89,81,74,73,68,66,73,68,78,67,64,60,53,49,54,20,30,33,36,36,31,36,25,30,34,18,12
New York G-Men,Daniel Faalele,RG,26,75,Normal,423,4,Minnesota,"6'8""",380,1210000,180000,1390000,1,0,57,47,39,90,77,29,15,12,9,34,30,15,24,16,10,44,37,23,45,79,82,77,81,87,15,13,35,32,44,48,16,7,7,10,21,15
New York G-Men,Jason Pinnock,SS,27,74,Normal,382,5,Pittsburgh,"6'0""",205,1210000,180000,1390000,1,0,90,93,86,61,75,35,6,6,6,72,69,51,47,44,40,56,51,72,41,39,39,35,35,55,33,37,52,70,64,61,77,68,74,73,20,20
New York G-Men,Evan Neal,RG,25,74,Normal,422,4,Alabama,"6'7""",340,1210000,0,1210000,1,0,75,78,61,91,66,26,6,6,6,30,24,12,14,8,5,29,24,32,35,80,82,70,75,87,30,33,34,31,35,39,30,10,12,10,18,17
New York G-Men,John Michael Schmitz Jr,C,27,74,Normal,279,3,Minnesota,"6'4""",320,6920000,1670000,4330000,1,0,61,72,57,84,81,26,28,24,18,35,31,15,10,8,5,33,30,20,30,81,78,76,79,80,26,25,28,34,35,39,15,10,10,10,19,15
New York G-Men,Josh Paschal,LEDG,26,74,Normal,497,4,Kentucky,"6'3""",278,2480000,0,2480000,1,0,79,91,72,85,70,20,6,6,6,38,36,31,33,29,25,42,31,34,43,45,45,45,45,87,74,57,79,82,83,82,70,32,41,37,19,12
New York G-Men,Darius Alexander,DT,26,73,Normal,377,1,Toledo,"6'4""",305,5040000,1680000,1520000,3,0,74,79,73,86,68,22,9,6,6,50,44,14,16,13,10,50,37,39,42,45,45,45,45,85,78,74,82,75,78,76,70,31,37,17,23,21
New York G-Men,Dominic Zvada,K,22,73,Normal,291,0,Michigan,"6'3""",187,3090000,20000,890000,3,0,72,75,64,44,56,27,22,21,28,28,13,12,11,10,10,39,13,14,12,11,14,12,12,14,10,10,10,15,21,15,15,13,14,14,95,81
New York G-Men,Lucas Patrick,LG,33,72,Normal,257,10,Duke,"6'3""",313,1300000,180000,1480000,1,0,69,80,59,84,72,21,6,6,6,24,16,12,13,5,5,26,8,17,31,76,74,76,75,80,10,10,20,23,34,35,14,12,12,10,16,21
New York G-Men,Jameis Winston,QB,32,71,Normal,458,11,Florida State,"6'4""",231,5900000,2100000,5000000,1,0,76,71,75,72,66,90,85,82,80,54,20,15,31,16,12,59,71,66,64,37,30,15,15,20,10,10,45,50,45,28,19,12,13,10,30,26
New York G-Men,Leki Fotu,DT,28,70,Normal,309,6,Utah,"6'5""",334,1210000,70000,1280000,1,0,71,67,60,88,73,19,6,6,6,36,22,12,18,14,12,42,27,23,46,45,45,45,45,89,68,55,74,76,78,82,74,13,24,14,15,15
New York G-Men,Ben Sauls,K,25,70,Normal,265,1,Pittsburgh,"5'10""",186,0,0,0,0,0,73,73,60,46,53,24,31,28,25,19,14,11,10,10,10,26,10,35,12,12,24,10,10,17,10,10,13,24,20,16,14,11,13,16,93,77
New York G-Men,Zacch Pickens,DT,26,69,Normal,320,3,South Carolina,"6'4""",300,1140000,0,1140000,1,0,76,83,69,81,68,20,6,6,6,45,42,34,36,31,25,58,42,43,47,40,40,35,35,80,71,61,72,79,80,82,70,19,26,32,15,14
New York G-Men,Curtis Jacobs,WILL,24,69,Normal,426,2,Penn State,"6'2""",235,0,0,0,0,0,87,88,79,68,76,44,15,10,5,56,55,18,15,5,5,56,38,68,40,35,21,35,21,78,42,44,61,79,74,75,78,67,64,55,24,22
New York G-Men,Jaylen McCollough,SS,25,69,Normal,431,2,Tennessee,"6'0""",211,0,0,0,0,0,85,88,77,63,73,28,15,10,10,75,64,42,35,32,29,66,50,73,38,35,35,30,30,60,39,45,56,73,67,73,72,68,74,67,14,11
New York G-Men,Marcus Mbow,RT,23,68,Normal,275,1,Purdue,"6'4""",302,4190000,400000,1100000,3,0,71,73,68,84,66,22,6,6,6,23,23,20,21,5,5,44,15,13,24,75,74,73,73,81,37,24,28,23,32,37,32,11,14,10,11,14
New York G-Men,Khalid Kareem,LEDG,28,68,Normal,413,6,Notre Dame,"6'4""",255,1070000,0,1070000,1,0,78,81,71,84,65,18,6,6,6,37,18,12,14,7,3,39,13,25,29,45,45,45,45,80,74,59,75,78,75,80,62,19,28,19,18,13
New York G-Men,JT Woods,FS,26,68,Normal,283,4,Baylor,"6'2""",193,1080000,0,1080000,1,0,92,92,85,62,66,23,15,10,10,75,72,34,33,30,27,66,71,74,42,35,35,35,35,52,27,32,54,69,60,61,66,62,71,67,19,16
New York G-Men,Trey Taylor,SS,25,68,Normal,398,2,Air Force,"6'1""",206,0,0,0,0,0,86,88,87,70,64,37,35,33,28,72,65,34,33,29,24,66,63,74,57,35,35,30,25,65,35,45,64,73,70,79,65,61,71,60,18,14
New York G-Men,Korie Black,CB,24,68,Normal,525,1,Oklahoma State,"6'0""",192,0,0,0,0,0,94,91,83,58,62,22,27,18,9,68,62,30,23,23,24,53,45,68,24,35,25,35,25,39,32,27,46,73,60,62,61,70,72,63,25,22
New York G-Men,British Brooks,FB,26,68,Normal,304,2,North Carolina,"5'11""",225,0,0,0,0,0,86,89,81,78,61,25,6,6,6,69,51,53,51,47,41,73,65,69,69,59,51,58,49,64,25,21,33,51,39,40,32,23,32,21,20,14
New York G-Men,J.C. Davis,LT,22,67,Normal,409,0,Illinois,"6'4""",322,4370000,280000,950000,4,0,67,72,58,84,64,18,6,6,6,22,17,13,16,5,5,27,17,10,27,75,74,71,75,80,39,41,35,22,38,43,17,13,11,10,10,12
New York G-Men,Isaiah Williams,WR,25,67,Normal,476,2,Illinois,"5'10""",185,0,0,0,0,0,87,92,91,59,64,67,61,58,53,81,78,71,69,67,64,76,73,77,48,41,26,30,15,40,10,10,23,29,24,22,17,10,15,13,28,30
New York G-Men,Bobby Jamison-Travis,DT,25,66,Normal,279,0,Auburn,"6'3""",328,4370000,280000,950000,4,0,64,70,57,83,66,13,6,6,6,30,27,29,17,15,3,41,14,27,46,48,49,47,48,80,70,65,74,75,83,77,64,28,21,17,13,26
New York G-Men,Jack Kelly,MIKE,23,66,Normal,270,0,BYU,"6'2""",240,4370000,280000,950000,4,0,87,90,80,69,67,27,6,6,6,64,54,36,42,39,36,53,29,58,43,45,46,35,44,75,56,62,72,80,77,76,65,58,62,45,14,15
New York G-Men,Kobe King,WILL,23,66,Normal,336,1,Penn State,"6'1""",250,0,0,0,0,0,83,91,77,76,66,23,6,6,6,49,48,21,23,20,17,60,37,46,40,45,45,45,45,78,52,51,64,79,76,79,65,55,61,45,22,18
New York G-Men,Thomas Fidone II,TE,23,65,Normal,342,1,Nebraska,"6'5""",255,0,0,0,0,0,81,89,83,71,63,29,24,17,22,77,73,63,66,61,57,69,61,66,66,56,56,62,63,64,38,42,45,45,42,35,32,28,30,18,26,27
New York G-Men,Jake Kubas,RG,26,65,Normal,284,2,North Dakota State,"6'4""",308,0,0,0,0,0,65,72,61,86,65,23,6,6,6,28,12,12,19,5,5,40,6,12,25,69,67,72,69,78,22,17,31,33,34,37,27,12,12,10,22,17
New York G-Men,Beau Brade,SS,24,64,Normal,212,2,Maryland,"6'0""",209,2820000,0,1070000,1,0,84,91,87,61,63,36,42,37,39,69,60,24,32,30,27,63,72,68,58,24,22,29,25,51,60,50,50,68,70,56,60,63,67,62,26,18
New York G-Men,Joshua Ezeudu,LT,26,64,Normal,230,4,North Carolina,"6'4""",308,1140000,100000,1240000,1,0,65,71,56,81,70,16,6,6,6,23,15,10,10,5,5,35,12,10,20,69,67,71,70,78,10,10,20,19,21,31,24,9,10,10,24,23
New York G-Men,BJ Adams,CB,23,64,Normal,383,1,UCF,"6'2""",187,0,0,0,0,0,90,91,88,55,56,29,28,22,18,66,65,27,33,23,16,62,48,69,27,35,35,30,30,41,26,33,44,70,58,59,52,67,65,72,15,18
New York G-Men,Ben Mann,LS,24,63,Normal,114,0,Boston College,"6'5""",232,3080000,20000,880000,3,0,72,82,70,65,53,20,9,8,7,55,41,22,37,30,25,62,26,14,33,48,38,52,48,54,56,55,63,63,53,59,27,15,20,15,14,13
New York G-Men,Mason Richman,RT,24,63,Normal,246,1,Iowa,"6'5""",307,0,0,0,0,0,60,72,65,84,65,26,6,6,6,26,17,29,26,25,23,33,13,24,30,68,70,69,71,81,37,33,40,29,28,33,31,11,12,10,12,12
Washington Commanders,Laremy Tunsil,LT,32,94,Superstar,1303,10,Ole Miss,"6'5""",313,31810000,52490000,11900000,3,0,71,67,66,92,95,22,6,6,6,26,20,22,19,9,6,31,12,17,32,82,82,94,95,94,18,14,27,29,35,26,18,11,13,9,20,17
Washington Commanders,Terry McLaurin,WR,30,92,X-Factor,1213,7,Ohio State,"6'0""",210,53600000,61400000,18000000,3,0,95,91,86,67,94,32,15,10,6,96,95,92,88,89,91,76,82,88,50,47,20,37,15,45,11,11,41,53,41,34,19,16,24,16,16,14
Washington Commanders,Sam Cosmi,RG,27,88,Star,683,5,Texas,"6'6""",309,52110000,24400000,20260000,3,0,76,80,71,87,88,22,6,6,6,54,50,39,38,12,10,52,9,11,22,91,86,85,80,85,20,19,21,31,35,33,25,11,14,10,18,19
Washington Commanders,Stefon Diggs,WR,32,86,Star,639,11,Maryland,"6'0""",191,850000,7150000,8000000,1,0,88,91,91,62,83,46,27,23,18,92,89,86,91,86,84,72,81,89,42,50,33,39,20,49,10,10,34,35,27,12,20,33,38,27,30,30
Washington Commanders,Daron Payne,DT,29,85,Star,615,8,Alabama,"6'3""",320,52380000,36470000,27950000,1,0,77,80,63,95,86,26,6,6,6,46,20,25,15,7,3,46,32,27,43,45,45,45,45,90,80,75,85,83,84,77,88,23,29,13,17,14
Washington Commanders,Leo Chenal,WILL,25,84,Star,740,4,Wisconsin,"6'3""",250,16300000,8340000,4320000,3,0,87,92,81,82,83,25,21,18,15,52,45,32,28,24,19,68,67,62,55,45,45,45,45,90,63,54,82,88,86,89,81,63,69,53,24,21
Washington Commanders,Keenan Allen,WR,34,83,Normal,393,13,California,"6'2""",211,9140000,0,9140000,1,0,88,86,87,72,88,54,36,33,34,87,91,81,86,82,79,73,82,85,71,56,22,45,39,65,10,10,35,35,34,15,26,15,26,10,22,20
Washington Commanders,Jayden Daniels,QB,25,82,Superstar,1568,2,LSU,"6'4""",210,13460000,24250000,10280000,2,0,90,91,91,59,72,92,86,89,84,37,23,14,16,13,11,62,75,82,28,16,12,10,10,15,10,10,16,29,19,12,21,15,14,10,10,19
Washington Commanders,Nick Cross,SS,24,82,Normal,573,4,Maryland,"6'0""",212,8600000,4400000,5250000,2,0,92,96,87,67,79,26,22,14,12,73,67,25,20,18,16,54,52,67,48,35,35,35,35,50,32,38,54,81,82,85,78,72,79,71,25,23
Washington Commanders,Jacory Croskey-Merritt,HB,25,81,Normal,744,1,Arizona,"5'11""",206,4190000,90000,1020000,3,0,92,95,81,67,83,24,9,21,13,62,53,41,50,43,33,90,85,87,77,36,31,50,41,36,27,30,31,36,32,26,26,20,25,21,26,27
Washington Commanders,Matt Milano,SAM,32,81,Normal,477,9,Boston College,"6'0""",223,3680000,0,3680000,1,0,85,83,73,78,86,25,6,6,6,70,64,14,22,12,6,52,29,51,39,45,45,45,45,85,48,60,76,94,83,82,86,69,73,50,20,20
Washington Commanders,Dorance Armstrong,LEDG,29,80,Normal,563,8,Kansas,"6'4""",255,15960000,16950000,12050000,1,0,78,79,79,82,85,20,6,6,6,34,20,12,15,10,5,28,15,31,27,45,45,45,45,81,72,82,82,85,83,77,88,27,41,32,16,12
Washington Commanders,Sonny Styles,MIKE,21,80,Star,556,0,Ohio State,"6'5""",244,4370000,32820000,6760000,4,0,90,92,81,74,79,24,6,6,6,68,65,15,27,22,17,62,34,52,45,46,60,64,43,77,56,58,69,89,84,82,79,71,75,54,16,16
Washington Commanders,Odafe Oweh,LEDG,27,80,Normal,619,5,Penn State,"6'5""",251,66200000,29800000,9200000,4,0,88,89,86,80,75,22,10,6,6,54,42,32,29,26,19,48,35,44,35,45,45,45,45,85,81,70,76,84,86,83,73,45,53,28,29,26
Washington Commanders,Mike Sainristil,CB,25,79,Normal,731,2,Michigan,"5'10""",182,5260000,2410000,2090000,2,0,90,94,94,51,74,27,20,16,14,78,74,42,55,52,57,64,71,77,32,34,23,33,22,38,32,42,47,80,68,65,78,76,78,69,18,17
Washington Commanders,Rachaad White,HB,27,79,Normal,511,4,Arizona State,"6'0""",214,1310000,680000,1990000,1,0,89,91,85,74,80,26,20,15,10,76,59,62,71,64,57,90,83,87,76,37,29,58,24,37,10,10,26,34,30,23,16,12,17,15,21,18
Washington Commanders,Sebastian Joseph-Day,DT,31,79,Normal,397,8,Rutgers,"6'4""",310,6420000,0,6420000,1,0,73,77,67,86,77,10,6,6,6,21,19,15,15,7,3,24,16,24,20,45,45,45,45,84,75,57,83,81,89,76,80,20,26,10,8,6
Washington Commanders,Jaylin Lane,WR,24,78,Normal,804,1,Virginia Tech,"5'10""",191,4150000,890000,1220000,3,0,94,93,91,58,79,60,44,41,33,84,81,74,78,77,80,72,76,80,58,43,19,22,20,38,27,28,36,31,34,32,28,34,37,25,24,20
Washington Commanders,Trey Amos,CB,24,78,Star,829,1,Ole Miss,"6'1""",195,5340000,1920000,1650000,3,0,91,92,83,64,79,49,49,45,42,72,67,36,37,34,32,61,56,74,39,35,25,35,25,55,30,27,51,75,69,50,77,76,79,79,26,26
Washington Commanders,Amik Robertson,CB,28,78,Normal,472,6,LA. Tech,"5'8""",187,7700000,7320000,5010000,2,0,90,90,90,56,82,39,33,27,24,75,69,30,36,33,29,64,56,78,31,29,15,16,23,48,37,45,48,74,50,62,80,78,84,67,11,10
Washington Commanders,Brandon Aiyuk,WR,28,78,Star,560,6,Arizona State,"6'0""",200,4450000,0,4450000,1,0,90,91,89,65,69,33,25,20,15,91,88,84,77,78,77,73,80,85,62,45,25,36,19,45,29,34,50,58,49,50,38,48,53,43,19,13
Washington Commanders,Jer'Zhan Newton,DT,24,77,Normal,480,2,Illinois,"6'2""",295,5820000,3890000,2650000,2,0,78,82,73,85,75,29,5,5,5,35,12,12,10,10,10,40,21,10,10,45,45,45,45,85,74,78,79,80,86,82,76,12,22,10,26,18
Washington Commanders,Quan Martin,FS,26,77,Normal,387,3,Illinois,"6'0""",195,14400000,11640000,4330000,5,0,90,97,87,61,76,25,8,7,6,75,65,18,24,14,12,62,67,76,40,35,35,35,35,50,37,43,53,68,71,78,73,75,72,68,20,20
Washington Commanders,Jason Sanders,K,30,77,Normal,259,8,New Mexico,"5'11""",190,2400000,0,2400000,1,0,76,77,57,37,65,26,32,20,15,46,15,14,22,14,12,28,5,13,10,17,16,17,17,16,10,10,19,23,27,16,17,11,17,10,93,83
Washington Commanders,Antonio Williams,WR,22,76,Star,788,0,Clemson,"6'0""",195,5500000,1720000,1310000,4,0,92,92,91,61,57,66,57,57,59,85,82,79,81,79,79,76,77,84,48,51,27,33,30,45,28,27,34,42,37,34,36,36,40,33,30,29
Washington Commanders,K'Lavon Chaisson,REDG,27,76,Normal,412,6,LSU,"6'3""",255,3300000,7670000,10970000,1,0,86,87,85,78,71,26,6,6,6,51,33,15,12,7,5,47,19,41,30,45,45,45,45,82,65,80,76,80,78,85,70,49,54,29,20,17
Washington Commanders,Chigoziem Okonkwo,TE,26,76,Normal,376,4,Maryland,"6'3""",238,17050000,9940000,5330000,3,0,88,91,77,67,74,20,15,10,6,85,78,70,70,66,61,73,72,74,72,61,57,61,55,58,10,10,29,33,30,35,23,12,15,15,21,18
Washington Commanders,Jonnu Smith,TE,31,76,Normal,364,9,FIU,"6'3""",248,3860000,0,3860000,1,0,88,83,78,78,71,35,6,6,6,86,82,73,72,67,64,72,75,80,69,57,54,62,61,67,25,25,30,41,29,37,15,15,20,10,26,26
Washington Commanders,Andrew Wylie,RG,32,75,Normal,291,9,Eastern Michigan,"6'6""",309,4640000,2840000,3190000,2,0,68,70,65,85,71,25,5,5,5,35,30,20,25,15,7,27,20,20,32,78,80,77,81,87,40,30,32,33,35,40,18,11,11,10,19,15
Washington Commanders,Chris Paul,LG,27,75,Normal,346,4,Tulsa,"6'4""",324,1470000,1520000,2990000,1,0,75,82,59,82,70,25,6,6,6,29,15,12,12,6,5,25,14,10,25,73,73,83,85,83,19,15,23,33,31,26,30,8,9,10,27,23
Washington Commanders,Jordan Stout,P,28,75,Normal,236,4,Penn State,"6'3""",214,1340000,0,1340000,1,0,83,88,66,45,62,34,27,23,18,27,15,15,15,15,15,34,9,32,10,14,16,17,17,16,10,10,21,24,27,19,17,10,10,10,94,79
Washington Commanders,Josh Conerly Jr,RT,22,74,Star,365,1,Oregon,"6'5""",311,5930000,9720000,3550000,3,0,71,80,70,82,74,21,6,6,6,30,17,17,16,11,10,31,15,10,26,79,76,81,74,83,24,26,35,28,26,28,22,13,15,24,26,17
Washington Commanders,Drake Jackson,REDG,25,74,Normal,594,4,USC,"6'3""",273,1210000,140000,1350000,1,0,83,90,82,75,70,26,6,6,6,50,34,17,14,7,5,47,35,47,35,45,45,45,45,75,63,78,69,83,76,77,69,36,47,24,12,13
Washington Commanders,Jerome Ford,HB,26,74,Normal,403,4,Cincinnati,"5'10""",210,1210000,180000,1390000,1,0,91,91,84,73,71,25,30,25,15,68,54,54,59,53,46,93,78,83,78,41,28,57,40,41,32,23,36,43,39,38,25,16,24,16,19,15
Washington Commanders,Tyler Ott,LS,34,72,Normal,161,11,Harvard,"6'3""",253,3760000,600000,1500000,1,0,74,76,64,72,60,39,10,10,10,69,59,44,48,43,38,68,20,48,34,49,40,54,50,56,19,24,43,57,52,53,25,15,25,25,25,24
Washington Commanders,Marcus Mariota,QB,32,72,Normal,478,11,Oregon,"6'4""",222,1390000,5950000,7340000,1,0,86,87,85,60,73,86,86,84,74,62,31,23,39,29,19,64,73,73,41,28,20,20,15,43,10,10,25,35,28,25,30,10,24,10,37,35
Washington Commanders,Nick Allegretti,C,30,72,Normal,222,7,Illinois,"6'4""",310,4500000,6600000,3840000,2,0,67,68,64,83,85,23,6,6,6,42,12,12,19,5,5,40,6,12,25,76,73,76,78,82,22,17,31,35,41,35,27,12,12,10,22,17
Washington Commanders,Ty Chandler,HB,28,72,Normal,257,4,North Carolina,"5'11""",204,2400000,10000,2410000,1,0,92,95,80,65,76,28,25,20,15,67,57,51,64,57,51,90,78,79,76,46,25,45,30,36,10,10,25,35,32,26,11,11,18,10,22,17
Washington Commanders,Percy Butler,FS,26,71,Normal,251,4,UL Lafayette,"6'0""",191,3570000,2150000,2790000,1,0,91,95,83,57,72,26,16,13,10,60,57,26,35,31,26,59,46,72,36,34,34,34,34,48,30,37,51,73,59,77,74,73,71,60,20,15
Washington Commanders,Jack Sanborn,MIKE,26,71,Normal,275,4,Wisconsin,"6'2""",234,2090000,0,2090000,1,0,80,87,78,72,78,25,6,6,6,65,53,25,32,30,24,63,47,54,48,40,40,35,35,85,62,45,72,85,78,83,77,53,62,37,22,21
Washington Commanders,Netane Muti,LG,27,71,Normal,267,6,Fresno State,"6'3""",307,1830000,0,1830000,1,0,66,55,62,96,66,17,6,6,6,17,15,15,15,5,5,40,22,24,34,74,76,70,72,88,41,28,39,35,44,50,33,11,9,10,15,28
Washington Commanders,Ty Hamilton,DT,24,71,Normal,520,1,Ohio State,"6'3""",299,0,0,0,0,0,75,80,61,89,69,17,13,8,7,25,16,15,16,13,10,36,26,21,28,45,45,45,45,84,71,64,76,73,78,79,69,11,17,14,20,17
Washington Commanders,Ben Sinnott,TE,24,70,Normal,286,2,Kansas State,"6'4""",250,5140000,2050000,1960000,2,0,83,89,88,70,64,26,15,10,5,81,78,67,68,62,56,74,70,71,72,59,53,57,52,62,54,45,50,55,55,58,40,33,46,31,23,18
Washington Commanders,Darius Rush,CB,26,70,Normal,448,3,South Carolina,"6'2""",198,1070000,0,1070000,1,0,93,93,85,53,61,50,43,41,38,72,71,55,52,49,46,63,66,72,48,35,35,25,25,51,40,45,46,69,50,68,61,72,70,77,20,15
Washington Commanders,Brandon Coleman,LT,25,70,Normal,345,2,TCU,"6'5""",320,2060000,0,2060000,1,0,73,77,71,85,72,23,11,10,7,26,26,19,12,11,7,27,28,20,35,77,71,75,78,85,35,31,35,41,27,42,21,10,10,9,17,11
Washington Commanders,Cam Jackson,DT,24,70,Normal,482,1,Florida,"6'6""",328,0,0,0,0,0,67,70,60,87,69,24,14,12,10,17,18,19,15,13,10,35,24,20,33,45,45,45,45,85,69,53,77,74,80,78,70,10,12,13,21,18
Washington Commanders,Daniel Brunskill,C,32,69,Normal,253,9,San Diego State,"6'5""",300,1080000,0,1080000,1,0,71,63,59,81,78,27,6,6,6,53,46,35,39,29,21,49,32,48,39,75,73,76,77,79,10,10,20,29,33,38,15,12,15,10,21,20
Washington Commanders,Jordan Magee,MIKE,25,68,Normal,272,2,Temple,"6'2""",228,3880000,370000,1160000,2,0,87,91,87,64,66,54,50,46,42,56,53,20,10,6,5,66,55,67,57,45,40,35,35,66,54,65,67,80,80,77,65,61,67,45,18,14
Washington Commanders,Kain Medrano,WILL,25,67,Normal,275,1,UCLA,"6'3""",230,4190000,200000,1050000,3,0,90,92,85,71,67,22,24,21,18,50,49,22,24,21,18,61,39,47,42,40,40,40,40,70,49,52,66,79,77,77,64,55,61,45,21,18
Washington Commanders,Jamie Sheriff,LEDG,26,67,Normal,505,2,South Alabama,"6'1""",254,0,0,0,0,0,82,87,77,78,67,20,6,6,6,43,38,16,10,5,5,42,22,38,28,45,45,45,45,78,68,63,71,77,77,75,64,39,48,37,21,22
Washington Commanders,James Burnip,P,25,67,Normal,191,1,Alabama,"6'6""",235,0,0,0,0,0,71,69,61,54,51,33,28,26,27,27,12,12,10,10,10,23,10,10,10,13,16,14,13,20,11,11,14,27,28,27,19,10,10,10,90,75
Washington Commanders,Tyler Owens,SS,25,66,Normal,253,2,Texas Tech,"6'2""",213,2820000,10000,1070000,1,0,93,94,79,63,63,22,6,6,6,65,62,15,20,16,12,64,54,71,35,35,35,35,35,50,27,36,54,72,62,59,58,63,70,64,19,17
Washington Commanders,Anfernee Orji,SAM,25,66,Normal,197,3,Vanderbilt,"6'2""",230,1350000,0,1350000,1,0,87,93,83,67,66,24,15,12,10,63,60,23,25,20,15,54,44,67,45,35,35,30,30,68,46,58,64,82,76,80,65,56,65,55,29,29
Washington Commanders,Sataoa Laumea,LG,25,66,Normal,312,2,Utah,"6'4""",319,0,0,0,0,0,67,70,66,84,68,22,18,15,11,41,15,19,15,9,5,44,6,10,25,70,71,65,70,83,55,25,47,39,40,49,25,12,11,11,29,25
Washington Commanders,Kalen DeLoach,MIKE,25,66,Normal,330,2,Florida State,"6'0""",216,0,0,0,0,0,88,89,75,72,62,30,15,10,10,61,48,15,20,10,10,62,46,62,52,35,35,35,35,71,43,49,56,80,76,78,65,66,68,62,11,11
Washington Commanders,Javontae Jean-Baptiste,LEDG,26,66,Normal,464,2,Notre Dame,"6'5""",260,0,0,0,0,0,84,85,67,77,67,18,9,6,5,52,29,42,43,38,34,30,33,41,49,40,40,48,49,80,64,63,72,78,75,74,69,31,30,22,34,29
Washington Commanders,Nicholas Petit-Frere,RT,26,65,Normal,205,4,Ohio State,"6'5""",316,1080000,0,1080000,1,0,67,72,56,86,76,15,6,6,6,25,14,10,10,5,5,34,15,10,28,72,70,65,63,82,10,10,24,25,29,32,23,10,11,10,18,17
Washington Commanders,Alijah Clark,FS,23,65,Normal,319,1,Syracuse,"6'1""",187,0,0,0,0,0,89,93,83,64,60,24,6,6,6,65,57,30,30,27,24,57,50,63,43,35,35,35,35,52,33,34,48,74,65,76,57,66,65,66,19,15
Washington Commanders,Branson Taylor,LG,24,65,Normal,290,1,Pittsburgh,"6'6""",330,0,0,0,0,0,63,68,60,85,67,14,6,6,6,18,18,13,16,5,5,24,11,10,30,70,69,71,70,81,42,38,42,28,30,36,23,12,15,10,18,16
Washington Commanders,Tyler Cooper,RG,25,64,Normal,265,1,Minnesota,"6'5""",302,0,0,0,0,0,67,68,59,84,60,16,6,6,6,24,15,15,15,5,5,20,9,10,25,70,70,72,70,83,15,10,21,22,25,29,15,11,12,10,15,11
Washington Commanders,Tyreem Powell,WILL,24,64,Normal,282,1,Rutgers,"6'5""",239,0,0,0,0,0,75,91,67,68,61,31,20,17,14,57,50,28,28,26,24,62,42,47,44,45,45,45,45,69,55,58,66,81,79,78,59,57,63,43,21,17
Washington Commanders,Kevin Cline,RT,25,63,Normal,244,0,Boston College,"6'6""",316,0,0,0,0,0,55,71,49,89,55,15,6,6,6,26,13,13,13,5,5,26,18,10,24,71,71,70,70,77,29,30,31,24,39,44,18,12,13,10,10,12
Washington Commanders,Giovanni Ricci,FB,29,62,Normal,107,6,W. Michigan,"6'3""",240,1210000,0,1210000,1,0,77,79,77,69,62,41,37,33,29,68,73,44,59,53,44,74,51,72,68,55,48,60,51,56,15,17,29,37,31,27,21,14,20,15,20,22
San Francisco Niners,Mike Evans,WR,21,97,X-Factor,2471,12,Texas A&M,"6'5""",231,4500000,21560000,4250000,3,0,89,88,80,78,97,35,25,20,15,96,99,98,95,97,96,90,93,93,72,60,38,45,25,63,10,10,35,25,39,15,15,40,27,20,25,24
San Francisco Niners,George Kittle,TE,32,97,X-Factor,1377,9,Iowa,"6'4""",250,27500000,66700000,14140000,4,0,87,86,83,82,96,30,20,15,10,94,89,81,82,78,74,75,78,82,84,77,77,62,62,79,20,18,31,36,34,38,35,15,24,20,19,22
San Francisco Niners,Fred Warner,MIKE,29,97,X-Factor,1377,8,BYU,"6'3""",230,58350000,65460000,17860000,4,0,87,91,82,80,99,14,6,6,6,78,60,20,15,5,5,63,21,59,46,45,45,45,45,81,52,62,79,99,91,85,99,77,86,58,13,10
San Francisco Niners,Trent Williams,LT,38,96,Superstar,1023,16,Oklahoma,"6'5""",320,4190000,74680000,20010000,3,0,78,75,71,95,97,12,6,6,6,20,51,15,15,5,5,40,7,10,10,96,95,92,95,99,10,10,32,33,39,60,19,10,14,10,11,10
San Francisco Niners,Christian McCaffrey,HB,30,96,X-Factor,1127,9,Stanford,"5'11""",205,24350000,43860000,10850000,3,0,90,92,93,74,99,52,45,41,33,83,75,76,82,78,69,95,93,91,67,38,22,60,36,45,10,10,32,44,36,27,27,12,17,15,29,23
San Francisco Niners,Nick Bosa,LEDG,21,94,X-Factor,1909,7,Ohio State,"6'4""",266,84320000,86750000,22980000,3,0,80,90,87,94,93,25,6,6,6,45,23,16,17,10,6,38,21,38,31,45,45,45,44,87,94,96,91,95,89,84,91,30,42,31,17,17
San Francisco Niners,Brock Purdy,QB,26,89,Superstar,2076,4,Iowa State,"6'1""",220,168340000,87860000,23700000,5,0,79,89,81,63,86,91,91,97,88,24,15,13,12,11,10,64,66,66,51,19,12,13,10,24,10,10,18,28,25,13,14,10,12,10,22,21
San Francisco Niners,Kyle Juszczyk,FB,35,88,Superstar,668,13,Harvard,"6'2""",235,4540000,5770000,2640000,3,0,85,84,80,79,86,35,20,15,10,77,73,72,76,68,62,76,66,76,85,71,61,71,46,72,30,35,33,48,45,45,20,15,20,20,19,19
San Francisco Niners,Dre Greenlaw,WILL,29,87,Star,844,7,Arkansas,"6'0""",230,2600000,2950000,3550000,1,0,85,86,80,72,93,20,6,6,6,71,55,28,33,25,20,55,37,51,46,45,45,45,45,77,55,61,71,94,92,90,92,73,77,47,18,12
San Francisco Niners,Dominick Puni,RG,26,82,Superstar,885,2,Kansas,"6'5""",313,4570000,1120000,1550000,2,0,61,64,68,91,80,24,22,21,13,44,21,19,22,21,15,43,31,24,33,86,87,77,81,84,33,31,42,39,46,53,38,9,9,7,19,21
San Francisco Niners,Colton McKivitz,RT,30,82,Normal,463,6,West Virginia,"6'6""",301,11350000,29850000,5810000,3,0,71,67,54,84,85,30,6,6,6,35,15,15,15,5,5,32,6,10,25,89,86,81,80,82,26,18,33,31,34,30,31,12,15,10,25,25
San Francisco Niners,Deommodore Lenoir,CB,26,81,Star,696,5,Oregon,"5'10""",200,58790000,30370000,8870000,4,0,90,93,83,59,85,25,6,6,6,73,56,41,35,32,30,59,49,74,42,35,35,37,37,53,34,38,44,76,67,77,84,76,82,78,22,17
San Francisco Niners,Ricky Pearsall,WR,25,80,Normal,722,2,Florida,"6'1""",191,6580000,5930000,3410000,2,0,92,91,92,61,79,52,47,47,39,90,87,76,79,78,78,74,72,76,42,45,17,31,21,42,11,11,24,30,24,15,17,16,20,16,23,22
San Francisco Niners,De'Zhaun Stribling,WR,23,79,Star,846,0,Ole Miss,"6'2""",207,7170000,6160000,2420000,4,0,94,93,85,72,73,32,22,18,15,85,83,83,74,84,85,77,77,78,58,54,37,30,20,49,20,20,28,28,32,33,23,24,29,24,26,22
San Francisco Niners,Eddy Pineiro,K,30,78,Normal,290,8,Florida,"5'11""",190,9040000,7000000,1940000,4,0,75,77,59,42,65,26,32,15,12,18,15,15,15,15,15,20,5,10,10,16,16,17,17,16,10,10,24,29,26,13,17,11,17,10,93,88
San Francisco Niners,Renardo Green,CB,25,78,Star,808,2,Florida State,"6'0""",186,4820000,1530000,1730000,2,0,90,92,88,59,74,25,25,22,21,59,60,33,34,30,21,57,62,71,35,35,21,30,20,48,32,37,42,74,68,58,74,81,77,82,21,18
San Francisco Niners,Mykel Williams,REDG,22,78,Star,692,1,Georgia,"6'5""",267,4190000,19980000,5410000,3,0,81,89,82,86,78,8,11,18,7,41,15,22,20,15,10,43,31,39,35,50,52,52,53,88,78,71,80,84,81,83,78,18,26,27,23,21
San Francisco Niners,Romello Height,LEDG,25,77,Superstar,726,0,Texas Tech,"6'3""",239,5500000,17640000,5290000,4,0,84,89,79,81,76,17,14,27,11,39,15,15,17,15,10,45,40,42,35,45,45,45,45,80,72,78,81,81,83,82,73,39,45,47,24,20
San Francisco Niners,Deebo Samuel Sr,WR,30,77,Normal,394,7,South Carolina,"6'0""",215,1210000,3270000,4480000,1,0,89,88,87,80,76,44,32,27,21,82,86,78,75,74,71,71,85,91,83,50,23,38,21,46,11,11,43,48,46,39,34,21,29,16,15,12
San Francisco Niners,Osa Odighizuwa,DT,28,77,Normal,391,5,UCLA,"6'2""",294,43460000,17610000,5110000,3,0,76,81,67,85,79,12,6,6,6,26,20,13,10,6,3,29,24,25,27,45,45,45,45,86,80,73,76,82,87,78,77,19,26,17,20,18
San Francisco Niners,Corliss Waitman,P,31,77,Normal,271,6,South Alabama,"6'2""",210,1210000,70000,1280000,1,0,70,68,64,46,66,45,41,36,31,50,37,15,15,15,15,53,27,28,38,21,17,16,16,24,10,10,15,30,35,44,15,12,15,10,94,82
San Francisco Niners,Malik Mustapha,FS,24,76,Normal,525,2,Wake Forest,"5'10""",206,3880000,730000,1250000,2,0,92,91,84,66,71,23,15,10,10,66,59,34,33,30,27,59,63,73,39,35,35,33,30,53,27,32,56,83,74,89,71,67,76,65,19,16
San Francisco Niners,Upton Stout,CB,24,76,Normal,651,1,W. Kentucky,"5'9""",181,4890000,1270000,1400000,3,0,91,92,87,57,74,18,10,6,6,76,72,23,31,27,25,67,54,75,31,35,25,35,25,47,31,47,47,73,68,58,72,76,76,74,27,27
San Francisco Niners,Jake Brendel,C,33,76,Normal,305,10,UCLA,"6'4""",299,6740000,9890000,3140000,1,0,68,72,68,84,86,22,6,6,6,40,15,15,15,5,5,44,5,10,15,82,76,75,73,77,19,15,30,32,41,15,30,20,20,10,18,22
San Francisco Niners,Nate Hobbs,CB,27,76,Normal,474,5,Illinois,"6'1""",195,1860000,1520000,3380000,1,0,90,92,87,65,74,27,6,6,6,66,64,42,43,41,34,58,51,75,34,35,35,35,35,60,29,33,56,78,61,67,74,73,78,85,15,14
San Francisco Niners,Mac Jones,QB,27,76,Normal,927,5,Alabama,"6'3""",220,6440000,9070000,3130000,2,0,84,81,80,60,79,86,89,88,79,28,15,15,15,14,12,65,36,52,50,32,20,14,14,19,10,10,20,20,18,13,16,10,14,10,41,29
San Francisco Niners,Jack Jones,CB,28,76,Star,676,4,Arizona State,"5'11""",175,1210000,0,1210000,1,0,94,93,87,53,73,26,15,10,10,77,71,26,35,31,29,60,55,73,34,25,25,25,25,40,23,28,50,73,61,54,75,72,78,65,37,33
San Francisco Niners,Ephesians Prysock,CB,23,75,Superstar,972,0,Washington,"6'3""",196,4370000,760000,1070000,4,0,91,92,89,63,69,28,6,6,6,67,61,43,42,39,36,60,54,68,34,35,35,35,35,47,34,37,47,73,59,61,68,80,68,71,16,14
San Francisco Niners,Kaelon Black,HB,24,75,Star,565,0,Indiana,"5'9""",211,5230000,1550000,1230000,4,0,91,93,84,79,75,33,24,20,15,64,50,49,61,53,46,90,80,79,81,41,38,54,34,45,31,25,22,25,26,28,23,17,22,23,21,23
San Francisco Niners,Ji'Ayir Brown,SS,26,75,Normal,334,3,Penn State,"5'11""",202,6500000,1070000,3900000,1,0,86,91,85,64,72,30,15,10,10,80,70,20,30,20,15,63,62,72,55,35,35,35,35,63,51,61,62,79,71,88,74,72,75,71,20,15
San Francisco Niners,Jordan James,HB,22,74,Normal,501,1,Oregon,"5'10""",208,4190000,410000,1100000,3,0,89,92,85,72,66,20,14,25,8,62,55,49,59,54,48,92,78,84,75,34,28,48,38,33,27,30,33,35,34,30,28,20,28,22,17,14
San Francisco Niners,Alfred Collins,DT,24,73,Star,399,1,Texas,"6'6""",332,6150000,4120000,2330000,3,0,73,79,69,92,73,24,15,10,7,42,36,16,15,13,10,45,27,22,33,45,45,45,45,89,74,59,72,78,81,78,74,11,15,10,20,21
San Francisco Niners,Marques Sigle,SS,24,73,Normal,449,1,Kansas State,"5'11""",199,4190000,400000,1100000,3,0,92,92,84,64,70,24,6,6,6,68,60,32,34,29,25,60,52,62,44,35,35,35,35,54,36,37,50,76,75,77,67,68,72,67,19,15
San Francisco Niners,Gracen Halton,DT,22,73,Star,515,0,Oklahoma,"6'3""",284,3880000,1600000,1190000,4,0,78,80,55,84,72,20,6,6,6,38,39,35,36,32,26,48,17,29,47,45,45,45,45,83,74,71,79,80,83,80,72,31,22,20,15,26
San Francisco Niners,Ashtyn Davis,FS,29,73,Normal,361,6,California,"6'1""",202,1080000,0,1080000,1,0,92,92,88,60,76,37,6,6,14,74,68,29,44,35,30,64,61,78,47,35,33,30,33,63,26,32,49,71,61,83,75,68,73,64,18,17
San Francisco Niners,Jake Tonges,TE,27,73,Normal,363,4,California,"6'4""",240,2400000,3820000,2050000,2,0,86,88,81,73,77,36,37,33,29,84,80,67,69,67,61,75,51,68,66,59,54,58,57,56,15,17,29,38,35,38,26,15,20,15,20,22
San Francisco Niners,Keion White,REDG,27,73,Normal,480,3,Georgia Tech,"6'5""",285,5110000,1980000,1810000,1,0,82,81,75,85,66,20,7,6,5,61,66,51,53,49,41,65,51,51,54,50,50,47,47,86,76,68,74,84,84,85,64,32,41,41,15,15
San Francisco Niners,Isaac Guerendo,HB,26,72,Normal,359,2,Louisville,"6'0""",221,4010000,690000,1240000,2,0,92,92,84,71,72,23,20,15,10,68,49,55,66,62,60,88,74,79,72,33,19,55,35,33,10,10,39,47,40,40,27,29,36,35,20,18
San Francisco Niners,Nick Martin,WILL,23,72,Normal,345,1,Oklahoma State,"6'0""",221,4920000,1550000,1480000,3,0,88,93,79,74,73,22,6,6,6,60,54,27,29,26,23,68,43,61,47,45,45,45,45,73,55,61,71,83,79,76,71,58,63,48,23,21
San Francisco Niners,Jacob Cowing,WR,25,71,Normal,466,2,Arizona,"5'8""",168,3560000,530000,1200000,2,0,93,93,83,52,52,25,25,20,15,79,77,74,77,76,76,71,73,81,49,36,17,25,12,34,10,10,24,27,26,21,17,17,25,15,19,19
San Francisco Niners,Darrick Forrest,FS,27,71,Normal,321,5,Cincinnati,"5'11""",200,1210000,0,1210000,1,0,90,92,85,67,66,24,14,12,10,73,68,47,36,34,32,55,49,69,37,35,35,35,35,62,37,44,56,79,73,86,65,66,70,67,18,17
San Francisco Niners,Robert Jones,RG,27,71,Normal,275,5,Middle Tennessee State,"6'4""",325,1300000,360000,1660000,1,0,64,67,48,88,81,15,6,6,6,24,12,12,10,5,5,37,32,20,34,74,72,73,74,84,15,10,35,27,32,42,10,10,11,10,22,20
San Francisco Niners,Tatum Bethune,MIKE,25,70,Normal,454,2,Florida State,"6'0""",227,0,0,0,0,0,81,87,83,67,73,20,31,23,21,67,60,23,15,10,10,55,40,64,50,42,35,30,25,68,54,64,67,82,81,80,73,63,69,63,16,14
San Francisco Niners,Jordan Watkins,WR,24,69,Normal,404,1,Ole Miss,"5'11""",196,4190000,640000,1160000,3,0,93,93,82,66,68,29,25,22,15,84,75,67,70,71,73,75,70,71,45,39,18,20,26,36,28,29,36,40,42,33,35,60,32,25,30,22
San Francisco Niners,CJ West,DT,24,69,Normal,300,1,Indiana,"6'1""",316,4190000,1000000,1250000,3,0,74,77,64,84,67,25,15,10,8,19,18,17,17,15,12,40,23,20,29,45,45,45,45,83,75,62,79,76,75,76,66,13,16,12,24,16
San Francisco Niners,Jon Weeks,LS,40,68,Normal,101,16,Baylor,"5'10""",242,1300000,180000,1480000,1,0,69,71,68,69,68,40,12,12,12,64,44,21,41,36,31,65,20,21,33,47,40,55,50,55,59,55,66,65,67,67,55,26,34,21,29,18
San Francisco Niners,Connor Colby,LG,23,68,Normal,295,1,Iowa,"6'6""",309,4190000,80000,1020000,3,0,69,73,66,84,72,17,6,6,6,32,13,15,15,6,6,28,10,26,26,75,74,70,70,80,10,10,20,25,28,34,30,10,10,10,16,19
San Francisco Niners,Jaden Dugger,MIKE,22,68,Normal,323,0,UL Lafayette,"6'5""",242,4370000,480000,1000000,4,0,86,89,83,71,68,11,6,6,6,61,64,33,45,43,41,56,33,46,43,48,67,62,43,73,55,61,66,82,80,78,67,66,62,47,17,18
San Francisco Niners,Enrique Cruz Jr.,RT,23,68,Normal,305,0,Kansas,"6'6""",313,4370000,360000,970000,4,0,74,76,62,85,69,11,6,6,6,20,14,15,14,5,5,26,18,10,25,73,71,72,77,79,40,41,33,35,35,41,19,15,14,10,10,12
San Francisco Niners,Brenden Rice,WR,24,68,Normal,525,2,USC,"6'3""",210,0,0,0,0,0,89,90,84,61,60,38,25,20,15,79,81,70,77,76,72,71,73,76,44,46,20,27,21,41,11,13,20,36,20,27,22,21,16,21,23,17
San Francisco Niners,Carver Willis,LG,24,67,Normal,243,0,Washington,"6'5""",303,4370000,1040000,1140000,4,0,69,66,63,83,58,25,35,32,28,28,26,24,24,20,14,25,14,10,29,77,71,72,72,81,10,10,22,21,27,40,21,11,12,10,10,12
San Francisco Niners,Vederian Lowe,LT,27,67,Normal,237,4,Illinois,"6'6""",320,3000000,6240000,2290000,2,0,64,74,56,82,79,19,6,6,6,50,16,13,32,15,5,24,13,20,28,74,71,75,71,85,24,21,33,31,29,37,25,8,9,10,12,11
San Francisco Niners,Jaylan Ford,MIKE,24,67,Normal,362,2,Texas,"6'3""",242,0,0,0,0,0,82,84,81,73,69,24,11,9,6,73,67,15,24,21,14,64,42,61,51,45,40,35,30,80,64,60,76,79,79,85,66,54,57,52,24,21
San Francisco Niners,Jalen Graham,SAM,25,66,Normal,229,3,Purdue,"6'3""",220,1140000,0,1140000,1,0,84,90,75,65,67,54,48,45,41,66,63,32,30,24,19,50,45,63,45,25,25,25,25,66,39,46,65,82,77,79,68,49,65,55,20,15
San Francisco Niners,Justin Rogers,DT,25,66,Normal,347,2,Auburn,"6'3""",346,0,0,0,0,0,59,64,52,87,54,26,6,6,6,40,18,13,16,8,4,42,22,27,29,45,45,45,45,85,65,64,77,75,84,81,57,16,27,15,18,12
San Francisco Niners,Luke Farrell,TE,28,65,Normal,173,5,Ohio State,"6'5""",250,4210000,9820000,3300000,2,0,77,79,78,77,64,25,15,10,6,78,73,65,63,56,49,75,54,56,65,64,64,61,60,67,17,12,44,43,45,44,18,12,17,19,24,19
San Francisco Niners,Kobe Hudson,WR,24,65,Normal,409,1,UCF,"6'1""",200,0,0,0,0,0,87,88,77,64,68,39,23,20,15,76,78,69,70,70,72,74,70,76,41,42,23,26,22,39,29,31,34,37,32,28,37,25,34,23,27,23
San Francisco Niners,Kevin Knowles,CB,23,64,Normal,383,1,Florida State,"5'10""",190,0,0,0,0,0,90,93,82,54,54,25,6,6,6,64,63,23,22,12,12,59,45,71,31,35,35,35,35,42,26,33,44,70,54,57,52,66,67,70,15,18
San Francisco Niners,Kurtis Rourke,QB,25,63,Normal,602,1,Indiana,"6'4""",220,0,0,0,0,0,76,78,75,67,67,90,80,75,71,49,18,27,18,18,17,59,57,52,45,23,33,24,35,30,28,30,30,24,35,30,48,20,21,17,25,30
San Francisco Niners,Myles Purchase,CB,23,63,Normal,353,1,Iowa State,"5'11""",205,0,0,0,0,0,89,92,71,61,57,25,6,6,6,64,62,24,22,19,17,55,49,70,30,35,35,30,30,48,29,35,43,72,50,57,56,69,68,69,14,13
San Francisco Niners,Jared Bartlett,WILL,25,63,Normal,258,1,Cincinnati,"6'2""",237,0,0,0,0,0,84,90,81,71,59,23,6,6,6,54,47,20,15,24,15,52,35,51,51,45,45,45,45,71,51,54,63,80,77,78,57,54,61,46,20,11
San Francisco Niners,C.J. Ravenell,DT,26,63,Normal,269,2,Missouri Western State,"6'5""",300,0,0,0,0,0,70,75,60,82,59,20,6,6,6,36,22,15,15,7,5,33,18,17,28,45,45,45,45,85,68,62,73,69,78,77,57,17,23,15,14,22
San Francisco Niners,Brett Toth,C,30,62,Normal,120,7,Army,"6'6""",304,1210000,1280000,2490000,1,0,67,68,67,81,68,30,6,6,6,33,15,15,15,15,15,40,8,10,25,72,70,66,65,79,10,10,20,24,32,24,15,12,15,10,20,15
San Francisco Niners,Maema Njongmeta,MIKE,25,62,Normal,238,2,Wisconsin,"6'0""",232,0,0,0,0,0,80,84,73,66,64,23,6,6,6,53,41,20,10,6,5,46,23,37,30,45,45,45,45,77,48,44,65,78,79,83,67,52,63,49,18,14
San Francisco Niners,Andrew Meyer,C,26,62,Normal,223,2,UTEP,"6'3""",295,0,0,0,0,0,70,73,52,86,58,17,6,6,6,22,13,10,12,7,5,21,8,10,25,69,71,72,73,79,10,10,29,33,25,30,10,10,10,10,10,10
Los Angeles Rams,Myles Garrett,REDG,21,99,X-Factor,2505,9,Texas A&M,"6'4""",272,73220000,65790000,8400000,5,0,86,90,86,96,97,55,31,30,27,52,25,31,15,8,4,55,34,36,36,45,45,45,45,90,99,93,96,97,92,84,94,51,51,44,20,20
Los Angeles Rams,Puka Nacua,WR,25,98,X-Factor,2277,3,BYU,"6'1""",216,101580000,64560000,5820000,6,0,93,92,92,69,97,25,15,10,6,98,99,92,98,96,92,76,86,89,53,62,36,30,25,55,10,10,20,29,28,21,15,10,16,15,29,25
Los Angeles Rams,Davante Adams,WR,21,96,Superstar,1636,12,Fresno State,"6'1""",204,121500000,76000000,28000000,6,0,92,88,93,63,97,45,15,10,6,96,97,98,93,95,95,79,89,91,64,45,17,38,13,45,10,10,52,43,42,15,26,18,24,25,25,30
Los Angeles Rams,Trent McDuffie,CB,25,94,Superstar,1533,4,Washington,"5'11""",193,97590000,40040000,10800000,5,0,93,94,94,61,95,27,6,6,6,69,61,17,26,16,11,59,53,73,26,34,33,33,33,46,29,38,57,83,74,67,97,94,92,88,22,21
Los Angeles Rams,Chris Lindstrom,LG,21,94,Superstar,1512,7,Boston College,"6'3""",307,37450000,60380000,880000,6,0,76,79,67,92,97,23,6,6,6,26,14,12,16,6,5,19,8,14,31,97,95,84,86,91,10,10,15,23,32,28,10,12,12,10,25,25
Los Angeles Rams,Kevin Dotson,RG,29,90,Star,722,6,UL Lafayette,"6'4""",330,15150000,19660000,17410000,2,0,69,68,59,92,95,25,6,6,6,30,15,15,15,5,5,28,9,10,25,94,96,79,82,88,10,10,30,28,34,25,22,12,12,10,11,11
Los Angeles Rams,Kyren Williams,HB,26,89,Superstar,913,4,Notre Dame,"5'9""",207,26000000,12420000,11640000,3,0,88,90,84,79,98,44,38,33,27,72,63,60,69,63,55,92,91,88,93,47,32,59,37,47,10,10,36,45,42,36,27,22,30,22,19,15
Los Angeles Rams,A.J. Terrell Jr,CB,27,89,Superstar,1417,6,Clemson,"6'1""",195,42840000,0,3000000,3,0,91,91,89,60,92,22,6,6,6,70,62,38,31,26,20,58,58,75,35,35,35,35,35,50,28,43,50,76,65,56,92,87,93,95,19,12
Los Angeles Rams,Nate Landman,MIKE,27,86,Star,733,4,Colorado,"6'3""",235,15970000,7620000,7220000,3,0,82,86,80,76,92,42,42,40,35,55,47,44,45,42,39,58,45,50,49,45,45,45,45,88,45,40,78,89,91,88,94,67,72,54,12,13
Los Angeles Rams,Kobie Turner,DT,27,86,Star,850,3,Wake Forest,"6'2""",294,23080000,25380000,4150000,4,0,74,82,80,89,90,24,8,7,6,43,31,15,17,9,5,34,35,37,44,55,50,49,52,77,88,80,87,82,82,87,92,27,34,15,15,15
Los Angeles Rams,Alaric Jackson,LT,28,85,Star,833,5,Iowa,"6'7""",338,36890000,21350000,25370000,2,0,63,66,60,88,93,26,6,6,6,22,27,21,20,15,10,34,29,21,33,90,88,84,85,87,46,34,47,45,42,43,21,10,12,10,13,11
Los Angeles Rams,Kam Curl,SS,27,84,Star,620,6,Arkansas,"6'2""",207,24120000,11860000,7410000,3,0,89,89,83,70,84,20,10,10,10,65,62,30,38,31,27,55,51,69,34,35,35,35,35,57,44,53,62,86,83,79,86,73,77,73,22,17
Los Angeles Rams,Byron Young,LEDG,28,84,Superstar,1126,3,Tennessee,"6'2""",260,52160000,20570000,6020000,4,0,92,93,77,74,86,25,6,6,6,53,47,25,41,34,29,61,54,56,55,45,45,40,40,71,85,80,78,87,87,83,88,47,54,47,13,11
Los Angeles Rams,Poona Ford,DT,30,83,Star,566,8,Texas,"5'11""",310,13750000,13850000,11430000,2,0,71,67,63,88,90,26,6,6,6,37,15,15,15,7,3,31,10,10,20,45,45,45,45,84,67,79,86,82,86,79,92,25,30,15,17,12
Los Angeles Rams,Braden Fiske,DT,26,83,Star,811,2,Florida State,"6'5""",297,5730000,3650000,2560000,2,0,80,82,67,93,87,22,6,6,6,45,17,17,14,7,3,33,40,51,49,45,44,45,45,83,82,78,83,83,83,82,85,39,51,22,20,19
Los Angeles Rams,Quentin Lake,SS,27,82,Star,514,4,UCLA,"6'1""",201,30350000,11030000,11690000,3,0,89,91,80,57,87,30,21,17,13,70,67,22,21,16,12,60,50,64,41,35,35,35,35,51,30,35,55,78,75,65,87,74,82,67,21,18
Los Angeles Rams,Ethan Evans,P,25,80,Normal,372,3,Wingate,"6'4""",253,3830000,90000,1160000,1,0,68,71,57,55,66,39,30,28,25,29,12,12,10,10,10,35,10,10,10,15,15,14,14,20,11,11,14,30,24,29,19,10,10,10,96,89
Los Angeles Rams,Blake Corum,HB,25,79,Normal,594,2,Michigan,"5'8""",202,4730000,1010000,1560000,2,0,93,91,90,75,75,27,25,18,10,66,54,57,68,62,57,89,80,83,82,40,32,49,37,42,10,10,24,33,32,26,20,10,20,16,10,10
Los Angeles Rams,Jaylen Watson,CB,27,79,Normal,514,4,Washington State,"6'2""",197,32730000,18190000,6940000,3,0,92,92,81,66,78,25,17,14,12,64,55,41,39,36,32,59,52,73,40,34,34,29,29,53,33,41,55,73,67,64,78,81,82,77,16,17
Los Angeles Rams,Steve Avila,C,26,79,Star,503,3,TCU,"6'3""",330,7180000,3730000,4600000,1,0,65,71,56,88,82,17,5,5,5,23,21,15,20,10,6,35,10,10,20,82,85,80,82,90,10,10,16,18,30,35,18,9,10,10,27,25
Los Angeles Rams,Coleman Shelton,C,31,78,Normal,306,7,Washington,"6'4""",292,8000000,6010000,9500000,1,0,72,69,63,83,88,26,6,6,6,31,12,12,10,5,5,39,5,10,25,87,86,74,72,82,10,10,10,15,33,20,10,12,12,10,22,22
Los Angeles Rams,Omar Speights,WILL,25,78,Normal,650,2,LSU,"6'1""",234,2820000,10000,1070000,1,0,84,91,81,78,76,29,15,10,5,50,41,21,15,5,5,50,63,63,60,35,21,35,21,72,48,50,71,86,85,83,79,69,73,57,24,12
Los Angeles Rams,Harrison Mevis,K,24,77,Normal,368,2,Missouri,"6'0""",241,1000000,0,1000000,1,0,70,77,67,44,62,28,30,28,22,31,10,11,10,10,10,29,19,27,28,20,10,15,10,10,10,10,15,26,25,20,10,10,9,10,96,85
Los Angeles Rams,Elic Ayomanor,WR,23,77,Normal,856,1,Stanford,"6'2""",206,4190000,0,1000000,3,0,91,92,84,68,79,13,27,19,10,83,84,78,78,79,80,74,73,71,49,52,27,23,24,52,30,35,39,43,27,42,34,28,32,25,31,16
Los Angeles Rams,Ty Simpson,QB,23,76,Star,978,0,Alabama,"6'1""",211,10360000,15200000,4620000,4,0,79,83,81,62,72,90,88,86,78,29,15,16,18,15,13,61,65,72,49,15,15,15,15,16,22,29,28,32,22,26,21,20,24,15,19,16
Los Angeles Rams,Tyler Scott,WR,24,76,Star,879,3,Cincinnati,"5'11""",185,2260000,0,1070000,2,0,92,93,84,53,77,26,15,10,6,83,83,73,73,79,79,75,75,77,41,38,15,25,10,40,14,18,34,43,40,37,34,31,40,32,20,15
Los Angeles Rams,Emmanuel Forbes Jr,CB,25,76,Normal,543,3,Mississippi State,"6'0""",173,19830000,8210000,2850000,2,0,94,95,89,44,76,24,15,12,10,78,75,28,50,44,40,65,77,80,30,35,35,35,35,35,20,31,41,68,50,52,73,76,75,58,11,12
Los Angeles Rams,Tyler Davis,DT,25,75,Normal,530,2,Clemson,"6'2""",306,4010000,170000,1110000,2,0,72,78,60,89,66,12,13,16,17,22,15,13,4,4,4,40,35,37,25,45,45,23,25,86,72,67,78,79,87,84,72,17,19,10,23,17
Los Angeles Rams,Keagen Trost,RT,25,74,Superstar,560,0,Missouri,"6'5""",311,5380000,1400000,1230000,4,0,66,72,62,87,74,14,6,6,6,23,14,17,17,5,5,24,18,10,28,85,76,82,76,86,10,10,23,21,28,43,21,14,17,10,10,12
Los Angeles Rams,Josaiah Stewart,LEDG,23,74,Normal,589,1,Michigan,"6'1""",249,5060000,1200000,1420000,3,0,82,88,77,79,75,22,20,10,8,31,15,13,20,15,10,41,34,36,36,45,45,45,45,82,78,74,73,79,79,81,71,32,41,31,24,22
Los Angeles Rams,Tyler Higbee,TE,33,74,Normal,254,10,W. Kentucky,"6'6""",255,5200000,2860000,5060000,2,0,82,79,80,79,74,26,22,18,16,85,82,71,68,62,60,78,68,68,73,64,59,60,59,65,17,17,32,33,34,27,22,14,21,17,21,19
Los Angeles Rams,Colby Parkinson,TE,27,73,Normal,248,6,Stanford,"6'7""",265,12250000,10250000,9080000,1,0,85,84,78,73,78,23,15,10,6,87,83,68,71,66,58,78,52,58,61,63,59,62,58,64,20,20,47,47,48,46,46,16,22,19,21,16
Los Angeles Rams,Warren McClendon Jr,RT,25,73,Normal,390,3,Georgia,"6'4""",317,3830000,250000,1200000,1,0,69,77,53,88,72,10,5,5,5,25,22,17,20,15,10,24,13,10,10,80,77,75,78,84,41,33,35,42,40,39,23,10,10,10,12,12
Los Angeles Rams,Shaun Dolac,MIKE,24,72,Normal,440,1,Buffalo,"6'1""",225,2960000,10000,1000000,2,0,88,93,86,73,69,24,6,6,6,46,48,25,32,25,20,59,37,41,45,45,45,45,45,72,49,53,65,81,81,80,77,58,69,46,23,17
Los Angeles Rams,Jordan Whittington,WR,25,72,Normal,533,2,Texas,"6'1""",205,4010000,130000,1100000,2,0,89,90,90,64,73,22,20,15,15,86,78,71,74,74,71,73,77,79,54,51,31,34,28,53,10,10,28,34,28,16,17,13,18,15,19,15
Los Angeles Rams,Jarquez Hunter,HB,23,72,Normal,389,1,Auburn,"5'9""",211,4190000,970000,1240000,3,0,91,91,78,73,74,54,33,29,22,65,49,47,57,52,40,88,82,76,85,39,32,48,38,37,29,31,42,49,42,41,46,40,47,44,21,21
Los Angeles Rams,Bo Melton,WR,27,72,Normal,339,4,Rutgers,"5'11""",189,2400000,0,2900000,1,0,94,93,89,65,63,32,20,15,10,81,80,69,73,72,74,68,75,79,60,50,27,28,24,49,25,30,42,61,55,53,60,64,69,63,20,20
Los Angeles Rams,Beaux Limmer,LG,25,71,Normal,350,2,Arkansas,"6'5""",318,4010000,130000,1100000,2,0,65,75,67,85,75,21,7,6,6,24,15,15,15,5,5,20,5,13,25,77,75,71,70,81,10,10,35,22,30,29,17,8,7,8,20,21
Los Angeles Rams,Max Klare,TE,23,71,Star,404,0,Ohio State,"6'5""",246,5710000,2280000,1450000,4,0,84,85,84,74,66,29,21,15,12,79,78,70,72,68,59,67,68,70,64,59,58,58,57,66,35,29,47,49,40,45,34,32,36,28,33,28
Los Angeles Rams,Terrance Ferguson,TE,23,70,Normal,280,1,Oregon,"6'5""",247,6000000,3680000,2200000,3,0,85,87,78,73,73,29,10,11,18,79,80,70,68,62,56,76,70,61,69,57,54,55,55,65,41,45,46,48,39,33,37,39,46,22,36,21
Los Angeles Rams,Tre Hawkins III,FS,26,69,Normal,206,3,Old Dominion,"6'3""",195,2200000,0,2700000,1,0,92,94,91,63,66,30,6,6,6,70,66,43,40,37,35,55,62,73,44,35,35,34,34,47,32,43,55,73,60,67,65,67,66,72,24,22
Los Angeles Rams,CJ Daniels,WR,24,68,Normal,431,0,Miami,"6'2""",200,4370000,240000,940000,4,0,87,90,83,61,71,38,36,33,25,82,79,70,68,69,71,74,74,79,51,49,30,34,25,40,24,25,40,44,36,40,37,30,36,29,28,26
Los Angeles Rams,Will Levis,QB,27,68,Normal,643,3,Kentucky,"6'4""",229,3830000,0,1140000,1,0,80,85,83,69,58,94,81,79,77,47,16,14,16,13,11,62,72,66,68,20,12,13,10,26,10,10,18,22,25,20,12,10,15,10,27,16
Los Angeles Rams,Monty Rice,MIKE,27,67,Normal,260,5,Georgia,"6'0""",233,1080000,0,1080000,1,0,85,89,75,72,65,20,6,6,6,48,34,25,20,10,6,55,33,35,37,45,45,45,45,81,44,42,65,81,82,87,66,55,65,54,14,15
Los Angeles Rams,De'Antre Prince,CB,25,67,Normal,476,2,Ole Miss,"6'0""",183,0,0,0,0,0,93,93,85,53,59,27,10,8,6,72,61,29,42,40,31,57,59,72,32,30,25,31,23,42,22,29,40,72,63,67,61,64,67,71,21,13
Los Angeles Rams,Desjuan Johnson,REDG,26,66,Normal,317,3,Toledo,"6'2""",278,3830000,50000,1150000,1,0,72,80,62,79,69,10,6,7,6,46,41,15,18,8,6,46,13,43,34,45,45,40,40,84,74,70,72,79,74,80,68,22,29,25,11,8
Los Angeles Rams,Cory Trice Jr,FS,26,66,Normal,164,3,Purdue,"6'3""",206,1900000,0,2400000,1,0,90,91,92,67,57,25,12,11,10,72,71,48,34,33,31,64,60,70,55,35,35,35,35,58,42,38,57,73,70,81,59,60,68,78,15,13
Los Angeles Rams,Jacob Saylors,HB,26,66,Normal,320,1,East Tennessee State,"5'11""",195,0,0,0,0,0,88,90,77,73,73,36,18,15,10,67,50,47,61,53,44,87,78,79,75,39,28,49,30,34,10,20,33,36,34,25,20,22,25,20,15,10
Los Angeles Rams,Wesley Bailey,WILL,25,65,Normal,247,0,Louisville,"6'5""",265,3070000,50000,900000,3,0,83,87,83,77,55,25,6,6,6,60,27,18,15,5,5,52,17,29,25,45,45,45,45,72,64,55,67,79,81,80,51,61,65,48,19,14
Los Angeles Rams,Corey Thornton,CB,25,65,Normal,403,1,Louisville,"6'1""",193,0,0,0,0,0,85,91,77,55,65,27,6,6,6,67,67,24,22,17,11,56,52,72,29,35,35,30,30,41,29,34,42,70,56,57,63,69,72,65,14,15
Los Angeles Rams,Nate Valcarcel,SS,24,64,Normal,242,1,Northern Illinois,"6'0""",194,1930000,0,880000,2,0,88,92,87,58,60,24,6,6,6,65,57,23,26,21,16,62,53,63,50,35,35,35,35,59,33,33,50,74,64,76,59,62,66,59,18,14
Los Angeles Rams,Al'Zillion Hamilton,CB,24,64,Normal,309,0,Fresno State,"5'11""",186,3090000,20000,890000,3,0,90,90,84,48,60,25,6,6,6,68,70,39,21,18,15,64,58,78,35,35,35,35,35,46,30,34,47,70,51,56,60,66,68,66,15,17
Los Angeles Rams,Grant Stuard,WILL,27,64,Normal,151,5,Houston,"5'11""",230,3500000,950000,1850000,2,0,84,87,68,76,67,26,6,6,6,47,25,20,15,5,5,46,10,21,35,45,45,45,45,68,42,46,60,83,78,85,59,58,55,32,26,26
Los Angeles Rams,Amari Burney,MIKE,26,64,Normal,156,3,Florida,"6'2""",228,1380000,0,1380000,1,0,89,88,83,70,58,34,32,27,23,65,58,44,47,45,36,53,45,62,48,40,40,40,40,65,64,58,61,83,78,83,59,59,61,45,15,13
Los Angeles Rams,Jared Harrison-Hunte,DT,26,64,Normal,292,1,SMU,"6'3""",290,0,0,0,0,0,77,81,59,84,61,20,6,6,6,32,23,15,15,4,2,41,16,22,33,45,45,45,45,86,66,63,71,69,77,77,59,18,25,16,17,16
Los Angeles Rams,Cam Lampkin,CB,25,64,Normal,372,2,Washington State,"5'10""",176,0,0,0,0,0,87,90,81,53,67,21,16,11,7,60,57,13,22,10,10,56,50,68,33,27,27,23,23,49,32,38,46,66,52,51,65,63,68,62,15,12
Los Angeles Rams,Nikhai Hill-Green,WILL,25,63,Normal,213,0,Alabama,"6'2""",235,3090000,10000,880000,3,0,84,88,81,71,54,24,6,6,6,64,50,15,15,5,5,50,37,65,41,45,45,45,45,70,52,47,61,81,73,82,56,68,73,49,26,19
Los Angeles Rams,Austin Keys,WILL,24,63,Normal,260,1,Auburn,"6'2""",247,0,0,0,0,0,85,86,70,71,62,21,6,6,6,35,46,20,22,19,16,58,42,49,45,45,45,45,45,71,56,57,62,80,80,79,58,56,62,44,21,17
Los Angeles Rams,John Humphrey,CB,24,63,Normal,347,1,USC,"6'2""",193,0,0,0,0,0,88,92,73,57,55,26,6,6,6,65,60,22,21,15,12,53,48,72,28,35,35,30,30,43,26,34,43,72,57,59,51,66,67,68,16,15
Los Angeles Rams,Clay Webb,LG,26,63,Normal,242,1,Jacksonville State,"6'4""",290,0,0,0,0,0,69,78,51,87,61,13,6,6,6,21,15,15,13,5,5,24,9,10,21,70,69,69,68,80,16,10,23,22,21,24,13,11,12,10,15,13
Los Angeles Rams,Jacobian Guillory,DT,25,62,Normal,251,0,LSU,"6'2""",318,0,0,0,0,0,60,62,54,82,62,15,6,6,6,22,13,12,15,5,3,34,14,16,35,45,45,45,45,82,66,58,72,74,80,77,61,13,15,14,15,15
Los Angeles Rams,Drey Norwood,CB,23,62,Normal,326,0,Missouri,"6'0""",187,0,0,0,0,0,89,90,80,63,61,24,6,6,6,64,65,32,22,19,15,59,52,69,32,35,35,35,35,43,35,38,46,69,59,57,55,64,65,67,14,12
Los Angeles Rams,Ethan Driskell,LT,26,62,Normal,323,2,Marshall,"6'8""",313,0,0,0,0,0,64,58,69,87,56,15,20,15,10,28,24,17,15,10,5,26,34,33,25,71,72,67,68,79,10,10,37,31,34,25,22,11,10,12,29,25
Los Angeles Rams,Jay Higgins IV,MIKE,24,61,Normal,227,1,Iowa,"6'0""",230,0,0,0,0,0,78,84,83,68,62,23,6,6,6,53,51,26,28,25,22,56,31,51,42,45,45,45,45,73,53,51,63,78,79,80,60,53,61,42,23,19
Los Angeles Rams,Joe Cardona,LS,34,58,Normal,55,11,Navy,"6'3""",245,2700000,750000,1650000,2,0,74,72,68,80,48,35,10,10,10,56,45,42,35,30,25,70,15,25,29,45,40,57,50,69,10,10,40,35,44,61,24,15,25,25,11,14
Seattle Seahawks,Jaxon Smith-Njigba,WR,24,99,X-Factor,2216,3,Ohio State,"6'1""",200,123510000,69520000,10370000,6,0,93,95,96,63,98,29,15,10,6,97,98,98,97,99,97,72,81,86,45,50,27,31,24,48,10,10,25,27,24,20,17,16,14,10,16,11
Seattle Seahawks,Leonard Williams,DT,21,91,Superstar,1046,11,USC,"6'5""",310,18300000,46120000,29630000,1,0,77,75,71,90,97,35,6,6,6,42,25,15,15,8,4,58,15,44,49,45,45,45,45,90,87,84,91,89,91,86,95,25,33,20,18,17
Seattle Seahawks,Devon Witherspoon,CB,25,91,Superstar,1381,3,Illinois,"6'0""",180,24990000,28010000,10130000,2,0,93,93,91,60,90,35,15,10,6,75,67,22,25,15,12,59,62,75,25,34,34,28,22,49,32,46,56,87,77,83,92,88,86,82,20,17
Seattle Seahawks,Michael Dickson,P,30,88,Star,478,8,Texas,"6'2""",208,14150000,6300000,3700000,4,0,77,75,65,47,76,36,29,24,18,26,15,15,15,15,15,38,12,24,12,16,16,17,17,16,10,10,28,38,30,17,17,11,16,10,96,97
Seattle Seahawks,DeMarcus Lawrence,LEDG,21,87,Superstar,1267,12,Boise State,"6'3""",254,23450000,9440000,11780000,2,0,84,82,77,87,92,25,6,6,6,33,25,20,15,8,4,42,33,42,45,45,45,45,45,88,78,83,88,88,86,84,94,39,50,44,19,19
Seattle Seahawks,Sam Darnold,QB,29,87,Star,2351,8,USC,"6'3""",225,3210000,0,1070000,1,0,82,81,80,60,82,91,92,91,96,37,44,12,14,13,11,57,58,66,44,25,15,19,14,22,10,10,31,39,36,28,20,24,35,20,18,14
Seattle Seahawks,Byron Murphy II,DT,23,87,Star,913,2,Texas,"6'1""",308,4190000,11870000,4380000,2,0,77,81,68,91,89,25,6,6,6,46,25,28,29,23,20,42,38,45,53,45,45,45,45,87,87,83,84,88,89,85,90,25,34,29,20,18
Seattle Seahawks,Nick Emmanwori,SS,22,87,Superstar,1181,1,South Carolina,"6'3""",220,6510000,5050000,2620000,3,0,93,94,83,70,88,25,6,6,6,74,65,37,39,34,30,65,59,70,51,35,35,35,35,61,44,44,68,86,78,83,86,79,78,74,21,18
Seattle Seahawks,Jason Myers,K,35,85,Normal,322,11,Marist,"5'10""",190,10030000,12650000,7220000,3,0,69,71,47,43,71,45,35,30,25,30,12,12,10,10,10,34,12,14,15,20,15,20,15,15,10,10,10,28,20,12,15,10,25,10,95,95
Seattle Seahawks,Julian Love,FS,28,85,Star,573,7,Notre Dame,"5'11""",195,21300000,19410000,12870000,2,0,89,87,88,62,89,29,6,6,6,77,63,37,38,30,22,65,60,77,32,35,35,35,35,48,29,33,56,84,75,71,89,75,83,73,19,14
Seattle Seahawks,Ernest Jones IV,MIKE,26,84,Star,627,5,South Carolina,"6'2""",230,19700000,9900000,11480000,2,0,87,87,73,74,85,22,6,6,6,73,53,38,38,32,27,62,35,60,46,49,47,46,46,91,65,45,80,91,92,87,86,63,67,45,16,13
Seattle Seahawks,Charles Cross,LT,25,84,Star,871,4,Mississippi State,"6'5""",317,67110000,51470000,10880000,5,0,73,74,56,84,88,23,6,6,6,20,15,12,15,10,5,25,18,10,15,81,77,87,87,82,10,10,22,28,25,30,21,10,10,10,19,14
Seattle Seahawks,Cooper Kupp,WR,33,83,Star,458,9,Eastern Washington,"6'2""",208,30470000,14470000,17470000,2,0,87,90,90,66,85,60,42,36,31,92,86,85,84,85,81,76,80,88,55,63,32,46,39,56,10,10,28,31,31,26,22,15,26,10,22,20
Seattle Seahawks,Abraham Lucas,RT,27,83,Star,560,4,Washington State,"6'6""",322,35830000,14840000,10410000,3,0,74,80,75,87,88,11,5,5,5,38,36,31,34,27,22,44,27,23,32,86,83,84,82,82,22,19,30,31,32,26,32,10,10,10,16,14
Seattle Seahawks,Zach Charbonnet,HB,25,83,Star,817,3,UCLA,"6'1""",220,4860000,2000000,2180000,1,0,88,89,82,79,85,23,18,14,10,73,52,51,63,56,47,97,86,83,92,48,32,55,40,43,31,38,41,50,50,49,45,25,31,28,18,16
Seattle Seahawks,Kenny Moore II,CB,31,83,Normal,517,9,Valdosta State,"5'9""",190,6110000,1000000,7110000,1,0,90,90,87,61,86,17,6,6,6,78,78,40,38,28,21,53,51,75,53,25,35,25,35,61,43,56,57,79,72,64,86,81,83,76,21,24
Seattle Seahawks,Jadarian Price,HB,22,81,Superstar,853,0,Notre Dame,"5'11""",209,5880000,8640000,3040000,4,0,91,92,88,72,81,35,24,19,17,66,48,42,55,48,40,89,79,85,70,41,28,52,27,44,18,12,26,26,22,26,28,21,23,20,24,25
Seattle Seahawks,Rashid Shaheed,WR,21,80,Star,748,4,Weber State,"6'0""",180,28690000,22280000,6990000,3,0,95,95,90,61,76,28,22,15,10,87,80,74,75,79,85,70,78,87,42,36,14,33,16,31,15,14,23,32,25,19,17,25,30,15,19,17
Seattle Seahawks,Marshon Lattimore,CB,30,79,Normal,439,9,Ohio State,"6'0""",192,4860000,1040000,5900000,1,0,90,92,89,72,77,22,6,6,6,75,72,20,34,24,17,61,67,79,23,35,35,35,35,55,32,43,52,72,73,69,78,76,77,85,30,25
Seattle Seahawks,Jarran Reed,DT,33,78,Normal,328,10,Alabama,"6'3""",315,15970000,5910000,7380000,2,0,71,66,61,89,87,23,6,6,6,30,16,15,13,5,3,33,10,16,29,45,46,44,44,86,66,77,78,81,88,78,84,18,26,13,17,17
Seattle Seahawks,Derick Hall,REDG,25,78,Normal,568,3,Auburn,"6'3""",260,26160000,18570000,6240000,4,0,87,92,76,76,78,30,26,21,15,52,47,44,42,37,35,49,34,48,44,45,45,40,40,81,82,72,76,83,81,80,74,47,56,42,14,12
Seattle Seahawks,Tory Horton,WR,23,77,Normal,810,1,Colorado State,"6'3""",196,4050000,360000,1090000,3,0,94,94,87,68,74,31,27,19,12,87,81,77,81,81,76,71,74,76,56,50,21,28,21,48,26,27,31,33,39,31,32,50,37,24,24,23
Seattle Seahawks,Josh Jobe,CB,28,77,Normal,438,4,Alabama,"5'11""",190,15470000,8490000,4800000,3,0,89,89,80,63,83,29,6,6,6,58,57,25,21,14,11,58,49,71,33,35,35,31,31,53,29,37,50,74,73,66,82,76,79,75,21,14
Seattle Seahawks,Dante Fowler Jr,LEDG,32,76,Normal,497,11,Florida,"6'3""",261,1320000,1180000,2500000,1,0,81,84,80,73,84,25,6,6,6,51,44,28,15,8,4,55,35,45,55,45,45,45,45,84,69,78,70,84,79,83,78,41,45,42,21,22
Seattle Seahawks,Grey Zabel,LG,24,76,Star,403,2,North Dakota State,"6'6""",312,4190000,14260000,4190000,3,0,74,79,62,88,78,17,6,6,6,24,15,14,12,5,5,25,9,10,21,77,75,79,75,84,19,17,25,27,30,26,20,10,10,10,17,14
Seattle Seahawks,Uchenna Nwosu,REDG,29,76,Normal,367,8,USC,"6'2""",265,16700000,33660000,20010000,1,0,82,85,81,73,81,18,6,6,6,63,43,35,15,5,5,47,30,52,33,45,45,45,45,75,72,78,79,83,80,83,79,47,60,37,17,13
Seattle Seahawks,Jalen Milroe,QB,23,76,Superstar,1538,1,Alabama,"6'2""",216,4190000,2040000,1410000,3,0,93,93,89,69,53,92,89,87,76,40,18,28,19,19,23,56,75,78,52,30,33,23,32,26,38,38,37,28,42,40,26,20,18,19,28,21
Seattle Seahawks,Bud Clark,FS,24,76,Star,571,0,TCU,"6'1""",188,5670000,2160000,1420000,4,0,91,91,86,65,76,40,43,40,37,64,63,38,42,39,32,55,59,71,52,35,35,35,35,61,39,49,53,80,69,73,72,70,74,67,21,22
Seattle Seahawks,A.J. Barner,TE,24,75,Normal,522,2,Michigan,"6'6""",251,4010000,730000,1250000,2,0,78,85,83,78,77,23,20,15,10,87,82,69,69,63,62,73,62,63,67,62,63,60,60,63,10,10,34,36,34,40,16,12,14,12,18,12
Seattle Seahawks,Ty Okada,FS,27,75,Normal,460,3,Montana State,"5'11""",200,1140000,0,1140000,1,0,90,91,88,62,75,52,51,46,40,64,66,29,35,28,26,67,64,73,49,35,35,35,35,51,32,38,49,72,66,79,72,70,75,61,26,22
Seattle Seahawks,Marcus Williams,FS,29,75,Normal,319,9,Utah,"6'1""",207,2380000,0,2380000,1,0,87,88,84,70,74,25,6,6,6,80,74,18,24,14,10,75,49,76,42,35,35,35,35,57,33,41,59,81,74,79,72,68,74,70,20,20
Seattle Seahawks,Julian Neal,CB,23,74,Normal,609,0,Arkansas,"6'2""",203,5340000,1320000,1210000,4,0,89,90,84,64,73,29,6,6,6,67,64,41,42,39,35,61,57,67,35,35,35,35,35,46,34,38,50,76,64,63,76,74,78,76,16,14
Seattle Seahawks,Tyrice Knight,MIKE,25,73,Normal,395,2,UTEP,"6'1""",233,4010000,770000,1260000,2,0,85,90,75,71,73,23,13,13,10,62,52,41,31,24,25,61,43,55,44,27,25,26,25,74,69,63,74,85,84,85,72,63,67,49,24,25
Seattle Seahawks,Robbie Ouzts,FB,23,73,Normal,356,1,Alabama,"6'4""",274,4090000,320000,1080000,3,0,75,74,72,82,69,23,27,8,27,75,69,57,65,58,51,70,56,56,69,62,60,57,56,73,37,30,37,40,44,40,30,18,25,16,28,24
Seattle Seahawks,Elijah Arroyo,TE,23,72,Normal,348,1,Miami,"6'5""",254,5760000,3040000,2000000,3,0,87,89,80,77,69,50,59,49,38,83,76,66,68,66,64,72,66,69,64,58,57,59,59,63,29,29,32,30,30,33,37,46,40,23,35,18
Seattle Seahawks,Beau Stephens,RG,23,72,Star,475,0,Iowa,"6'6""",315,4370000,520000,1010000,4,0,61,68,64,87,73,15,6,6,6,28,22,11,17,5,5,24,10,10,22,76,73,80,78,82,31,32,28,35,32,29,27,17,16,10,28,23
Seattle Seahawks,Anthony Bradford,RG,25,72,Normal,245,3,LSU,"6'5""",335,6360000,800000,3870000,1,0,70,84,56,92,74,12,10,7,6,24,14,11,11,9,7,31,9,10,14,77,79,69,72,86,10,10,25,22,30,20,21,11,12,10,15,16
Seattle Seahawks,Christian Haynes,LG,26,71,Normal,281,2,Connecticut,"6'3""",317,4740000,1040000,1580000,2,0,71,75,68,87,76,23,21,15,13,29,32,21,19,11,10,33,32,27,35,72,71,73,75,83,10,10,20,29,33,38,23,12,15,10,15,15
Seattle Seahawks,Noah Igbinoghene,CB,26,71,Normal,368,6,Auburn,"5'11""",197,1210000,550000,1760000,1,0,90,91,87,61,68,28,6,6,6,64,67,44,58,53,47,65,58,78,33,35,35,35,35,48,28,37,49,73,56,57,67,71,69,75,18,14
Seattle Seahawks,Josh Jones,LT,29,71,Normal,294,6,Houston,"6'7""",339,2240000,1710000,3950000,1,0,66,66,59,85,72,30,6,6,6,36,15,15,15,5,5,40,6,10,20,75,76,79,78,85,10,10,20,28,35,20,15,12,15,10,25,25
Seattle Seahawks,Jalen Sundell,C,26,69,Normal,307,2,North Dakota State,"6'5""",301,2720000,0,1070000,1,0,66,61,65,84,75,23,6,6,6,26,23,18,14,12,6,29,16,10,25,73,70,76,73,80,15,15,36,32,33,36,10,12,12,10,11,11
Seattle Seahawks,Nehemiah Pritchett,CB,25,69,Normal,398,2,Auburn,"6'0""",190,4010000,370000,1160000,2,0,94,92,85,50,64,24,12,8,6,62,58,42,35,30,25,55,66,71,23,35,25,30,22,42,23,32,44,69,53,55,62,66,73,74,22,18
Seattle Seahawks,Rodney Thomas II,SS,28,69,Normal,233,4,Yale,"6'1""",196,1210000,180000,1390000,1,0,88,91,82,61,70,24,22,15,13,73,63,23,30,26,20,57,47,65,40,35,35,35,35,52,36,44,56,76,60,67,68,65,71,66,13,14
Seattle Seahawks,Chris Paul Jr,WILL,23,68,Normal,339,1,Ole Miss,"6'1""",235,880000,0,880000,1,0,85,91,82,68,69,23,6,6,6,53,45,23,25,22,19,62,39,48,43,45,45,45,45,71,57,63,67,81,79,79,66,59,67,47,21,18
Seattle Seahawks,Bryce Cabeldue,LG,24,67,Normal,263,1,Kansas,"6'5""",308,4190000,210000,1050000,3,0,74,77,61,90,67,19,6,6,6,30,16,13,12,5,5,41,5,10,18,70,71,69,71,80,31,29,34,27,41,44,20,11,11,10,13,13
Seattle Seahawks,Emmanuel Henderson Jr.,WR,22,67,Normal,406,0,Kansas,"6'1""",185,4370000,240000,940000,4,0,91,92,85,63,58,36,25,20,18,77,77,70,68,69,69,70,75,79,52,50,29,30,26,42,21,23,36,38,35,41,32,28,34,34,30,29
Seattle Seahawks,Elijah Simmons,DT,25,67,Normal,378,1,Tennessee,"6'1""",334,0,0,0,0,0,63,69,67,89,63,20,6,6,6,38,18,15,16,7,5,36,16,18,30,45,45,45,45,88,72,63,73,75,80,79,61,20,25,15,16,12
Seattle Seahawks,Olusegun Oluwatimi,C,27,66,Normal,202,3,Michigan,"6'3""",308,3830000,290000,1210000,1,0,60,71,60,84,65,27,6,6,6,27,26,12,10,8,5,25,5,10,15,72,75,71,74,84,31,21,21,26,28,39,26,12,10,10,21,20
Seattle Seahawks,Isaac Ukwu,LEDG,27,66,Normal,460,2,Ole Miss,"6'3""",265,0,0,0,0,0,76,85,72,83,58,20,13,9,6,33,25,15,10,8,6,35,21,35,31,45,45,45,45,82,72,67,71,78,78,79,53,24,32,29,28,22
Seattle Seahawks,Jason Taylor II,SS,26,65,Normal,157,3,Oklahoma State,"6'0""",208,1300000,500000,1800000,1,0,89,94,78,57,61,36,25,18,12,72,68,45,49,44,41,65,65,75,38,35,35,35,35,47,36,43,51,67,69,72,57,65,68,65,18,14
Seattle Seahawks,Payton Zdroik,DT,24,65,Normal,322,0,Air Force,"6'0""",275,0,0,0,0,0,72,74,71,85,59,13,6,6,6,30,28,12,13,7,4,32,14,26,44,45,45,45,45,81,71,64,74,74,77,76,56,12,14,13,13,14
Seattle Seahawks,Connor O'Toole,REDG,24,64,Normal,303,1,Utah,"6'3""",248,2960000,30000,1010000,2,0,84,87,82,81,48,22,6,6,6,34,42,14,18,7,5,69,35,40,36,45,45,45,45,73,65,66,66,77,78,77,51,43,49,35,16,13
Seattle Seahawks,Chazz Surratt,SAM,29,64,Normal,148,5,North Carolina,"6'2""",233,1210000,150000,1360000,1,0,85,86,81,75,64,67,63,59,52,58,35,20,15,5,5,66,41,62,44,45,45,45,45,67,52,57,61,83,74,84,60,54,63,40,21,20
Seattle Seahawks,Nelson Ceaser,LEDG,25,64,Normal,398,2,Houston,"6'3""",254,0,0,0,0,0,76,74,74,76,63,33,15,10,5,52,42,23,15,5,5,52,31,38,27,25,27,35,48,82,66,69,71,79,74,80,71,38,44,48,25,24
Seattle Seahawks,Darryl Peterson III,REDG,22,64,Normal,409,0,Wisconsin,"6'1""",260,0,0,0,0,0,77,85,72,72,60,19,6,6,6,45,42,12,10,10,10,44,13,31,26,45,45,45,45,82,69,68,71,79,77,78,58,42,49,42,17,21
Seattle Seahawks,Logan Brown,RT,25,63,Normal,202,1,Kansas,"6'6""",311,880000,0,880000,1,0,66,75,60,86,61,17,6,6,6,22,14,13,12,5,5,25,9,10,25,70,69,68,69,80,20,14,31,29,32,32,16,11,12,10,15,13
Seattle Seahawks,Eugene Asante,MIKE,26,63,Normal,255,1,Auburn,"6'1""",219,0,0,0,0,0,90,91,79,69,61,21,6,6,6,53,49,23,24,18,16,62,39,55,43,45,45,45,45,74,56,61,65,79,79,78,59,55,61,47,21,18
Seattle Seahawks,Justin Pickett,RG,23,63,Normal,249,0,Duke,"6'7""",317,0,0,0,0,0,72,78,65,86,60,21,6,6,6,22,15,15,15,5,5,40,12,10,30,69,70,71,71,74,41,28,29,35,44,35,21,8,9,10,15,11
Seattle Seahawks,Boog Smith,MIKE,24,63,Normal,260,1,South Carolina State,"6'2""",230,0,0,0,0,0,83,87,72,75,61,22,6,6,6,54,47,14,23,20,17,60,30,50,37,45,45,45,45,75,51,54,68,79,79,79,59,56,62,46,21,20
Seattle Seahawks,TeRah Edwards,DT,25,62,Normal,251,1,Illinois,"6'2""",305,0,0,0,0,0,65,70,61,87,58,20,6,6,6,36,19,15,15,7,5,37,15,19,32,45,45,45,45,84,69,61,72,68,76,79,56,17,23,16,18,12
Seattle Seahawks,Mello Dotson,CB,24,62,Normal,321,1,Kansas,"6'1""",183,0,0,0,0,0,87,90,87,54,55,25,6,6,6,67,64,26,30,22,20,60,50,71,30,35,35,30,30,40,30,32,42,71,56,60,53,66,68,71,12,12
Seattle Seahawks,Ron Stone Jr,REDG,26,62,Normal,335,2,Washington State,"6'3""",247,0,0,0,0,0,83,87,75,71,61,25,6,6,6,40,38,18,17,9,5,40,28,48,48,45,45,45,45,71,65,62,72,72,73,74,64,38,45,41,19,14
Seattle Seahawks,Princeton Fant,TE,27,61,Normal,144,3,Tennessee,"6'2""",235,1430000,0,1430000,1,0,87,86,84,72,51,30,19,17,14,74,75,61,62,57,52,72,64,68,67,56,53,56,56,64,10,10,30,31,35,15,20,15,20,15,15,14
Seattle Seahawks,Quentin Skinner,WR,24,61,Normal,303,1,Kansas,"6'4""",195,0,0,0,0,0,89,86,85,63,63,31,15,10,10,80,76,63,67,66,64,67,67,70,31,51,25,25,24,49,30,25,35,38,38,34,24,28,31,24,30,26
Seattle Seahawks,Chris Stoll,LS,28,60,Normal,66,3,Penn State,"6'2""",255,2400000,500000,1390000,2,0,75,74,61,65,49,33,16,9,6,46,42,32,40,38,34,61,15,34,42,54,49,52,50,67,10,10,43,39,48,60,32,15,14,14,13,12
Arizona Cardinals,Trey McBride,TE,26,99,X-Factor,1849,4,Colorado State,"6'4""",246,53630000,28120000,8690000,4,0,88,90,84,76,99,33,15,10,6,99,92,85,88,83,78,75,80,78,71,64,60,62,61,67,25,29,45,41,38,32,32,15,20,10,22,20
Arizona Cardinals,Budda Baker,SS,21,92,X-Factor,1312,9,Washington,"5'10""",195,51680000,20790000,19210000,2,0,90,90,89,72,92,25,15,10,10,75,75,47,51,41,36,72,57,81,36,35,35,35,35,68,46,53,64,92,82,92,91,82,84,77,20,20
Arizona Cardinals,Bobby Wagner,MIKE,36,89,Normal,532,14,Utah State,"6'0""",242,6170000,0,6170000,1,0,83,83,76,78,98,25,6,6,6,75,48,12,15,5,5,61,23,42,41,45,45,45,45,91,69,65,82,94,95,90,97,57,65,42,20,20
Arizona Cardinals,Josh Sweat,REDG,21,86,Superstar,1183,8,Florida State,"6'5""",265,46280000,30100000,16380000,3,0,85,89,82,81,90,20,6,6,6,50,30,16,15,8,4,47,25,35,27,45,45,45,45,89,83,85,83,87,89,82,88,37,49,28,19,12
Arizona Cardinals,Paris Johnson Jr,LT,25,86,Star,998,3,Ohio State,"6'6""",325,23530000,24210000,8920000,2,0,73,80,75,89,86,22,6,6,6,32,23,13,21,12,10,35,15,10,25,83,80,89,89,89,44,40,46,35,40,41,35,10,12,10,30,26
Arizona Cardinals,Joey Bosa,REDG,31,85,Superstar,1177,10,Ohio State,"6'5""",280,20200000,1000000,3750000,2,0,80,82,83,87,92,28,6,6,6,47,29,17,13,6,3,43,22,33,36,45,44,45,45,93,83,86,86,88,82,82,92,26,37,22,26,19
Arizona Cardinals,Jeremiyah Love,HB,21,83,Superstar,778,0,Notre Dame,"6'0""",212,4370000,48630000,9630000,4,0,94,94,92,76,71,31,21,17,15,70,53,60,65,61,53,95,83,84,84,38,28,49,27,38,28,25,35,42,38,38,38,33,41,38,23,22
Arizona Cardinals,Hjalte Froholdt,C,30,83,Star,550,7,Arkansas,"6'5""",310,9270000,5990000,6950000,1,0,72,67,66,91,85,10,6,6,6,42,30,22,21,16,12,30,14,19,28,85,87,84,85,82,28,21,42,39,44,30,45,11,12,10,30,20
Arizona Cardinals,Isaac Seumalo,LG,32,81,Star,452,10,Oregon State,"6'4""",303,21170000,10230000,6850000,3,0,68,71,66,84,87,24,6,6,6,20,12,12,10,5,5,29,8,10,20,81,83,83,86,87,40,30,35,31,33,48,30,15,20,10,22,21
Arizona Cardinals,Tyler Allgeier,HB,26,81,Normal,525,4,BYU,"5'11""",220,6550000,5700000,4350000,2,0,85,88,82,80,82,30,20,15,10,67,43,42,54,47,38,99,90,80,86,41,27,65,35,45,21,17,34,44,40,43,26,17,25,19,18,13
Arizona Cardinals,Michael Wilson,WR,26,81,Star,794,3,Stanford,"6'2""",213,39390000,22220000,4140000,6,0,89,90,89,72,83,33,25,20,15,90,89,80,80,80,76,72,77,76,64,53,36,32,25,52,10,10,33,39,42,37,15,10,15,17,25,24
Arizona Cardinals,James Conner,HB,31,80,Normal,354,9,Pittsburgh,"6'1""",233,2350000,2470000,4820000,1,0,88,86,80,83,78,23,18,14,10,68,69,65,67,59,53,89,88,84,90,53,40,65,45,49,30,49,28,35,33,37,17,10,15,15,18,16
Arizona Cardinals,Marvin Harrison Jr,WR,24,80,Star,681,2,Ohio State,"6'3""",220,4010000,31340000,9640000,2,0,91,93,91,57,82,27,15,10,6,85,88,79,82,84,79,75,74,80,40,45,20,22,18,38,12,18,15,24,24,19,28,17,25,19,25,15
Arizona Cardinals,Mack Wilson Sr,MIKE,28,80,Normal,483,7,Alabama,"6'1""",240,8330000,4230000,4720000,1,0,86,86,79,79,88,52,48,38,30,71,65,17,21,11,6,59,33,54,36,45,45,45,45,85,67,73,74,86,83,85,86,66,69,52,15,14
Arizona Cardinals,Walter Nolen III,DT,22,79,Superstar,686,1,Ole Miss,"6'4""",300,4190000,15150000,4390000,3,0,81,88,81,87,76,22,15,10,7,41,33,14,20,16,12,43,27,32,31,45,45,45,45,82,78,69,82,80,84,80,75,18,22,21,23,18
Arizona Cardinals,Will Johnson,CB,23,79,Superstar,1014,1,Michigan,"6'2""",200,5910000,3480000,2130000,3,0,91,92,86,62,85,14,6,6,6,77,73,46,41,38,41,69,59,76,41,25,25,25,25,52,34,42,49,75,62,71,83,75,79,76,27,21
Arizona Cardinals,Frankie Luvu,WILL,29,79,Normal,483,8,Washington State,"6'3""",235,3110000,0,3110000,1,0,85,86,80,83,85,34,6,6,6,55,49,20,15,5,5,48,25,52,55,45,45,45,45,85,67,76,75,85,82,86,86,57,65,55,16,12
Arizona Cardinals,Matt Prater,K,42,79,Normal,250,19,UCF,"5'10""",201,2270000,0,2270000,1,0,69,68,45,43,65,42,38,32,26,35,12,12,10,10,10,40,5,10,10,20,15,20,15,15,10,10,10,25,20,12,15,10,25,10,96,86
Arizona Cardinals,Sean Murphy-Bunting,CB,29,78,Normal,457,7,Central Michigan,"6'0""",195,2390000,2100000,4490000,1,0,90,91,87,59,82,29,6,6,6,76,72,40,42,34,28,63,62,74,37,25,35,25,35,57,28,37,59,75,50,62,81,78,76,75,26,26
Arizona Cardinals,Garrett Williams,CB,25,78,Normal,592,3,Syracuse,"5'10""",192,6580000,1090000,3940000,1,0,88,90,90,63,80,51,52,48,44,72,66,20,24,14,11,55,67,73,35,25,33,25,33,46,27,36,57,77,64,72,81,76,81,81,18,17
Arizona Cardinals,Christian Kirk,WR,29,78,Normal,508,8,Texas A&M,"5'11""",200,8400000,2250000,3060000,2,0,90,92,87,65,79,47,39,30,34,89,86,77,80,78,77,73,72,88,46,44,32,34,30,43,10,10,23,33,30,24,20,15,19,17,18,14
Arizona Cardinals,Kendrick Bourne,WR,31,77,Normal,361,9,Eastern Washington,"6'1""",203,4380000,5590000,4780000,2,0,87,90,87,65,84,44,34,31,27,83,84,80,79,78,77,74,76,82,42,56,20,48,21,42,11,11,22,32,27,15,21,16,24,16,23,22
Arizona Cardinals,Chase Bisontis,RG,22,77,Star,517,0,Texas A&M,"6'5""",330,7140000,6080000,2400000,4,0,72,74,66,89,76,14,6,6,6,29,24,11,16,5,5,27,10,10,23,78,75,80,76,83,10,10,18,28,34,23,23,10,12,10,25,27
Arizona Cardinals,Andrew Wingard,FS,29,77,Normal,363,7,Wyoming,"6'0""",209,1840000,1140000,2980000,1,0,88,89,85,55,80,35,15,10,10,71,61,15,35,25,10,74,54,71,74,35,45,40,35,60,57,45,53,80,69,84,80,65,78,63,15,19
Arizona Cardinals,Zaven Collins,LEDG,27,77,Star,590,5,Tulsa,"6'4""",270,10790000,7880000,6040000,1,0,88,87,81,76,74,40,40,34,31,73,63,12,20,10,5,56,31,34,52,45,45,45,45,82,76,68,81,89,86,87,72,65,72,46,19,17
Arizona Cardinals,Rayshawn Jenkins,FS,32,77,Normal,280,9,Miami,"6'1""",220,2640000,1100000,3740000,1,0,88,86,80,72,77,30,18,15,10,78,66,22,28,18,13,65,46,71,43,35,35,35,35,61,49,37,69,83,76,90,74,73,76,62,20,15
Arizona Cardinals,Taylor Rapp,SS,28,77,Normal,388,7,Washington,"6'0""",208,2840000,0,2840000,1,0,86,87,86,63,79,36,25,18,12,77,66,22,29,22,17,61,46,67,33,35,35,35,35,48,41,49,61,84,77,85,75,65,75,69,18,14
Arizona Cardinals,Max Melton,CB,24,76,Star,654,2,Rutgers,"5'11""",187,5580000,3280000,2420000,2,0,93,94,85,60,74,21,22,21,15,77,67,35,25,15,10,55,65,74,30,35,21,25,16,52,33,37,45,76,53,73,72,75,77,74,15,12
Arizona Cardinals,Chad Ryland,K,26,76,Normal,258,3,Maryland,"6'0""",195,1420000,420000,1840000,1,0,73,74,60,40,62,34,35,30,25,35,12,12,10,10,10,32,9,10,10,12,12,10,10,15,10,10,13,30,24,15,10,12,12,10,94,85
Arizona Cardinals,Blake Gillikin,P,28,74,Normal,198,6,Penn State,"6'2""",196,1250000,470000,1720000,1,0,72,75,63,49,57,40,26,22,16,35,15,15,15,15,15,30,10,16,12,7,10,9,10,10,10,10,23,31,28,12,26,10,25,10,96,82
Arizona Cardinals,Kaleb Proctor,DT,22,73,Star,513,0,SE Louisiana,"6'2""",291,4100000,1400000,1200000,4,0,79,82,62,83,74,23,6,6,6,23,16,15,11,10,3,46,17,21,36,45,45,45,45,85,74,73,79,79,81,77,71,14,17,12,17,17
Arizona Cardinals,Dadrion Taylor-Demerson,FS,25,73,Star,459,2,Texas Tech,"5'10""",197,4010000,850000,1280000,2,0,92,93,85,57,67,31,25,20,14,70,64,44,52,45,39,71,74,78,54,25,15,22,14,49,27,32,52,75,70,75,70,69,75,67,12,11
Arizona Cardinals,Jordan Burch,LEDG,24,73,Normal,530,1,Oregon,"6'4""",280,5120000,1330000,1460000,3,0,83,85,81,81,72,29,15,10,9,52,43,15,17,10,5,52,32,51,32,45,45,45,45,81,73,66,78,79,82,82,69,38,45,35,21,23
Arizona Cardinals,Jacoby Brissett,QB,33,73,Normal,490,10,N.C. State,"6'4""",235,1300000,16280000,10360000,1,0,81,74,77,73,65,90,88,85,84,27,20,19,18,17,15,61,70,62,63,16,10,17,14,31,9,9,21,28,39,11,21,12,18,9,21,20
Arizona Cardinals,Andrew Billings,DT,31,73,Normal,296,10,Baylor,"6'1""",311,1550000,850000,2400000,1,0,69,67,61,89,75,24,6,6,6,26,16,15,13,5,3,28,17,23,43,45,46,44,44,82,74,56,76,75,83,80,77,18,26,13,23,19
Arizona Cardinals,Baron Browning,LEDG,27,73,Normal,318,5,Ohio State,"6'3""",255,6890000,8040000,9410000,1,0,86,91,84,75,71,31,21,11,11,50,40,13,17,8,5,49,31,33,37,45,45,45,45,83,77,69,78,81,78,85,70,61,58,48,16,13
Arizona Cardinals,Jonah Williams,RT,28,73,Normal,278,7,Alabama,"6'5""",312,2270000,1000000,3270000,1,0,69,70,65,85,87,30,6,6,6,34,25,35,15,5,5,43,15,28,35,75,75,77,75,82,31,38,30,42,39,44,29,15,20,10,14,16
Arizona Cardinals,Denzel Burke,CB,23,72,Normal,561,1,Ohio State,"5'11""",190,4190000,320000,1080000,3,0,90,92,84,61,73,22,21,17,13,72,66,33,28,27,28,56,49,71,29,35,25,35,25,53,32,35,52,75,52,68,74,71,76,68,33,25
Arizona Cardinals,Elijah Wilkinson,RT,31,71,Normal,212,9,Massachusetts,"6'4""",329,3700000,2540000,2850000,2,0,69,55,60,85,79,32,6,6,6,26,20,12,10,5,5,20,10,30,33,77,75,73,71,80,30,20,33,38,37,35,24,10,12,10,25,22
Arizona Cardinals,Isaiah Adams,RG,26,71,Normal,279,2,Illinois,"6'4""",315,4780000,1170000,1620000,2,0,65,70,59,86,70,31,31,24,22,32,15,13,21,15,14,29,35,32,42,73,74,76,77,82,32,32,37,35,40,50,31,11,11,11,15,11
Arizona Cardinals,Cody Simon,WILL,24,71,Normal,340,1,Ohio State,"6'2""",230,4190000,1000000,1250000,3,0,87,93,77,73,72,23,6,6,6,64,58,31,33,28,25,61,38,56,43,45,45,45,45,71,56,58,67,81,82,80,71,57,63,46,23,21
Arizona Cardinals,Carson Beck,QB,24,71,Star,879,0,Miami,"6'5""",233,5200000,2200000,1350000,4,0,79,86,76,62,65,89,90,81,82,58,31,15,34,25,27,65,58,69,42,23,10,15,15,39,22,27,33,35,28,21,28,23,24,16,20,15
Arizona Cardinals,Reggie Virgil,WR,22,71,Normal,549,0,Texas Tech,"6'3""",187,4370000,520000,1010000,4,0,89,91,88,59,64,49,31,28,25,79,82,75,71,75,77,72,75,80,47,49,30,29,28,44,25,28,35,43,39,37,34,29,33,30,29,28
Arizona Cardinals,Gardner Minshew,QB,30,71,Normal,472,8,Washington State,"6'1""",225,2890000,2800000,5690000,1,0,80,82,77,62,69,86,87,83,79,26,15,15,15,14,12,60,57,64,34,23,22,15,18,25,10,10,24,32,31,31,16,13,12,10,20,16
Arizona Cardinals,Khristian Boyd,DT,26,70,Normal,473,2,Northern Iowa,"6'2""",320,0,0,0,0,0,63,69,55,88,67,29,6,6,6,30,12,12,15,10,6,40,10,10,28,45,45,47,45,86,69,67,76,76,82,80,68,12,20,10,26,21
Arizona Cardinals,Sam Mustipher,C,30,69,Normal,183,7,Notre Dame,"6'2""",332,2600000,0,2600000,1,0,61,55,52,83,85,30,6,6,6,25,12,12,10,5,5,40,6,10,10,71,74,72,74,79,22,20,25,33,37,43,21,12,15,10,25,25
Arizona Cardinals,Casey Kreiter,LS,36,68,Normal,108,12,Iowa,"6'1""",250,1300000,180000,1480000,1,0,71,70,67,67,61,10,10,10,10,62,45,42,50,45,40,64,15,16,22,48,40,57,50,68,24,16,45,42,49,59,13,22,19,10,11,14
Arizona Cardinals,Elijah Higgins,TE,25,68,Normal,204,3,Stanford,"6'3""",245,6360000,0,3670000,1,0,89,90,81,69,66,25,15,10,6,82,78,63,65,61,60,71,68,72,55,51,49,50,49,43,10,10,25,30,24,19,15,13,20,10,19,18
Arizona Cardinals,Owen Pappoe,MIKE,25,68,Normal,268,3,Auburn,"6'0""",230,3830000,250000,1200000,1,0,89,92,77,77,65,24,22,17,12,62,60,15,15,10,8,55,45,70,42,40,40,35,35,65,55,60,63,87,77,86,63,66,62,54,17,12
Arizona Cardinals,Hayden Conner,LG,24,67,Normal,264,1,Texas,"6'6""",315,3950000,160000,1040000,3,0,65,75,63,86,67,23,6,6,6,21,33,28,31,27,26,38,35,18,35,73,72,73,72,80,42,38,39,28,35,41,29,10,11,10,19,22
Arizona Cardinals,Nick Nash,WR,27,67,Normal,429,1,San Jose State,"6'3""",195,0,0,0,0,0,87,90,81,65,71,65,53,51,48,81,78,65,72,71,63,66,70,72,46,44,22,27,27,37,20,23,30,36,32,38,32,22,30,24,27,25
Arizona Cardinals,Tip Reiman,TE,24,66,Normal,199,2,Illinois,"6'4""",271,4740000,1010000,1570000,2,0,84,88,82,77,51,28,15,10,6,80,73,62,60,56,48,75,67,63,66,66,67,62,62,64,17,17,37,34,34,41,17,14,21,17,21,19
Arizona Cardinals,Karson Sharar,WILL,23,66,Normal,269,0,Iowa,"6'2""",231,4370000,320000,960000,4,0,87,90,84,67,65,24,6,6,6,64,33,13,33,28,23,63,58,53,59,47,65,65,43,73,53,56,66,81,78,78,64,58,62,46,16,16
Arizona Cardinals,Sanoussi Kane,SS,24,66,Normal,342,2,Purdue,"5'11""",207,0,0,0,0,0,88,91,81,58,61,31,35,23,22,57,52,12,15,11,10,56,63,67,55,35,35,33,33,64,47,42,66,81,71,81,60,64,62,66,53,47
Arizona Cardinals,Jayden Williams,LT,23,65,Normal,341,0,Ole Miss,"6'4""",307,4370000,160000,920000,4,0,72,70,63,84,67,15,6,6,6,32,25,22,25,22,18,23,17,10,27,72,69,72,70,80,28,30,32,35,29,42,17,15,15,10,10,12
Arizona Cardinals,Michael Barrett,MIKE,26,65,Normal,300,2,Michigan,"6'0""",239,0,0,0,0,0,82,86,74,63,72,24,23,18,13,62,57,30,32,25,20,56,44,63,45,42,42,35,35,65,53,65,61,80,76,87,68,61,69,53,13,12
Arizona Cardinals,Tulu Griffin,WR,25,64,Normal,372,2,Mississippi State,"5'10""",181,0,0,0,0,0,91,92,83,53,60,24,15,10,6,75,73,62,67,65,64,71,72,78,41,40,23,30,18,36,11,19,28,33,27,24,21,20,28,20,20,16
Arizona Cardinals,Nick Andersen,FS,24,63,Normal,267,0,Wake Forest,"5'11""",197,0,0,0,0,0,87,89,86,63,55,28,6,6,6,64,54,24,25,23,18,60,51,75,49,35,35,35,35,53,30,36,45,76,71,76,55,62,67,68,15,16
Arizona Cardinals,Tim Keenan III,DT,23,63,Normal,276,0,Alabama,"6'1""",327,0,0,0,0,0,62,67,61,83,60,14,6,6,6,26,24,28,14,12,3,40,15,24,42,45,45,45,45,87,71,65,75,76,76,78,58,24,15,15,15,19
Arizona Cardinals,Matt Jones,WILL,25,63,Normal,258,1,Baylor,"6'2""",246,0,0,0,0,0,83,88,85,72,55,22,6,6,6,58,51,19,25,20,15,55,44,45,44,45,45,45,45,70,52,56,63,80,79,78,53,53,61,48,21,18
Arizona Cardinals,Anthony Pittman,SAM,29,62,Normal,136,6,Wayne State,"6'3""",240,1210000,0,1210000,1,0,81,85,78,67,58,20,19,14,12,48,45,13,23,15,13,51,46,54,40,45,45,48,45,78,55,48,64,81,79,79,62,46,56,49,16,11
Arizona Cardinals,Glendon Miller,FS,24,62,Normal,247,1,Maryland,"6'2""",206,0,0,0,0,0,91,92,81,63,56,24,6,6,6,68,58,22,25,20,15,62,52,62,49,35,35,35,35,58,32,31,48,73,63,73,53,61,65,60,18,14
Arizona Cardinals,Dillon Johnson,HB,25,62,Normal,243,2,Washington,"6'0""",217,0,0,0,0,0,83,91,83,72,62,39,41,39,38,67,56,50,53,47,42,87,72,77,71,35,25,43,30,46,10,10,36,40,36,41,31,13,18,24,15,15
Arizona Cardinals,Karsen Barnhart,LG,25,62,Normal,226,2,Michigan,"6'5""",306,0,0,0,0,0,65,75,57,82,63,22,6,6,6,19,12,15,10,5,5,29,8,10,29,68,68,66,69,77,20,10,20,27,55,62,22,10,17,10,14,14
Arizona Cardinals,Gary Smith III,DT,24,62,Normal,253,0,UCLA,"6'1""",319,0,0,0,0,0,57,65,53,81,63,25,6,6,6,22,24,13,15,7,4,37,44,24,42,45,45,45,45,85,65,57,71,76,81,78,62,15,17,11,13,18
